[2.088s] DEBUG:colcon:Command line arguments: ['/usr/bin/colcon', 'build', '--packages-select', 'alicia_d_sts_gripper']
[2.088s] DEBUG:colcon:Parsed command line arguments: Namespace(log_base=None, log_level=None, verb_name='build', build_base='build', install_base='install', merge_install=False, symlink_install=False, test_result_base=None, continue_on_error=False, executor='parallel', parallel_workers=20, event_handlers=None, ignore_user_meta=False, metas=['./colcon.meta'], base_paths=['.'], packages_ignore=None, packages_ignore_regex=None, paths=None, packages_up_to=None, packages_up_to_regex=None, packages_above=None, packages_above_and_dependencies=None, packages_above_depth=None, packages_select_by_dep=None, packages_skip_by_dep=None, packages_skip_up_to=None, packages_select_build_failed=False, packages_skip_build_finished=False, packages_select_test_failures=False, packages_skip_test_passed=False, packages_select=['alicia_d_sts_gripper'], packages_skip=None, packages_select_regex=None, packages_skip_regex=None, packages_start=None, packages_end=None, allow_overriding=[], cmake_args=None, cmake_target=None, cmake_target_skip_unavailable=False, cmake_clean_cache=False, cmake_clean_first=False, cmake_force_configure=False, ament_cmake_args=None, catkin_cmake_args=None, catkin_skip_building_tests=False, verb_parser=<colcon_defaults.argument_parser.defaults.DefaultArgumentsDecorator object at 0x7ddaf9445420>, verb_extension=<colcon_core.verb.build.BuildVerb object at 0x7ddaf9444f10>, main=<bound method BuildVerb.main of <colcon_core.verb.build.BuildVerb object at 0x7ddaf9444f10>>)
[2.420s] Level 1:colcon.colcon_core.package_discovery:discover_packages(colcon_meta) check parameters
[2.421s] Level 1:colcon.colcon_core.package_discovery:discover_packages(recursive) check parameters
[2.421s] Level 1:colcon.colcon_core.package_discovery:discover_packages(ignore) check parameters
[2.421s] Level 1:colcon.colcon_core.package_discovery:discover_packages(path) check parameters
[2.421s] Level 1:colcon.colcon_core.package_discovery:discover_packages(colcon_meta) discover
[2.421s] Level 1:colcon.colcon_core.package_discovery:discover_packages(recursive) discover
[2.421s] INFO:colcon.colcon_core.package_discovery:Crawling recursively for packages in '/home/Projects/HET/alicia_ws'
[2.422s] Level 1:colcon.colcon_core.package_identification:_identify(.) by extensions ['ignore', 'ignore_ament_install']
[2.422s] Level 1:colcon.colcon_core.package_identification:_identify(.) by extension 'ignore'
[2.422s] Level 1:colcon.colcon_core.package_identification:_identify(.) by extension 'ignore_ament_install'
[2.422s] Level 1:colcon.colcon_core.package_identification:_identify(.) by extensions ['colcon_pkg']
[2.422s] Level 1:colcon.colcon_core.package_identification:_identify(.) by extension 'colcon_pkg'
[2.422s] Level 1:colcon.colcon_core.package_identification:_identify(.) by extensions ['colcon_meta']
[2.422s] Level 1:colcon.colcon_core.package_identification:_identify(.) by extension 'colcon_meta'
[2.422s] Level 1:colcon.colcon_core.package_identification:_identify(.) by extensions ['ros']
[2.422s] Level 1:colcon.colcon_core.package_identification:_identify(.) by extension 'ros'
[2.446s] Level 1:colcon.colcon_core.package_identification:_identify(.) by extensions ['cmake', 'python']
[2.446s] Level 1:colcon.colcon_core.package_identification:_identify(.) by extension 'cmake'
[2.446s] Level 1:colcon.colcon_core.package_identification:_identify(.) by extension 'python'
[2.446s] Level 1:colcon.colcon_core.package_identification:_identify(.) by extensions ['python_setup_py']
[2.446s] Level 1:colcon.colcon_core.package_identification:_identify(.) by extension 'python_setup_py'
[2.447s] Level 1:colcon.colcon_core.package_identification:_identify(build) by extensions ['ignore', 'ignore_ament_install']
[2.447s] Level 1:colcon.colcon_core.package_identification:_identify(build) by extension 'ignore'
[2.447s] Level 1:colcon.colcon_core.package_identification:_identify(build) ignored
[2.447s] Level 1:colcon.colcon_core.package_identification:_identify(experiment_logs) by extensions ['ignore', 'ignore_ament_install']
[2.448s] Level 1:colcon.colcon_core.package_identification:_identify(experiment_logs) by extension 'ignore'
[2.448s] Level 1:colcon.colcon_core.package_identification:_identify(experiment_logs) by extension 'ignore_ament_install'
[2.448s] Level 1:colcon.colcon_core.package_identification:_identify(experiment_logs) by extensions ['colcon_pkg']
[2.448s] Level 1:colcon.colcon_core.package_identification:_identify(experiment_logs) by extension 'colcon_pkg'
[2.448s] Level 1:colcon.colcon_core.package_identification:_identify(experiment_logs) by extensions ['colcon_meta']
[2.448s] Level 1:colcon.colcon_core.package_identification:_identify(experiment_logs) by extension 'colcon_meta'
[2.448s] Level 1:colcon.colcon_core.package_identification:_identify(experiment_logs) by extensions ['ros']
[2.448s] Level 1:colcon.colcon_core.package_identification:_identify(experiment_logs) by extension 'ros'
[2.448s] Level 1:colcon.colcon_core.package_identification:_identify(experiment_logs) by extensions ['cmake', 'python']
[2.448s] Level 1:colcon.colcon_core.package_identification:_identify(experiment_logs) by extension 'cmake'
[2.449s] Level 1:colcon.colcon_core.package_identification:_identify(experiment_logs) by extension 'python'
[2.449s] Level 1:colcon.colcon_core.package_identification:_identify(experiment_logs) by extensions ['python_setup_py']
[2.449s] Level 1:colcon.colcon_core.package_identification:_identify(experiment_logs) by extension 'python_setup_py'
[2.449s] Level 1:colcon.colcon_core.package_identification:_identify(experiment_logs/feedback_diagnostics) by extensions ['ignore', 'ignore_ament_install']
[2.449s] Level 1:colcon.colcon_core.package_identification:_identify(experiment_logs/feedback_diagnostics) by extension 'ignore'
[2.449s] Level 1:colcon.colcon_core.package_identification:_identify(experiment_logs/feedback_diagnostics) by extension 'ignore_ament_install'
[2.449s] Level 1:colcon.colcon_core.package_identification:_identify(experiment_logs/feedback_diagnostics) by extensions ['colcon_pkg']
[2.449s] Level 1:colcon.colcon_core.package_identification:_identify(experiment_logs/feedback_diagnostics) by extension 'colcon_pkg'
[2.450s] Level 1:colcon.colcon_core.package_identification:_identify(experiment_logs/feedback_diagnostics) by extensions ['colcon_meta']
[2.450s] Level 1:colcon.colcon_core.package_identification:_identify(experiment_logs/feedback_diagnostics) by extension 'colcon_meta'
[2.450s] Level 1:colcon.colcon_core.package_identification:_identify(experiment_logs/feedback_diagnostics) by extensions ['ros']
[2.451s] Level 1:colcon.colcon_core.package_identification:_identify(experiment_logs/feedback_diagnostics) by extension 'ros'
[2.451s] Level 1:colcon.colcon_core.package_identification:_identify(experiment_logs/feedback_diagnostics) by extensions ['cmake', 'python']
[2.451s] Level 1:colcon.colcon_core.package_identification:_identify(experiment_logs/feedback_diagnostics) by extension 'cmake'
[2.451s] Level 1:colcon.colcon_core.package_identification:_identify(experiment_logs/feedback_diagnostics) by extension 'python'
[2.451s] Level 1:colcon.colcon_core.package_identification:_identify(experiment_logs/feedback_diagnostics) by extensions ['python_setup_py']
[2.451s] Level 1:colcon.colcon_core.package_identification:_identify(experiment_logs/feedback_diagnostics) by extension 'python_setup_py'
[2.452s] Level 1:colcon.colcon_core.package_identification:_identify(experiment_logs/feedback_diagnostics/alicia_feedback_20260530_235550) by extensions ['ignore', 'ignore_ament_install']
[2.452s] Level 1:colcon.colcon_core.package_identification:_identify(experiment_logs/feedback_diagnostics/alicia_feedback_20260530_235550) by extension 'ignore'
[2.453s] Level 1:colcon.colcon_core.package_identification:_identify(experiment_logs/feedback_diagnostics/alicia_feedback_20260530_235550) by extension 'ignore_ament_install'
[2.453s] Level 1:colcon.colcon_core.package_identification:_identify(experiment_logs/feedback_diagnostics/alicia_feedback_20260530_235550) by extensions ['colcon_pkg']
[2.453s] Level 1:colcon.colcon_core.package_identification:_identify(experiment_logs/feedback_diagnostics/alicia_feedback_20260530_235550) by extension 'colcon_pkg'
[2.453s] Level 1:colcon.colcon_core.package_identification:_identify(experiment_logs/feedback_diagnostics/alicia_feedback_20260530_235550) by extensions ['colcon_meta']
[2.453s] Level 1:colcon.colcon_core.package_identification:_identify(experiment_logs/feedback_diagnostics/alicia_feedback_20260530_235550) by extension 'colcon_meta'
[2.454s] Level 1:colcon.colcon_core.package_identification:_identify(experiment_logs/feedback_diagnostics/alicia_feedback_20260530_235550) by extensions ['ros']
[2.454s] Level 1:colcon.colcon_core.package_identification:_identify(experiment_logs/feedback_diagnostics/alicia_feedback_20260530_235550) by extension 'ros'
[2.454s] Level 1:colcon.colcon_core.package_identification:_identify(experiment_logs/feedback_diagnostics/alicia_feedback_20260530_235550) by extensions ['cmake', 'python']
[2.454s] Level 1:colcon.colcon_core.package_identification:_identify(experiment_logs/feedback_diagnostics/alicia_feedback_20260530_235550) by extension 'cmake'
[2.454s] Level 1:colcon.colcon_core.package_identification:_identify(experiment_logs/feedback_diagnostics/alicia_feedback_20260530_235550) by extension 'python'
[2.455s] Level 1:colcon.colcon_core.package_identification:_identify(experiment_logs/feedback_diagnostics/alicia_feedback_20260530_235550) by extensions ['python_setup_py']
[2.455s] Level 1:colcon.colcon_core.package_identification:_identify(experiment_logs/feedback_diagnostics/alicia_feedback_20260530_235550) by extension 'python_setup_py'
[2.455s] Level 1:colcon.colcon_core.package_identification:_identify(experiment_logs/feedback_diagnostics/alicia_feedback_20260531_000949) by extensions ['ignore', 'ignore_ament_install']
[2.455s] Level 1:colcon.colcon_core.package_identification:_identify(experiment_logs/feedback_diagnostics/alicia_feedback_20260531_000949) by extension 'ignore'
[2.456s] Level 1:colcon.colcon_core.package_identification:_identify(experiment_logs/feedback_diagnostics/alicia_feedback_20260531_000949) by extension 'ignore_ament_install'
[2.456s] Level 1:colcon.colcon_core.package_identification:_identify(experiment_logs/feedback_diagnostics/alicia_feedback_20260531_000949) by extensions ['colcon_pkg']
[2.456s] Level 1:colcon.colcon_core.package_identification:_identify(experiment_logs/feedback_diagnostics/alicia_feedback_20260531_000949) by extension 'colcon_pkg'
[2.456s] Level 1:colcon.colcon_core.package_identification:_identify(experiment_logs/feedback_diagnostics/alicia_feedback_20260531_000949) by extensions ['colcon_meta']
[2.456s] Level 1:colcon.colcon_core.package_identification:_identify(experiment_logs/feedback_diagnostics/alicia_feedback_20260531_000949) by extension 'colcon_meta'
[2.456s] Level 1:colcon.colcon_core.package_identification:_identify(experiment_logs/feedback_diagnostics/alicia_feedback_20260531_000949) by extensions ['ros']
[2.456s] Level 1:colcon.colcon_core.package_identification:_identify(experiment_logs/feedback_diagnostics/alicia_feedback_20260531_000949) by extension 'ros'
[2.457s] Level 1:colcon.colcon_core.package_identification:_identify(experiment_logs/feedback_diagnostics/alicia_feedback_20260531_000949) by extensions ['cmake', 'python']
[2.457s] Level 1:colcon.colcon_core.package_identification:_identify(experiment_logs/feedback_diagnostics/alicia_feedback_20260531_000949) by extension 'cmake'
[2.457s] Level 1:colcon.colcon_core.package_identification:_identify(experiment_logs/feedback_diagnostics/alicia_feedback_20260531_000949) by extension 'python'
[2.457s] Level 1:colcon.colcon_core.package_identification:_identify(experiment_logs/feedback_diagnostics/alicia_feedback_20260531_000949) by extensions ['python_setup_py']
[2.457s] Level 1:colcon.colcon_core.package_identification:_identify(experiment_logs/feedback_diagnostics/alicia_feedback_20260531_000949) by extension 'python_setup_py'
[2.457s] Level 1:colcon.colcon_core.package_identification:_identify(experiment_logs/feedback_diagnostics/alicia_feedback_20260602_154605) by extensions ['ignore', 'ignore_ament_install']
[2.458s] Level 1:colcon.colcon_core.package_identification:_identify(experiment_logs/feedback_diagnostics/alicia_feedback_20260602_154605) by extension 'ignore'
[2.458s] Level 1:colcon.colcon_core.package_identification:_identify(experiment_logs/feedback_diagnostics/alicia_feedback_20260602_154605) by extension 'ignore_ament_install'
[2.458s] Level 1:colcon.colcon_core.package_identification:_identify(experiment_logs/feedback_diagnostics/alicia_feedback_20260602_154605) by extensions ['colcon_pkg']
[2.458s] Level 1:colcon.colcon_core.package_identification:_identify(experiment_logs/feedback_diagnostics/alicia_feedback_20260602_154605) by extension 'colcon_pkg'
[2.458s] Level 1:colcon.colcon_core.package_identification:_identify(experiment_logs/feedback_diagnostics/alicia_feedback_20260602_154605) by extensions ['colcon_meta']
[2.458s] Level 1:colcon.colcon_core.package_identification:_identify(experiment_logs/feedback_diagnostics/alicia_feedback_20260602_154605) by extension 'colcon_meta'
[2.458s] Level 1:colcon.colcon_core.package_identification:_identify(experiment_logs/feedback_diagnostics/alicia_feedback_20260602_154605) by extensions ['ros']
[2.458s] Level 1:colcon.colcon_core.package_identification:_identify(experiment_logs/feedback_diagnostics/alicia_feedback_20260602_154605) by extension 'ros'
[2.459s] Level 1:colcon.colcon_core.package_identification:_identify(experiment_logs/feedback_diagnostics/alicia_feedback_20260602_154605) by extensions ['cmake', 'python']
[2.459s] Level 1:colcon.colcon_core.package_identification:_identify(experiment_logs/feedback_diagnostics/alicia_feedback_20260602_154605) by extension 'cmake'
[2.459s] Level 1:colcon.colcon_core.package_identification:_identify(experiment_logs/feedback_diagnostics/alicia_feedback_20260602_154605) by extension 'python'
[2.459s] Level 1:colcon.colcon_core.package_identification:_identify(experiment_logs/feedback_diagnostics/alicia_feedback_20260602_154605) by extensions ['python_setup_py']
[2.459s] Level 1:colcon.colcon_core.package_identification:_identify(experiment_logs/feedback_diagnostics/alicia_feedback_20260602_154605) by extension 'python_setup_py'
[2.459s] Level 1:colcon.colcon_core.package_identification:_identify(experiment_logs/feedback_diagnostics/alicia_feedback_20260602_154702) by extensions ['ignore', 'ignore_ament_install']
[2.460s] Level 1:colcon.colcon_core.package_identification:_identify(experiment_logs/feedback_diagnostics/alicia_feedback_20260602_154702) by extension 'ignore'
[2.460s] Level 1:colcon.colcon_core.package_identification:_identify(experiment_logs/feedback_diagnostics/alicia_feedback_20260602_154702) by extension 'ignore_ament_install'
[2.460s] Level 1:colcon.colcon_core.package_identification:_identify(experiment_logs/feedback_diagnostics/alicia_feedback_20260602_154702) by extensions ['colcon_pkg']
[2.460s] Level 1:colcon.colcon_core.package_identification:_identify(experiment_logs/feedback_diagnostics/alicia_feedback_20260602_154702) by extension 'colcon_pkg'
[2.460s] Level 1:colcon.colcon_core.package_identification:_identify(experiment_logs/feedback_diagnostics/alicia_feedback_20260602_154702) by extensions ['colcon_meta']
[2.460s] Level 1:colcon.colcon_core.package_identification:_identify(experiment_logs/feedback_diagnostics/alicia_feedback_20260602_154702) by extension 'colcon_meta'
[2.460s] Level 1:colcon.colcon_core.package_identification:_identify(experiment_logs/feedback_diagnostics/alicia_feedback_20260602_154702) by extensions ['ros']
[2.460s] Level 1:colcon.colcon_core.package_identification:_identify(experiment_logs/feedback_diagnostics/alicia_feedback_20260602_154702) by extension 'ros'
[2.461s] Level 1:colcon.colcon_core.package_identification:_identify(experiment_logs/feedback_diagnostics/alicia_feedback_20260602_154702) by extensions ['cmake', 'python']
[2.461s] Level 1:colcon.colcon_core.package_identification:_identify(experiment_logs/feedback_diagnostics/alicia_feedback_20260602_154702) by extension 'cmake'
[2.461s] Level 1:colcon.colcon_core.package_identification:_identify(experiment_logs/feedback_diagnostics/alicia_feedback_20260602_154702) by extension 'python'
[2.461s] Level 1:colcon.colcon_core.package_identification:_identify(experiment_logs/feedback_diagnostics/alicia_feedback_20260602_154702) by extensions ['python_setup_py']
[2.461s] Level 1:colcon.colcon_core.package_identification:_identify(experiment_logs/feedback_diagnostics/alicia_feedback_20260602_154702) by extension 'python_setup_py'
[2.461s] Level 1:colcon.colcon_core.package_identification:_identify(experiment_logs/feedback_diagnostics/alicia_feedback_20260602_154723) by extensions ['ignore', 'ignore_ament_install']
[2.461s] Level 1:colcon.colcon_core.package_identification:_identify(experiment_logs/feedback_diagnostics/alicia_feedback_20260602_154723) by extension 'ignore'
[2.462s] Level 1:colcon.colcon_core.package_identification:_identify(experiment_logs/feedback_diagnostics/alicia_feedback_20260602_154723) by extension 'ignore_ament_install'
[2.462s] Level 1:colcon.colcon_core.package_identification:_identify(experiment_logs/feedback_diagnostics/alicia_feedback_20260602_154723) by extensions ['colcon_pkg']
[2.462s] Level 1:colcon.colcon_core.package_identification:_identify(experiment_logs/feedback_diagnostics/alicia_feedback_20260602_154723) by extension 'colcon_pkg'
[2.462s] Level 1:colcon.colcon_core.package_identification:_identify(experiment_logs/feedback_diagnostics/alicia_feedback_20260602_154723) by extensions ['colcon_meta']
[2.462s] Level 1:colcon.colcon_core.package_identification:_identify(experiment_logs/feedback_diagnostics/alicia_feedback_20260602_154723) by extension 'colcon_meta'
[2.462s] Level 1:colcon.colcon_core.package_identification:_identify(experiment_logs/feedback_diagnostics/alicia_feedback_20260602_154723) by extensions ['ros']
[2.462s] Level 1:colcon.colcon_core.package_identification:_identify(experiment_logs/feedback_diagnostics/alicia_feedback_20260602_154723) by extension 'ros'
[2.462s] Level 1:colcon.colcon_core.package_identification:_identify(experiment_logs/feedback_diagnostics/alicia_feedback_20260602_154723) by extensions ['cmake', 'python']
[2.463s] Level 1:colcon.colcon_core.package_identification:_identify(experiment_logs/feedback_diagnostics/alicia_feedback_20260602_154723) by extension 'cmake'
[2.463s] Level 1:colcon.colcon_core.package_identification:_identify(experiment_logs/feedback_diagnostics/alicia_feedback_20260602_154723) by extension 'python'
[2.463s] Level 1:colcon.colcon_core.package_identification:_identify(experiment_logs/feedback_diagnostics/alicia_feedback_20260602_154723) by extensions ['python_setup_py']
[2.463s] Level 1:colcon.colcon_core.package_identification:_identify(experiment_logs/feedback_diagnostics/alicia_feedback_20260602_154723) by extension 'python_setup_py'
[2.463s] Level 1:colcon.colcon_core.package_identification:_identify(experiment_logs/feedback_diagnostics/alicia_feedback_20260602_160741) by extensions ['ignore', 'ignore_ament_install']
[2.463s] Level 1:colcon.colcon_core.package_identification:_identify(experiment_logs/feedback_diagnostics/alicia_feedback_20260602_160741) by extension 'ignore'
[2.464s] Level 1:colcon.colcon_core.package_identification:_identify(experiment_logs/feedback_diagnostics/alicia_feedback_20260602_160741) by extension 'ignore_ament_install'
[2.464s] Level 1:colcon.colcon_core.package_identification:_identify(experiment_logs/feedback_diagnostics/alicia_feedback_20260602_160741) by extensions ['colcon_pkg']
[2.464s] Level 1:colcon.colcon_core.package_identification:_identify(experiment_logs/feedback_diagnostics/alicia_feedback_20260602_160741) by extension 'colcon_pkg'
[2.464s] Level 1:colcon.colcon_core.package_identification:_identify(experiment_logs/feedback_diagnostics/alicia_feedback_20260602_160741) by extensions ['colcon_meta']
[2.464s] Level 1:colcon.colcon_core.package_identification:_identify(experiment_logs/feedback_diagnostics/alicia_feedback_20260602_160741) by extension 'colcon_meta'
[2.464s] Level 1:colcon.colcon_core.package_identification:_identify(experiment_logs/feedback_diagnostics/alicia_feedback_20260602_160741) by extensions ['ros']
[2.464s] Level 1:colcon.colcon_core.package_identification:_identify(experiment_logs/feedback_diagnostics/alicia_feedback_20260602_160741) by extension 'ros'
[2.464s] Level 1:colcon.colcon_core.package_identification:_identify(experiment_logs/feedback_diagnostics/alicia_feedback_20260602_160741) by extensions ['cmake', 'python']
[2.464s] Level 1:colcon.colcon_core.package_identification:_identify(experiment_logs/feedback_diagnostics/alicia_feedback_20260602_160741) by extension 'cmake'
[2.464s] Level 1:colcon.colcon_core.package_identification:_identify(experiment_logs/feedback_diagnostics/alicia_feedback_20260602_160741) by extension 'python'
[2.465s] Level 1:colcon.colcon_core.package_identification:_identify(experiment_logs/feedback_diagnostics/alicia_feedback_20260602_160741) by extensions ['python_setup_py']
[2.465s] Level 1:colcon.colcon_core.package_identification:_identify(experiment_logs/feedback_diagnostics/alicia_feedback_20260602_160741) by extension 'python_setup_py'
[2.465s] Level 1:colcon.colcon_core.package_identification:_identify(experiment_logs/feedback_diagnostics/alicia_feedback_20260602_160914) by extensions ['ignore', 'ignore_ament_install']
[2.465s] Level 1:colcon.colcon_core.package_identification:_identify(experiment_logs/feedback_diagnostics/alicia_feedback_20260602_160914) by extension 'ignore'
[2.465s] Level 1:colcon.colcon_core.package_identification:_identify(experiment_logs/feedback_diagnostics/alicia_feedback_20260602_160914) by extension 'ignore_ament_install'
[2.465s] Level 1:colcon.colcon_core.package_identification:_identify(experiment_logs/feedback_diagnostics/alicia_feedback_20260602_160914) by extensions ['colcon_pkg']
[2.465s] Level 1:colcon.colcon_core.package_identification:_identify(experiment_logs/feedback_diagnostics/alicia_feedback_20260602_160914) by extension 'colcon_pkg'
[2.465s] Level 1:colcon.colcon_core.package_identification:_identify(experiment_logs/feedback_diagnostics/alicia_feedback_20260602_160914) by extensions ['colcon_meta']
[2.466s] Level 1:colcon.colcon_core.package_identification:_identify(experiment_logs/feedback_diagnostics/alicia_feedback_20260602_160914) by extension 'colcon_meta'
[2.466s] Level 1:colcon.colcon_core.package_identification:_identify(experiment_logs/feedback_diagnostics/alicia_feedback_20260602_160914) by extensions ['ros']
[2.466s] Level 1:colcon.colcon_core.package_identification:_identify(experiment_logs/feedback_diagnostics/alicia_feedback_20260602_160914) by extension 'ros'
[2.466s] Level 1:colcon.colcon_core.package_identification:_identify(experiment_logs/feedback_diagnostics/alicia_feedback_20260602_160914) by extensions ['cmake', 'python']
[2.466s] Level 1:colcon.colcon_core.package_identification:_identify(experiment_logs/feedback_diagnostics/alicia_feedback_20260602_160914) by extension 'cmake'
[2.466s] Level 1:colcon.colcon_core.package_identification:_identify(experiment_logs/feedback_diagnostics/alicia_feedback_20260602_160914) by extension 'python'
[2.466s] Level 1:colcon.colcon_core.package_identification:_identify(experiment_logs/feedback_diagnostics/alicia_feedback_20260602_160914) by extensions ['python_setup_py']
[2.466s] Level 1:colcon.colcon_core.package_identification:_identify(experiment_logs/feedback_diagnostics/alicia_feedback_20260602_160914) by extension 'python_setup_py'
[2.467s] Level 1:colcon.colcon_core.package_identification:_identify(experiment_logs/feedback_diagnostics/alicia_feedback_20260602_161215) by extensions ['ignore', 'ignore_ament_install']
[2.467s] Level 1:colcon.colcon_core.package_identification:_identify(experiment_logs/feedback_diagnostics/alicia_feedback_20260602_161215) by extension 'ignore'
[2.467s] Level 1:colcon.colcon_core.package_identification:_identify(experiment_logs/feedback_diagnostics/alicia_feedback_20260602_161215) by extension 'ignore_ament_install'
[2.467s] Level 1:colcon.colcon_core.package_identification:_identify(experiment_logs/feedback_diagnostics/alicia_feedback_20260602_161215) by extensions ['colcon_pkg']
[2.467s] Level 1:colcon.colcon_core.package_identification:_identify(experiment_logs/feedback_diagnostics/alicia_feedback_20260602_161215) by extension 'colcon_pkg'
[2.467s] Level 1:colcon.colcon_core.package_identification:_identify(experiment_logs/feedback_diagnostics/alicia_feedback_20260602_161215) by extensions ['colcon_meta']
[2.467s] Level 1:colcon.colcon_core.package_identification:_identify(experiment_logs/feedback_diagnostics/alicia_feedback_20260602_161215) by extension 'colcon_meta'
[2.467s] Level 1:colcon.colcon_core.package_identification:_identify(experiment_logs/feedback_diagnostics/alicia_feedback_20260602_161215) by extensions ['ros']
[2.468s] Level 1:colcon.colcon_core.package_identification:_identify(experiment_logs/feedback_diagnostics/alicia_feedback_20260602_161215) by extension 'ros'
[2.468s] Level 1:colcon.colcon_core.package_identification:_identify(experiment_logs/feedback_diagnostics/alicia_feedback_20260602_161215) by extensions ['cmake', 'python']
[2.468s] Level 1:colcon.colcon_core.package_identification:_identify(experiment_logs/feedback_diagnostics/alicia_feedback_20260602_161215) by extension 'cmake'
[2.468s] Level 1:colcon.colcon_core.package_identification:_identify(experiment_logs/feedback_diagnostics/alicia_feedback_20260602_161215) by extension 'python'
[2.468s] Level 1:colcon.colcon_core.package_identification:_identify(experiment_logs/feedback_diagnostics/alicia_feedback_20260602_161215) by extensions ['python_setup_py']
[2.468s] Level 1:colcon.colcon_core.package_identification:_identify(experiment_logs/feedback_diagnostics/alicia_feedback_20260602_161215) by extension 'python_setup_py'
[2.468s] Level 1:colcon.colcon_core.package_identification:_identify(experiment_logs/feedback_diagnostics/alicia_feedback_20260602_161500) by extensions ['ignore', 'ignore_ament_install']
[2.469s] Level 1:colcon.colcon_core.package_identification:_identify(experiment_logs/feedback_diagnostics/alicia_feedback_20260602_161500) by extension 'ignore'
[2.469s] Level 1:colcon.colcon_core.package_identification:_identify(experiment_logs/feedback_diagnostics/alicia_feedback_20260602_161500) by extension 'ignore_ament_install'
[2.469s] Level 1:colcon.colcon_core.package_identification:_identify(experiment_logs/feedback_diagnostics/alicia_feedback_20260602_161500) by extensions ['colcon_pkg']
[2.469s] Level 1:colcon.colcon_core.package_identification:_identify(experiment_logs/feedback_diagnostics/alicia_feedback_20260602_161500) by extension 'colcon_pkg'
[2.469s] Level 1:colcon.colcon_core.package_identification:_identify(experiment_logs/feedback_diagnostics/alicia_feedback_20260602_161500) by extensions ['colcon_meta']
[2.469s] Level 1:colcon.colcon_core.package_identification:_identify(experiment_logs/feedback_diagnostics/alicia_feedback_20260602_161500) by extension 'colcon_meta'
[2.469s] Level 1:colcon.colcon_core.package_identification:_identify(experiment_logs/feedback_diagnostics/alicia_feedback_20260602_161500) by extensions ['ros']
[2.469s] Level 1:colcon.colcon_core.package_identification:_identify(experiment_logs/feedback_diagnostics/alicia_feedback_20260602_161500) by extension 'ros'
[2.470s] Level 1:colcon.colcon_core.package_identification:_identify(experiment_logs/feedback_diagnostics/alicia_feedback_20260602_161500) by extensions ['cmake', 'python']
[2.470s] Level 1:colcon.colcon_core.package_identification:_identify(experiment_logs/feedback_diagnostics/alicia_feedback_20260602_161500) by extension 'cmake'
[2.470s] Level 1:colcon.colcon_core.package_identification:_identify(experiment_logs/feedback_diagnostics/alicia_feedback_20260602_161500) by extension 'python'
[2.470s] Level 1:colcon.colcon_core.package_identification:_identify(experiment_logs/feedback_diagnostics/alicia_feedback_20260602_161500) by extensions ['python_setup_py']
[2.470s] Level 1:colcon.colcon_core.package_identification:_identify(experiment_logs/feedback_diagnostics/alicia_feedback_20260602_161500) by extension 'python_setup_py'
[2.470s] Level 1:colcon.colcon_core.package_identification:_identify(experiment_logs/feedback_diagnostics/alicia_feedback_20260602_161548) by extensions ['ignore', 'ignore_ament_install']
[2.470s] Level 1:colcon.colcon_core.package_identification:_identify(experiment_logs/feedback_diagnostics/alicia_feedback_20260602_161548) by extension 'ignore'
[2.471s] Level 1:colcon.colcon_core.package_identification:_identify(experiment_logs/feedback_diagnostics/alicia_feedback_20260602_161548) by extension 'ignore_ament_install'
[2.471s] Level 1:colcon.colcon_core.package_identification:_identify(experiment_logs/feedback_diagnostics/alicia_feedback_20260602_161548) by extensions ['colcon_pkg']
[2.471s] Level 1:colcon.colcon_core.package_identification:_identify(experiment_logs/feedback_diagnostics/alicia_feedback_20260602_161548) by extension 'colcon_pkg'
[2.471s] Level 1:colcon.colcon_core.package_identification:_identify(experiment_logs/feedback_diagnostics/alicia_feedback_20260602_161548) by extensions ['colcon_meta']
[2.471s] Level 1:colcon.colcon_core.package_identification:_identify(experiment_logs/feedback_diagnostics/alicia_feedback_20260602_161548) by extension 'colcon_meta'
[2.471s] Level 1:colcon.colcon_core.package_identification:_identify(experiment_logs/feedback_diagnostics/alicia_feedback_20260602_161548) by extensions ['ros']
[2.471s] Level 1:colcon.colcon_core.package_identification:_identify(experiment_logs/feedback_diagnostics/alicia_feedback_20260602_161548) by extension 'ros'
[2.472s] Level 1:colcon.colcon_core.package_identification:_identify(experiment_logs/feedback_diagnostics/alicia_feedback_20260602_161548) by extensions ['cmake', 'python']
[2.472s] Level 1:colcon.colcon_core.package_identification:_identify(experiment_logs/feedback_diagnostics/alicia_feedback_20260602_161548) by extension 'cmake'
[2.472s] Level 1:colcon.colcon_core.package_identification:_identify(experiment_logs/feedback_diagnostics/alicia_feedback_20260602_161548) by extension 'python'
[2.472s] Level 1:colcon.colcon_core.package_identification:_identify(experiment_logs/feedback_diagnostics/alicia_feedback_20260602_161548) by extensions ['python_setup_py']
[2.472s] Level 1:colcon.colcon_core.package_identification:_identify(experiment_logs/feedback_diagnostics/alicia_feedback_20260602_161548) by extension 'python_setup_py'
[2.472s] Level 1:colcon.colcon_core.package_identification:_identify(experiment_logs/feedback_diagnostics/alicia_feedback_20260602_170312) by extensions ['ignore', 'ignore_ament_install']
[2.473s] Level 1:colcon.colcon_core.package_identification:_identify(experiment_logs/feedback_diagnostics/alicia_feedback_20260602_170312) by extension 'ignore'
[2.473s] Level 1:colcon.colcon_core.package_identification:_identify(experiment_logs/feedback_diagnostics/alicia_feedback_20260602_170312) by extension 'ignore_ament_install'
[2.473s] Level 1:colcon.colcon_core.package_identification:_identify(experiment_logs/feedback_diagnostics/alicia_feedback_20260602_170312) by extensions ['colcon_pkg']
[2.473s] Level 1:colcon.colcon_core.package_identification:_identify(experiment_logs/feedback_diagnostics/alicia_feedback_20260602_170312) by extension 'colcon_pkg'
[2.473s] Level 1:colcon.colcon_core.package_identification:_identify(experiment_logs/feedback_diagnostics/alicia_feedback_20260602_170312) by extensions ['colcon_meta']
[2.473s] Level 1:colcon.colcon_core.package_identification:_identify(experiment_logs/feedback_diagnostics/alicia_feedback_20260602_170312) by extension 'colcon_meta'
[2.473s] Level 1:colcon.colcon_core.package_identification:_identify(experiment_logs/feedback_diagnostics/alicia_feedback_20260602_170312) by extensions ['ros']
[2.473s] Level 1:colcon.colcon_core.package_identification:_identify(experiment_logs/feedback_diagnostics/alicia_feedback_20260602_170312) by extension 'ros'
[2.474s] Level 1:colcon.colcon_core.package_identification:_identify(experiment_logs/feedback_diagnostics/alicia_feedback_20260602_170312) by extensions ['cmake', 'python']
[2.474s] Level 1:colcon.colcon_core.package_identification:_identify(experiment_logs/feedback_diagnostics/alicia_feedback_20260602_170312) by extension 'cmake'
[2.474s] Level 1:colcon.colcon_core.package_identification:_identify(experiment_logs/feedback_diagnostics/alicia_feedback_20260602_170312) by extension 'python'
[2.474s] Level 1:colcon.colcon_core.package_identification:_identify(experiment_logs/feedback_diagnostics/alicia_feedback_20260602_170312) by extensions ['python_setup_py']
[2.474s] Level 1:colcon.colcon_core.package_identification:_identify(experiment_logs/feedback_diagnostics/alicia_feedback_20260602_170312) by extension 'python_setup_py'
[2.474s] Level 1:colcon.colcon_core.package_identification:_identify(experiment_logs/feedback_motion) by extensions ['ignore', 'ignore_ament_install']
[2.474s] Level 1:colcon.colcon_core.package_identification:_identify(experiment_logs/feedback_motion) by extension 'ignore'
[2.475s] Level 1:colcon.colcon_core.package_identification:_identify(experiment_logs/feedback_motion) by extension 'ignore_ament_install'
[2.475s] Level 1:colcon.colcon_core.package_identification:_identify(experiment_logs/feedback_motion) by extensions ['colcon_pkg']
[2.475s] Level 1:colcon.colcon_core.package_identification:_identify(experiment_logs/feedback_motion) by extension 'colcon_pkg'
[2.475s] Level 1:colcon.colcon_core.package_identification:_identify(experiment_logs/feedback_motion) by extensions ['colcon_meta']
[2.475s] Level 1:colcon.colcon_core.package_identification:_identify(experiment_logs/feedback_motion) by extension 'colcon_meta'
[2.475s] Level 1:colcon.colcon_core.package_identification:_identify(experiment_logs/feedback_motion) by extensions ['ros']
[2.476s] Level 1:colcon.colcon_core.package_identification:_identify(experiment_logs/feedback_motion) by extension 'ros'
[2.476s] Level 1:colcon.colcon_core.package_identification:_identify(experiment_logs/feedback_motion) by extensions ['cmake', 'python']
[2.476s] Level 1:colcon.colcon_core.package_identification:_identify(experiment_logs/feedback_motion) by extension 'cmake'
[2.476s] Level 1:colcon.colcon_core.package_identification:_identify(experiment_logs/feedback_motion) by extension 'python'
[2.476s] Level 1:colcon.colcon_core.package_identification:_identify(experiment_logs/feedback_motion) by extensions ['python_setup_py']
[2.476s] Level 1:colcon.colcon_core.package_identification:_identify(experiment_logs/feedback_motion) by extension 'python_setup_py'
[2.476s] Level 1:colcon.colcon_core.package_identification:_identify(experiment_logs/feedback_motion/tiny_feedback_motion_20260531_210724_current_gripper_state) by extensions ['ignore', 'ignore_ament_install']
[2.477s] Level 1:colcon.colcon_core.package_identification:_identify(experiment_logs/feedback_motion/tiny_feedback_motion_20260531_210724_current_gripper_state) by extension 'ignore'
[2.477s] Level 1:colcon.colcon_core.package_identification:_identify(experiment_logs/feedback_motion/tiny_feedback_motion_20260531_210724_current_gripper_state) by extension 'ignore_ament_install'
[2.477s] Level 1:colcon.colcon_core.package_identification:_identify(experiment_logs/feedback_motion/tiny_feedback_motion_20260531_210724_current_gripper_state) by extensions ['colcon_pkg']
[2.477s] Level 1:colcon.colcon_core.package_identification:_identify(experiment_logs/feedback_motion/tiny_feedback_motion_20260531_210724_current_gripper_state) by extension 'colcon_pkg'
[2.477s] Level 1:colcon.colcon_core.package_identification:_identify(experiment_logs/feedback_motion/tiny_feedback_motion_20260531_210724_current_gripper_state) by extensions ['colcon_meta']
[2.477s] Level 1:colcon.colcon_core.package_identification:_identify(experiment_logs/feedback_motion/tiny_feedback_motion_20260531_210724_current_gripper_state) by extension 'colcon_meta'
[2.477s] Level 1:colcon.colcon_core.package_identification:_identify(experiment_logs/feedback_motion/tiny_feedback_motion_20260531_210724_current_gripper_state) by extensions ['ros']
[2.477s] Level 1:colcon.colcon_core.package_identification:_identify(experiment_logs/feedback_motion/tiny_feedback_motion_20260531_210724_current_gripper_state) by extension 'ros'
[2.477s] Level 1:colcon.colcon_core.package_identification:_identify(experiment_logs/feedback_motion/tiny_feedback_motion_20260531_210724_current_gripper_state) by extensions ['cmake', 'python']
[2.478s] Level 1:colcon.colcon_core.package_identification:_identify(experiment_logs/feedback_motion/tiny_feedback_motion_20260531_210724_current_gripper_state) by extension 'cmake'
[2.478s] Level 1:colcon.colcon_core.package_identification:_identify(experiment_logs/feedback_motion/tiny_feedback_motion_20260531_210724_current_gripper_state) by extension 'python'
[2.478s] Level 1:colcon.colcon_core.package_identification:_identify(experiment_logs/feedback_motion/tiny_feedback_motion_20260531_210724_current_gripper_state) by extensions ['python_setup_py']
[2.478s] Level 1:colcon.colcon_core.package_identification:_identify(experiment_logs/feedback_motion/tiny_feedback_motion_20260531_210724_current_gripper_state) by extension 'python_setup_py'
[2.478s] Level 1:colcon.colcon_core.package_identification:_identify(experiment_logs/gripper_debug_state) by extensions ['ignore', 'ignore_ament_install']
[2.478s] Level 1:colcon.colcon_core.package_identification:_identify(experiment_logs/gripper_debug_state) by extension 'ignore'
[2.478s] Level 1:colcon.colcon_core.package_identification:_identify(experiment_logs/gripper_debug_state) by extension 'ignore_ament_install'
[2.479s] Level 1:colcon.colcon_core.package_identification:_identify(experiment_logs/gripper_debug_state) by extensions ['colcon_pkg']
[2.479s] Level 1:colcon.colcon_core.package_identification:_identify(experiment_logs/gripper_debug_state) by extension 'colcon_pkg'
[2.479s] Level 1:colcon.colcon_core.package_identification:_identify(experiment_logs/gripper_debug_state) by extensions ['colcon_meta']
[2.479s] Level 1:colcon.colcon_core.package_identification:_identify(experiment_logs/gripper_debug_state) by extension 'colcon_meta'
[2.479s] Level 1:colcon.colcon_core.package_identification:_identify(experiment_logs/gripper_debug_state) by extensions ['ros']
[2.479s] Level 1:colcon.colcon_core.package_identification:_identify(experiment_logs/gripper_debug_state) by extension 'ros'
[2.479s] Level 1:colcon.colcon_core.package_identification:_identify(experiment_logs/gripper_debug_state) by extensions ['cmake', 'python']
[2.480s] Level 1:colcon.colcon_core.package_identification:_identify(experiment_logs/gripper_debug_state) by extension 'cmake'
[2.480s] Level 1:colcon.colcon_core.package_identification:_identify(experiment_logs/gripper_debug_state) by extension 'python'
[2.480s] Level 1:colcon.colcon_core.package_identification:_identify(experiment_logs/gripper_debug_state) by extensions ['python_setup_py']
[2.480s] Level 1:colcon.colcon_core.package_identification:_identify(experiment_logs/gripper_debug_state) by extension 'python_setup_py'
[2.480s] Level 1:colcon.colcon_core.package_identification:_identify(experiment_logs/gripper_debug_state/gripper_debug_20260604_143305) by extensions ['ignore', 'ignore_ament_install']
[2.480s] Level 1:colcon.colcon_core.package_identification:_identify(experiment_logs/gripper_debug_state/gripper_debug_20260604_143305) by extension 'ignore'
[2.480s] Level 1:colcon.colcon_core.package_identification:_identify(experiment_logs/gripper_debug_state/gripper_debug_20260604_143305) by extension 'ignore_ament_install'
[2.481s] Level 1:colcon.colcon_core.package_identification:_identify(experiment_logs/gripper_debug_state/gripper_debug_20260604_143305) by extensions ['colcon_pkg']
[2.481s] Level 1:colcon.colcon_core.package_identification:_identify(experiment_logs/gripper_debug_state/gripper_debug_20260604_143305) by extension 'colcon_pkg'
[2.481s] Level 1:colcon.colcon_core.package_identification:_identify(experiment_logs/gripper_debug_state/gripper_debug_20260604_143305) by extensions ['colcon_meta']
[2.481s] Level 1:colcon.colcon_core.package_identification:_identify(experiment_logs/gripper_debug_state/gripper_debug_20260604_143305) by extension 'colcon_meta'
[2.481s] Level 1:colcon.colcon_core.package_identification:_identify(experiment_logs/gripper_debug_state/gripper_debug_20260604_143305) by extensions ['ros']
[2.481s] Level 1:colcon.colcon_core.package_identification:_identify(experiment_logs/gripper_debug_state/gripper_debug_20260604_143305) by extension 'ros'
[2.481s] Level 1:colcon.colcon_core.package_identification:_identify(experiment_logs/gripper_debug_state/gripper_debug_20260604_143305) by extensions ['cmake', 'python']
[2.481s] Level 1:colcon.colcon_core.package_identification:_identify(experiment_logs/gripper_debug_state/gripper_debug_20260604_143305) by extension 'cmake'
[2.481s] Level 1:colcon.colcon_core.package_identification:_identify(experiment_logs/gripper_debug_state/gripper_debug_20260604_143305) by extension 'python'
[2.482s] Level 1:colcon.colcon_core.package_identification:_identify(experiment_logs/gripper_debug_state/gripper_debug_20260604_143305) by extensions ['python_setup_py']
[2.482s] Level 1:colcon.colcon_core.package_identification:_identify(experiment_logs/gripper_debug_state/gripper_debug_20260604_143305) by extension 'python_setup_py'
[2.482s] Level 1:colcon.colcon_core.package_identification:_identify(experiment_logs/gripper_debug_state/gripper_debug_20260604_150215) by extensions ['ignore', 'ignore_ament_install']
[2.482s] Level 1:colcon.colcon_core.package_identification:_identify(experiment_logs/gripper_debug_state/gripper_debug_20260604_150215) by extension 'ignore'
[2.482s] Level 1:colcon.colcon_core.package_identification:_identify(experiment_logs/gripper_debug_state/gripper_debug_20260604_150215) by extension 'ignore_ament_install'
[2.482s] Level 1:colcon.colcon_core.package_identification:_identify(experiment_logs/gripper_debug_state/gripper_debug_20260604_150215) by extensions ['colcon_pkg']
[2.482s] Level 1:colcon.colcon_core.package_identification:_identify(experiment_logs/gripper_debug_state/gripper_debug_20260604_150215) by extension 'colcon_pkg'
[2.482s] Level 1:colcon.colcon_core.package_identification:_identify(experiment_logs/gripper_debug_state/gripper_debug_20260604_150215) by extensions ['colcon_meta']
[2.482s] Level 1:colcon.colcon_core.package_identification:_identify(experiment_logs/gripper_debug_state/gripper_debug_20260604_150215) by extension 'colcon_meta'
[2.483s] Level 1:colcon.colcon_core.package_identification:_identify(experiment_logs/gripper_debug_state/gripper_debug_20260604_150215) by extensions ['ros']
[2.483s] Level 1:colcon.colcon_core.package_identification:_identify(experiment_logs/gripper_debug_state/gripper_debug_20260604_150215) by extension 'ros'
[2.483s] Level 1:colcon.colcon_core.package_identification:_identify(experiment_logs/gripper_debug_state/gripper_debug_20260604_150215) by extensions ['cmake', 'python']
[2.483s] Level 1:colcon.colcon_core.package_identification:_identify(experiment_logs/gripper_debug_state/gripper_debug_20260604_150215) by extension 'cmake'
[2.483s] Level 1:colcon.colcon_core.package_identification:_identify(experiment_logs/gripper_debug_state/gripper_debug_20260604_150215) by extension 'python'
[2.483s] Level 1:colcon.colcon_core.package_identification:_identify(experiment_logs/gripper_debug_state/gripper_debug_20260604_150215) by extensions ['python_setup_py']
[2.484s] Level 1:colcon.colcon_core.package_identification:_identify(experiment_logs/gripper_debug_state/gripper_debug_20260604_150215) by extension 'python_setup_py'
[2.484s] Level 1:colcon.colcon_core.package_identification:_identify(experiment_logs/gripper_debug_state/gripper_debug_20260604_150713) by extensions ['ignore', 'ignore_ament_install']
[2.484s] Level 1:colcon.colcon_core.package_identification:_identify(experiment_logs/gripper_debug_state/gripper_debug_20260604_150713) by extension 'ignore'
[2.484s] Level 1:colcon.colcon_core.package_identification:_identify(experiment_logs/gripper_debug_state/gripper_debug_20260604_150713) by extension 'ignore_ament_install'
[2.484s] Level 1:colcon.colcon_core.package_identification:_identify(experiment_logs/gripper_debug_state/gripper_debug_20260604_150713) by extensions ['colcon_pkg']
[2.484s] Level 1:colcon.colcon_core.package_identification:_identify(experiment_logs/gripper_debug_state/gripper_debug_20260604_150713) by extension 'colcon_pkg'
[2.485s] Level 1:colcon.colcon_core.package_identification:_identify(experiment_logs/gripper_debug_state/gripper_debug_20260604_150713) by extensions ['colcon_meta']
[2.485s] Level 1:colcon.colcon_core.package_identification:_identify(experiment_logs/gripper_debug_state/gripper_debug_20260604_150713) by extension 'colcon_meta'
[2.485s] Level 1:colcon.colcon_core.package_identification:_identify(experiment_logs/gripper_debug_state/gripper_debug_20260604_150713) by extensions ['ros']
[2.485s] Level 1:colcon.colcon_core.package_identification:_identify(experiment_logs/gripper_debug_state/gripper_debug_20260604_150713) by extension 'ros'
[2.485s] Level 1:colcon.colcon_core.package_identification:_identify(experiment_logs/gripper_debug_state/gripper_debug_20260604_150713) by extensions ['cmake', 'python']
[2.485s] Level 1:colcon.colcon_core.package_identification:_identify(experiment_logs/gripper_debug_state/gripper_debug_20260604_150713) by extension 'cmake'
[2.485s] Level 1:colcon.colcon_core.package_identification:_identify(experiment_logs/gripper_debug_state/gripper_debug_20260604_150713) by extension 'python'
[2.485s] Level 1:colcon.colcon_core.package_identification:_identify(experiment_logs/gripper_debug_state/gripper_debug_20260604_150713) by extensions ['python_setup_py']
[2.486s] Level 1:colcon.colcon_core.package_identification:_identify(experiment_logs/gripper_debug_state/gripper_debug_20260604_150713) by extension 'python_setup_py'
[2.486s] Level 1:colcon.colcon_core.package_identification:_identify(experiment_logs/gripper_debug_state/gripper_debug_20260604_162128) by extensions ['ignore', 'ignore_ament_install']
[2.486s] Level 1:colcon.colcon_core.package_identification:_identify(experiment_logs/gripper_debug_state/gripper_debug_20260604_162128) by extension 'ignore'
[2.486s] Level 1:colcon.colcon_core.package_identification:_identify(experiment_logs/gripper_debug_state/gripper_debug_20260604_162128) by extension 'ignore_ament_install'
[2.486s] Level 1:colcon.colcon_core.package_identification:_identify(experiment_logs/gripper_debug_state/gripper_debug_20260604_162128) by extensions ['colcon_pkg']
[2.486s] Level 1:colcon.colcon_core.package_identification:_identify(experiment_logs/gripper_debug_state/gripper_debug_20260604_162128) by extension 'colcon_pkg'
[2.486s] Level 1:colcon.colcon_core.package_identification:_identify(experiment_logs/gripper_debug_state/gripper_debug_20260604_162128) by extensions ['colcon_meta']
[2.486s] Level 1:colcon.colcon_core.package_identification:_identify(experiment_logs/gripper_debug_state/gripper_debug_20260604_162128) by extension 'colcon_meta'
[2.486s] Level 1:colcon.colcon_core.package_identification:_identify(experiment_logs/gripper_debug_state/gripper_debug_20260604_162128) by extensions ['ros']
[2.487s] Level 1:colcon.colcon_core.package_identification:_identify(experiment_logs/gripper_debug_state/gripper_debug_20260604_162128) by extension 'ros'
[2.487s] Level 1:colcon.colcon_core.package_identification:_identify(experiment_logs/gripper_debug_state/gripper_debug_20260604_162128) by extensions ['cmake', 'python']
[2.487s] Level 1:colcon.colcon_core.package_identification:_identify(experiment_logs/gripper_debug_state/gripper_debug_20260604_162128) by extension 'cmake'
[2.487s] Level 1:colcon.colcon_core.package_identification:_identify(experiment_logs/gripper_debug_state/gripper_debug_20260604_162128) by extension 'python'
[2.487s] Level 1:colcon.colcon_core.package_identification:_identify(experiment_logs/gripper_debug_state/gripper_debug_20260604_162128) by extensions ['python_setup_py']
[2.488s] Level 1:colcon.colcon_core.package_identification:_identify(experiment_logs/gripper_debug_state/gripper_debug_20260604_162128) by extension 'python_setup_py'
[2.488s] Level 1:colcon.colcon_core.package_identification:_identify(experiment_logs/gripper_debug_state/gripper_debug_20260604_163028) by extensions ['ignore', 'ignore_ament_install']
[2.488s] Level 1:colcon.colcon_core.package_identification:_identify(experiment_logs/gripper_debug_state/gripper_debug_20260604_163028) by extension 'ignore'
[2.488s] Level 1:colcon.colcon_core.package_identification:_identify(experiment_logs/gripper_debug_state/gripper_debug_20260604_163028) by extension 'ignore_ament_install'
[2.488s] Level 1:colcon.colcon_core.package_identification:_identify(experiment_logs/gripper_debug_state/gripper_debug_20260604_163028) by extensions ['colcon_pkg']
[2.488s] Level 1:colcon.colcon_core.package_identification:_identify(experiment_logs/gripper_debug_state/gripper_debug_20260604_163028) by extension 'colcon_pkg'
[2.489s] Level 1:colcon.colcon_core.package_identification:_identify(experiment_logs/gripper_debug_state/gripper_debug_20260604_163028) by extensions ['colcon_meta']
[2.489s] Level 1:colcon.colcon_core.package_identification:_identify(experiment_logs/gripper_debug_state/gripper_debug_20260604_163028) by extension 'colcon_meta'
[2.489s] Level 1:colcon.colcon_core.package_identification:_identify(experiment_logs/gripper_debug_state/gripper_debug_20260604_163028) by extensions ['ros']
[2.489s] Level 1:colcon.colcon_core.package_identification:_identify(experiment_logs/gripper_debug_state/gripper_debug_20260604_163028) by extension 'ros'
[2.489s] Level 1:colcon.colcon_core.package_identification:_identify(experiment_logs/gripper_debug_state/gripper_debug_20260604_163028) by extensions ['cmake', 'python']
[2.489s] Level 1:colcon.colcon_core.package_identification:_identify(experiment_logs/gripper_debug_state/gripper_debug_20260604_163028) by extension 'cmake'
[2.489s] Level 1:colcon.colcon_core.package_identification:_identify(experiment_logs/gripper_debug_state/gripper_debug_20260604_163028) by extension 'python'
[2.489s] Level 1:colcon.colcon_core.package_identification:_identify(experiment_logs/gripper_debug_state/gripper_debug_20260604_163028) by extensions ['python_setup_py']
[2.490s] Level 1:colcon.colcon_core.package_identification:_identify(experiment_logs/gripper_debug_state/gripper_debug_20260604_163028) by extension 'python_setup_py'
[2.490s] Level 1:colcon.colcon_core.package_identification:_identify(experiment_logs/gripper_debug_state/gripper_debug_20260604_164701) by extensions ['ignore', 'ignore_ament_install']
[2.490s] Level 1:colcon.colcon_core.package_identification:_identify(experiment_logs/gripper_debug_state/gripper_debug_20260604_164701) by extension 'ignore'
[2.490s] Level 1:colcon.colcon_core.package_identification:_identify(experiment_logs/gripper_debug_state/gripper_debug_20260604_164701) by extension 'ignore_ament_install'
[2.490s] Level 1:colcon.colcon_core.package_identification:_identify(experiment_logs/gripper_debug_state/gripper_debug_20260604_164701) by extensions ['colcon_pkg']
[2.490s] Level 1:colcon.colcon_core.package_identification:_identify(experiment_logs/gripper_debug_state/gripper_debug_20260604_164701) by extension 'colcon_pkg'
[2.490s] Level 1:colcon.colcon_core.package_identification:_identify(experiment_logs/gripper_debug_state/gripper_debug_20260604_164701) by extensions ['colcon_meta']
[2.490s] Level 1:colcon.colcon_core.package_identification:_identify(experiment_logs/gripper_debug_state/gripper_debug_20260604_164701) by extension 'colcon_meta'
[2.491s] Level 1:colcon.colcon_core.package_identification:_identify(experiment_logs/gripper_debug_state/gripper_debug_20260604_164701) by extensions ['ros']
[2.491s] Level 1:colcon.colcon_core.package_identification:_identify(experiment_logs/gripper_debug_state/gripper_debug_20260604_164701) by extension 'ros'
[2.491s] Level 1:colcon.colcon_core.package_identification:_identify(experiment_logs/gripper_debug_state/gripper_debug_20260604_164701) by extensions ['cmake', 'python']
[2.491s] Level 1:colcon.colcon_core.package_identification:_identify(experiment_logs/gripper_debug_state/gripper_debug_20260604_164701) by extension 'cmake'
[2.491s] Level 1:colcon.colcon_core.package_identification:_identify(experiment_logs/gripper_debug_state/gripper_debug_20260604_164701) by extension 'python'
[2.491s] Level 1:colcon.colcon_core.package_identification:_identify(experiment_logs/gripper_debug_state/gripper_debug_20260604_164701) by extensions ['python_setup_py']
[2.491s] Level 1:colcon.colcon_core.package_identification:_identify(experiment_logs/gripper_debug_state/gripper_debug_20260604_164701) by extension 'python_setup_py'
[2.491s] Level 1:colcon.colcon_core.package_identification:_identify(experiment_logs/simulation) by extensions ['ignore', 'ignore_ament_install']
[2.492s] Level 1:colcon.colcon_core.package_identification:_identify(experiment_logs/simulation) by extension 'ignore'
[2.492s] Level 1:colcon.colcon_core.package_identification:_identify(experiment_logs/simulation) by extension 'ignore_ament_install'
[2.492s] Level 1:colcon.colcon_core.package_identification:_identify(experiment_logs/simulation) by extensions ['colcon_pkg']
[2.492s] Level 1:colcon.colcon_core.package_identification:_identify(experiment_logs/simulation) by extension 'colcon_pkg'
[2.492s] Level 1:colcon.colcon_core.package_identification:_identify(experiment_logs/simulation) by extensions ['colcon_meta']
[2.492s] Level 1:colcon.colcon_core.package_identification:_identify(experiment_logs/simulation) by extension 'colcon_meta'
[2.492s] Level 1:colcon.colcon_core.package_identification:_identify(experiment_logs/simulation) by extensions ['ros']
[2.492s] Level 1:colcon.colcon_core.package_identification:_identify(experiment_logs/simulation) by extension 'ros'
[2.493s] Level 1:colcon.colcon_core.package_identification:_identify(experiment_logs/simulation) by extensions ['cmake', 'python']
[2.493s] Level 1:colcon.colcon_core.package_identification:_identify(experiment_logs/simulation) by extension 'cmake'
[2.493s] Level 1:colcon.colcon_core.package_identification:_identify(experiment_logs/simulation) by extension 'python'
[2.493s] Level 1:colcon.colcon_core.package_identification:_identify(experiment_logs/simulation) by extensions ['python_setup_py']
[2.493s] Level 1:colcon.colcon_core.package_identification:_identify(experiment_logs/simulation) by extension 'python_setup_py'
[2.493s] Level 1:colcon.colcon_core.package_identification:_identify(experiment_logs/simulation/control_layer_20260530_222950) by extensions ['ignore', 'ignore_ament_install']
[2.493s] Level 1:colcon.colcon_core.package_identification:_identify(experiment_logs/simulation/control_layer_20260530_222950) by extension 'ignore'
[2.494s] Level 1:colcon.colcon_core.package_identification:_identify(experiment_logs/simulation/control_layer_20260530_222950) by extension 'ignore_ament_install'
[2.494s] Level 1:colcon.colcon_core.package_identification:_identify(experiment_logs/simulation/control_layer_20260530_222950) by extensions ['colcon_pkg']
[2.494s] Level 1:colcon.colcon_core.package_identification:_identify(experiment_logs/simulation/control_layer_20260530_222950) by extension 'colcon_pkg'
[2.494s] Level 1:colcon.colcon_core.package_identification:_identify(experiment_logs/simulation/control_layer_20260530_222950) by extensions ['colcon_meta']
[2.494s] Level 1:colcon.colcon_core.package_identification:_identify(experiment_logs/simulation/control_layer_20260530_222950) by extension 'colcon_meta'
[2.494s] Level 1:colcon.colcon_core.package_identification:_identify(experiment_logs/simulation/control_layer_20260530_222950) by extensions ['ros']
[2.494s] Level 1:colcon.colcon_core.package_identification:_identify(experiment_logs/simulation/control_layer_20260530_222950) by extension 'ros'
[2.494s] Level 1:colcon.colcon_core.package_identification:_identify(experiment_logs/simulation/control_layer_20260530_222950) by extensions ['cmake', 'python']
[2.494s] Level 1:colcon.colcon_core.package_identification:_identify(experiment_logs/simulation/control_layer_20260530_222950) by extension 'cmake'
[2.495s] Level 1:colcon.colcon_core.package_identification:_identify(experiment_logs/simulation/control_layer_20260530_222950) by extension 'python'
[2.495s] Level 1:colcon.colcon_core.package_identification:_identify(experiment_logs/simulation/control_layer_20260530_222950) by extensions ['python_setup_py']
[2.495s] Level 1:colcon.colcon_core.package_identification:_identify(experiment_logs/simulation/control_layer_20260530_222950) by extension 'python_setup_py'
[2.495s] Level 1:colcon.colcon_core.package_identification:_identify(experiment_logs/simulation/control_layer_20260530_222950/ros_logs) by extensions ['ignore', 'ignore_ament_install']
[2.496s] Level 1:colcon.colcon_core.package_identification:_identify(experiment_logs/simulation/control_layer_20260530_222950/ros_logs) by extension 'ignore'
[2.496s] Level 1:colcon.colcon_core.package_identification:_identify(experiment_logs/simulation/control_layer_20260530_222950/ros_logs) by extension 'ignore_ament_install'
[2.496s] Level 1:colcon.colcon_core.package_identification:_identify(experiment_logs/simulation/control_layer_20260530_222950/ros_logs) by extensions ['colcon_pkg']
[2.496s] Level 1:colcon.colcon_core.package_identification:_identify(experiment_logs/simulation/control_layer_20260530_222950/ros_logs) by extension 'colcon_pkg'
[2.496s] Level 1:colcon.colcon_core.package_identification:_identify(experiment_logs/simulation/control_layer_20260530_222950/ros_logs) by extensions ['colcon_meta']
[2.496s] Level 1:colcon.colcon_core.package_identification:_identify(experiment_logs/simulation/control_layer_20260530_222950/ros_logs) by extension 'colcon_meta'
[2.496s] Level 1:colcon.colcon_core.package_identification:_identify(experiment_logs/simulation/control_layer_20260530_222950/ros_logs) by extensions ['ros']
[2.497s] Level 1:colcon.colcon_core.package_identification:_identify(experiment_logs/simulation/control_layer_20260530_222950/ros_logs) by extension 'ros'
[2.497s] Level 1:colcon.colcon_core.package_identification:_identify(experiment_logs/simulation/control_layer_20260530_222950/ros_logs) by extensions ['cmake', 'python']
[2.497s] Level 1:colcon.colcon_core.package_identification:_identify(experiment_logs/simulation/control_layer_20260530_222950/ros_logs) by extension 'cmake'
[2.497s] Level 1:colcon.colcon_core.package_identification:_identify(experiment_logs/simulation/control_layer_20260530_222950/ros_logs) by extension 'python'
[2.497s] Level 1:colcon.colcon_core.package_identification:_identify(experiment_logs/simulation/control_layer_20260530_222950/ros_logs) by extensions ['python_setup_py']
[2.497s] Level 1:colcon.colcon_core.package_identification:_identify(experiment_logs/simulation/control_layer_20260530_222950/ros_logs) by extension 'python_setup_py'
[2.497s] Level 1:colcon.colcon_core.package_identification:_identify(experiment_logs/simulation/control_layer_20260530_223018) by extensions ['ignore', 'ignore_ament_install']
[2.498s] Level 1:colcon.colcon_core.package_identification:_identify(experiment_logs/simulation/control_layer_20260530_223018) by extension 'ignore'
[2.498s] Level 1:colcon.colcon_core.package_identification:_identify(experiment_logs/simulation/control_layer_20260530_223018) by extension 'ignore_ament_install'
[2.498s] Level 1:colcon.colcon_core.package_identification:_identify(experiment_logs/simulation/control_layer_20260530_223018) by extensions ['colcon_pkg']
[2.498s] Level 1:colcon.colcon_core.package_identification:_identify(experiment_logs/simulation/control_layer_20260530_223018) by extension 'colcon_pkg'
[2.498s] Level 1:colcon.colcon_core.package_identification:_identify(experiment_logs/simulation/control_layer_20260530_223018) by extensions ['colcon_meta']
[2.498s] Level 1:colcon.colcon_core.package_identification:_identify(experiment_logs/simulation/control_layer_20260530_223018) by extension 'colcon_meta'
[2.498s] Level 1:colcon.colcon_core.package_identification:_identify(experiment_logs/simulation/control_layer_20260530_223018) by extensions ['ros']
[2.499s] Level 1:colcon.colcon_core.package_identification:_identify(experiment_logs/simulation/control_layer_20260530_223018) by extension 'ros'
[2.499s] Level 1:colcon.colcon_core.package_identification:_identify(experiment_logs/simulation/control_layer_20260530_223018) by extensions ['cmake', 'python']
[2.499s] Level 1:colcon.colcon_core.package_identification:_identify(experiment_logs/simulation/control_layer_20260530_223018) by extension 'cmake'
[2.499s] Level 1:colcon.colcon_core.package_identification:_identify(experiment_logs/simulation/control_layer_20260530_223018) by extension 'python'
[2.499s] Level 1:colcon.colcon_core.package_identification:_identify(experiment_logs/simulation/control_layer_20260530_223018) by extensions ['python_setup_py']
[2.499s] Level 1:colcon.colcon_core.package_identification:_identify(experiment_logs/simulation/control_layer_20260530_223018) by extension 'python_setup_py'
[2.499s] Level 1:colcon.colcon_core.package_identification:_identify(experiment_logs/simulation/control_layer_20260530_223018/ros_logs) by extensions ['ignore', 'ignore_ament_install']
[2.500s] Level 1:colcon.colcon_core.package_identification:_identify(experiment_logs/simulation/control_layer_20260530_223018/ros_logs) by extension 'ignore'
[2.500s] Level 1:colcon.colcon_core.package_identification:_identify(experiment_logs/simulation/control_layer_20260530_223018/ros_logs) by extension 'ignore_ament_install'
[2.500s] Level 1:colcon.colcon_core.package_identification:_identify(experiment_logs/simulation/control_layer_20260530_223018/ros_logs) by extensions ['colcon_pkg']
[2.500s] Level 1:colcon.colcon_core.package_identification:_identify(experiment_logs/simulation/control_layer_20260530_223018/ros_logs) by extension 'colcon_pkg'
[2.500s] Level 1:colcon.colcon_core.package_identification:_identify(experiment_logs/simulation/control_layer_20260530_223018/ros_logs) by extensions ['colcon_meta']
[2.500s] Level 1:colcon.colcon_core.package_identification:_identify(experiment_logs/simulation/control_layer_20260530_223018/ros_logs) by extension 'colcon_meta'
[2.500s] Level 1:colcon.colcon_core.package_identification:_identify(experiment_logs/simulation/control_layer_20260530_223018/ros_logs) by extensions ['ros']
[2.500s] Level 1:colcon.colcon_core.package_identification:_identify(experiment_logs/simulation/control_layer_20260530_223018/ros_logs) by extension 'ros'
[2.501s] Level 1:colcon.colcon_core.package_identification:_identify(experiment_logs/simulation/control_layer_20260530_223018/ros_logs) by extensions ['cmake', 'python']
[2.501s] Level 1:colcon.colcon_core.package_identification:_identify(experiment_logs/simulation/control_layer_20260530_223018/ros_logs) by extension 'cmake'
[2.501s] Level 1:colcon.colcon_core.package_identification:_identify(experiment_logs/simulation/control_layer_20260530_223018/ros_logs) by extension 'python'
[2.501s] Level 1:colcon.colcon_core.package_identification:_identify(experiment_logs/simulation/control_layer_20260530_223018/ros_logs) by extensions ['python_setup_py']
[2.501s] Level 1:colcon.colcon_core.package_identification:_identify(experiment_logs/simulation/control_layer_20260530_223018/ros_logs) by extension 'python_setup_py'
[2.501s] Level 1:colcon.colcon_core.package_identification:_identify(experiment_logs/simulation/control_layer_20260530_223018/ros_logs/2026-05-30-22-30-19-699237-LAPTOP-EK504TPB-852831) by extensions ['ignore', 'ignore_ament_install']
[2.501s] Level 1:colcon.colcon_core.package_identification:_identify(experiment_logs/simulation/control_layer_20260530_223018/ros_logs/2026-05-30-22-30-19-699237-LAPTOP-EK504TPB-852831) by extension 'ignore'
[2.501s] Level 1:colcon.colcon_core.package_identification:_identify(experiment_logs/simulation/control_layer_20260530_223018/ros_logs/2026-05-30-22-30-19-699237-LAPTOP-EK504TPB-852831) by extension 'ignore_ament_install'
[2.502s] Level 1:colcon.colcon_core.package_identification:_identify(experiment_logs/simulation/control_layer_20260530_223018/ros_logs/2026-05-30-22-30-19-699237-LAPTOP-EK504TPB-852831) by extensions ['colcon_pkg']
[2.502s] Level 1:colcon.colcon_core.package_identification:_identify(experiment_logs/simulation/control_layer_20260530_223018/ros_logs/2026-05-30-22-30-19-699237-LAPTOP-EK504TPB-852831) by extension 'colcon_pkg'
[2.502s] Level 1:colcon.colcon_core.package_identification:_identify(experiment_logs/simulation/control_layer_20260530_223018/ros_logs/2026-05-30-22-30-19-699237-LAPTOP-EK504TPB-852831) by extensions ['colcon_meta']
[2.502s] Level 1:colcon.colcon_core.package_identification:_identify(experiment_logs/simulation/control_layer_20260530_223018/ros_logs/2026-05-30-22-30-19-699237-LAPTOP-EK504TPB-852831) by extension 'colcon_meta'
[2.502s] Level 1:colcon.colcon_core.package_identification:_identify(experiment_logs/simulation/control_layer_20260530_223018/ros_logs/2026-05-30-22-30-19-699237-LAPTOP-EK504TPB-852831) by extensions ['ros']
[2.503s] Level 1:colcon.colcon_core.package_identification:_identify(experiment_logs/simulation/control_layer_20260530_223018/ros_logs/2026-05-30-22-30-19-699237-LAPTOP-EK504TPB-852831) by extension 'ros'
[2.503s] Level 1:colcon.colcon_core.package_identification:_identify(experiment_logs/simulation/control_layer_20260530_223018/ros_logs/2026-05-30-22-30-19-699237-LAPTOP-EK504TPB-852831) by extensions ['cmake', 'python']
[2.503s] Level 1:colcon.colcon_core.package_identification:_identify(experiment_logs/simulation/control_layer_20260530_223018/ros_logs/2026-05-30-22-30-19-699237-LAPTOP-EK504TPB-852831) by extension 'cmake'
[2.503s] Level 1:colcon.colcon_core.package_identification:_identify(experiment_logs/simulation/control_layer_20260530_223018/ros_logs/2026-05-30-22-30-19-699237-LAPTOP-EK504TPB-852831) by extension 'python'
[2.503s] Level 1:colcon.colcon_core.package_identification:_identify(experiment_logs/simulation/control_layer_20260530_223018/ros_logs/2026-05-30-22-30-19-699237-LAPTOP-EK504TPB-852831) by extensions ['python_setup_py']
[2.503s] Level 1:colcon.colcon_core.package_identification:_identify(experiment_logs/simulation/control_layer_20260530_223018/ros_logs/2026-05-30-22-30-19-699237-LAPTOP-EK504TPB-852831) by extension 'python_setup_py'
[2.504s] Level 1:colcon.colcon_core.package_identification:_identify(experiment_logs/simulation/control_layer_20260530_223018/ros_logs/2026-05-30-22-30-57-981443-LAPTOP-EK504TPB-855213) by extensions ['ignore', 'ignore_ament_install']
[2.504s] Level 1:colcon.colcon_core.package_identification:_identify(experiment_logs/simulation/control_layer_20260530_223018/ros_logs/2026-05-30-22-30-57-981443-LAPTOP-EK504TPB-855213) by extension 'ignore'
[2.504s] Level 1:colcon.colcon_core.package_identification:_identify(experiment_logs/simulation/control_layer_20260530_223018/ros_logs/2026-05-30-22-30-57-981443-LAPTOP-EK504TPB-855213) by extension 'ignore_ament_install'
[2.504s] Level 1:colcon.colcon_core.package_identification:_identify(experiment_logs/simulation/control_layer_20260530_223018/ros_logs/2026-05-30-22-30-57-981443-LAPTOP-EK504TPB-855213) by extensions ['colcon_pkg']
[2.504s] Level 1:colcon.colcon_core.package_identification:_identify(experiment_logs/simulation/control_layer_20260530_223018/ros_logs/2026-05-30-22-30-57-981443-LAPTOP-EK504TPB-855213) by extension 'colcon_pkg'
[2.504s] Level 1:colcon.colcon_core.package_identification:_identify(experiment_logs/simulation/control_layer_20260530_223018/ros_logs/2026-05-30-22-30-57-981443-LAPTOP-EK504TPB-855213) by extensions ['colcon_meta']
[2.505s] Level 1:colcon.colcon_core.package_identification:_identify(experiment_logs/simulation/control_layer_20260530_223018/ros_logs/2026-05-30-22-30-57-981443-LAPTOP-EK504TPB-855213) by extension 'colcon_meta'
[2.505s] Level 1:colcon.colcon_core.package_identification:_identify(experiment_logs/simulation/control_layer_20260530_223018/ros_logs/2026-05-30-22-30-57-981443-LAPTOP-EK504TPB-855213) by extensions ['ros']
[2.505s] Level 1:colcon.colcon_core.package_identification:_identify(experiment_logs/simulation/control_layer_20260530_223018/ros_logs/2026-05-30-22-30-57-981443-LAPTOP-EK504TPB-855213) by extension 'ros'
[2.505s] Level 1:colcon.colcon_core.package_identification:_identify(experiment_logs/simulation/control_layer_20260530_223018/ros_logs/2026-05-30-22-30-57-981443-LAPTOP-EK504TPB-855213) by extensions ['cmake', 'python']
[2.505s] Level 1:colcon.colcon_core.package_identification:_identify(experiment_logs/simulation/control_layer_20260530_223018/ros_logs/2026-05-30-22-30-57-981443-LAPTOP-EK504TPB-855213) by extension 'cmake'
[2.505s] Level 1:colcon.colcon_core.package_identification:_identify(experiment_logs/simulation/control_layer_20260530_223018/ros_logs/2026-05-30-22-30-57-981443-LAPTOP-EK504TPB-855213) by extension 'python'
[2.505s] Level 1:colcon.colcon_core.package_identification:_identify(experiment_logs/simulation/control_layer_20260530_223018/ros_logs/2026-05-30-22-30-57-981443-LAPTOP-EK504TPB-855213) by extensions ['python_setup_py']
[2.506s] Level 1:colcon.colcon_core.package_identification:_identify(experiment_logs/simulation/control_layer_20260530_223018/ros_logs/2026-05-30-22-30-57-981443-LAPTOP-EK504TPB-855213) by extension 'python_setup_py'
[2.506s] Level 1:colcon.colcon_core.package_identification:_identify(experiment_logs/simulation/control_layer_20260530_223401) by extensions ['ignore', 'ignore_ament_install']
[2.506s] Level 1:colcon.colcon_core.package_identification:_identify(experiment_logs/simulation/control_layer_20260530_223401) by extension 'ignore'
[2.506s] Level 1:colcon.colcon_core.package_identification:_identify(experiment_logs/simulation/control_layer_20260530_223401) by extension 'ignore_ament_install'
[2.506s] Level 1:colcon.colcon_core.package_identification:_identify(experiment_logs/simulation/control_layer_20260530_223401) by extensions ['colcon_pkg']
[2.506s] Level 1:colcon.colcon_core.package_identification:_identify(experiment_logs/simulation/control_layer_20260530_223401) by extension 'colcon_pkg'
[2.506s] Level 1:colcon.colcon_core.package_identification:_identify(experiment_logs/simulation/control_layer_20260530_223401) by extensions ['colcon_meta']
[2.507s] Level 1:colcon.colcon_core.package_identification:_identify(experiment_logs/simulation/control_layer_20260530_223401) by extension 'colcon_meta'
[2.507s] Level 1:colcon.colcon_core.package_identification:_identify(experiment_logs/simulation/control_layer_20260530_223401) by extensions ['ros']
[2.507s] Level 1:colcon.colcon_core.package_identification:_identify(experiment_logs/simulation/control_layer_20260530_223401) by extension 'ros'
[2.507s] Level 1:colcon.colcon_core.package_identification:_identify(experiment_logs/simulation/control_layer_20260530_223401) by extensions ['cmake', 'python']
[2.507s] Level 1:colcon.colcon_core.package_identification:_identify(experiment_logs/simulation/control_layer_20260530_223401) by extension 'cmake'
[2.507s] Level 1:colcon.colcon_core.package_identification:_identify(experiment_logs/simulation/control_layer_20260530_223401) by extension 'python'
[2.507s] Level 1:colcon.colcon_core.package_identification:_identify(experiment_logs/simulation/control_layer_20260530_223401) by extensions ['python_setup_py']
[2.507s] Level 1:colcon.colcon_core.package_identification:_identify(experiment_logs/simulation/control_layer_20260530_223401) by extension 'python_setup_py'
[2.507s] Level 1:colcon.colcon_core.package_identification:_identify(experiment_logs/simulation/control_layer_20260530_223401/ros_logs) by extensions ['ignore', 'ignore_ament_install']
[2.508s] Level 1:colcon.colcon_core.package_identification:_identify(experiment_logs/simulation/control_layer_20260530_223401/ros_logs) by extension 'ignore'
[2.508s] Level 1:colcon.colcon_core.package_identification:_identify(experiment_logs/simulation/control_layer_20260530_223401/ros_logs) by extension 'ignore_ament_install'
[2.508s] Level 1:colcon.colcon_core.package_identification:_identify(experiment_logs/simulation/control_layer_20260530_223401/ros_logs) by extensions ['colcon_pkg']
[2.508s] Level 1:colcon.colcon_core.package_identification:_identify(experiment_logs/simulation/control_layer_20260530_223401/ros_logs) by extension 'colcon_pkg'
[2.508s] Level 1:colcon.colcon_core.package_identification:_identify(experiment_logs/simulation/control_layer_20260530_223401/ros_logs) by extensions ['colcon_meta']
[2.508s] Level 1:colcon.colcon_core.package_identification:_identify(experiment_logs/simulation/control_layer_20260530_223401/ros_logs) by extension 'colcon_meta'
[2.508s] Level 1:colcon.colcon_core.package_identification:_identify(experiment_logs/simulation/control_layer_20260530_223401/ros_logs) by extensions ['ros']
[2.508s] Level 1:colcon.colcon_core.package_identification:_identify(experiment_logs/simulation/control_layer_20260530_223401/ros_logs) by extension 'ros'
[2.509s] Level 1:colcon.colcon_core.package_identification:_identify(experiment_logs/simulation/control_layer_20260530_223401/ros_logs) by extensions ['cmake', 'python']
[2.509s] Level 1:colcon.colcon_core.package_identification:_identify(experiment_logs/simulation/control_layer_20260530_223401/ros_logs) by extension 'cmake'
[2.509s] Level 1:colcon.colcon_core.package_identification:_identify(experiment_logs/simulation/control_layer_20260530_223401/ros_logs) by extension 'python'
[2.509s] Level 1:colcon.colcon_core.package_identification:_identify(experiment_logs/simulation/control_layer_20260530_223401/ros_logs) by extensions ['python_setup_py']
[2.509s] Level 1:colcon.colcon_core.package_identification:_identify(experiment_logs/simulation/control_layer_20260530_223401/ros_logs) by extension 'python_setup_py'
[2.509s] Level 1:colcon.colcon_core.package_identification:_identify(experiment_logs/simulation/control_layer_20260530_223401/ros_logs/2026-05-30-22-34-02-205947-LAPTOP-EK504TPB-865800) by extensions ['ignore', 'ignore_ament_install']
[2.509s] Level 1:colcon.colcon_core.package_identification:_identify(experiment_logs/simulation/control_layer_20260530_223401/ros_logs/2026-05-30-22-34-02-205947-LAPTOP-EK504TPB-865800) by extension 'ignore'
[2.510s] Level 1:colcon.colcon_core.package_identification:_identify(experiment_logs/simulation/control_layer_20260530_223401/ros_logs/2026-05-30-22-34-02-205947-LAPTOP-EK504TPB-865800) by extension 'ignore_ament_install'
[2.510s] Level 1:colcon.colcon_core.package_identification:_identify(experiment_logs/simulation/control_layer_20260530_223401/ros_logs/2026-05-30-22-34-02-205947-LAPTOP-EK504TPB-865800) by extensions ['colcon_pkg']
[2.510s] Level 1:colcon.colcon_core.package_identification:_identify(experiment_logs/simulation/control_layer_20260530_223401/ros_logs/2026-05-30-22-34-02-205947-LAPTOP-EK504TPB-865800) by extension 'colcon_pkg'
[2.510s] Level 1:colcon.colcon_core.package_identification:_identify(experiment_logs/simulation/control_layer_20260530_223401/ros_logs/2026-05-30-22-34-02-205947-LAPTOP-EK504TPB-865800) by extensions ['colcon_meta']
[2.510s] Level 1:colcon.colcon_core.package_identification:_identify(experiment_logs/simulation/control_layer_20260530_223401/ros_logs/2026-05-30-22-34-02-205947-LAPTOP-EK504TPB-865800) by extension 'colcon_meta'
[2.510s] Level 1:colcon.colcon_core.package_identification:_identify(experiment_logs/simulation/control_layer_20260530_223401/ros_logs/2026-05-30-22-34-02-205947-LAPTOP-EK504TPB-865800) by extensions ['ros']
[2.510s] Level 1:colcon.colcon_core.package_identification:_identify(experiment_logs/simulation/control_layer_20260530_223401/ros_logs/2026-05-30-22-34-02-205947-LAPTOP-EK504TPB-865800) by extension 'ros'
[2.510s] Level 1:colcon.colcon_core.package_identification:_identify(experiment_logs/simulation/control_layer_20260530_223401/ros_logs/2026-05-30-22-34-02-205947-LAPTOP-EK504TPB-865800) by extensions ['cmake', 'python']
[2.510s] Level 1:colcon.colcon_core.package_identification:_identify(experiment_logs/simulation/control_layer_20260530_223401/ros_logs/2026-05-30-22-34-02-205947-LAPTOP-EK504TPB-865800) by extension 'cmake'
[2.510s] Level 1:colcon.colcon_core.package_identification:_identify(experiment_logs/simulation/control_layer_20260530_223401/ros_logs/2026-05-30-22-34-02-205947-LAPTOP-EK504TPB-865800) by extension 'python'
[2.511s] Level 1:colcon.colcon_core.package_identification:_identify(experiment_logs/simulation/control_layer_20260530_223401/ros_logs/2026-05-30-22-34-02-205947-LAPTOP-EK504TPB-865800) by extensions ['python_setup_py']
[2.511s] Level 1:colcon.colcon_core.package_identification:_identify(experiment_logs/simulation/control_layer_20260530_223401/ros_logs/2026-05-30-22-34-02-205947-LAPTOP-EK504TPB-865800) by extension 'python_setup_py'
[2.511s] Level 1:colcon.colcon_core.package_identification:_identify(experiment_logs/simulation/control_layer_20260603_162652) by extensions ['ignore', 'ignore_ament_install']
[2.511s] Level 1:colcon.colcon_core.package_identification:_identify(experiment_logs/simulation/control_layer_20260603_162652) by extension 'ignore'
[2.511s] Level 1:colcon.colcon_core.package_identification:_identify(experiment_logs/simulation/control_layer_20260603_162652) by extension 'ignore_ament_install'
[2.511s] Level 1:colcon.colcon_core.package_identification:_identify(experiment_logs/simulation/control_layer_20260603_162652) by extensions ['colcon_pkg']
[2.512s] Level 1:colcon.colcon_core.package_identification:_identify(experiment_logs/simulation/control_layer_20260603_162652) by extension 'colcon_pkg'
[2.512s] Level 1:colcon.colcon_core.package_identification:_identify(experiment_logs/simulation/control_layer_20260603_162652) by extensions ['colcon_meta']
[2.512s] Level 1:colcon.colcon_core.package_identification:_identify(experiment_logs/simulation/control_layer_20260603_162652) by extension 'colcon_meta'
[2.512s] Level 1:colcon.colcon_core.package_identification:_identify(experiment_logs/simulation/control_layer_20260603_162652) by extensions ['ros']
[2.512s] Level 1:colcon.colcon_core.package_identification:_identify(experiment_logs/simulation/control_layer_20260603_162652) by extension 'ros'
[2.512s] Level 1:colcon.colcon_core.package_identification:_identify(experiment_logs/simulation/control_layer_20260603_162652) by extensions ['cmake', 'python']
[2.512s] Level 1:colcon.colcon_core.package_identification:_identify(experiment_logs/simulation/control_layer_20260603_162652) by extension 'cmake'
[2.512s] Level 1:colcon.colcon_core.package_identification:_identify(experiment_logs/simulation/control_layer_20260603_162652) by extension 'python'
[2.512s] Level 1:colcon.colcon_core.package_identification:_identify(experiment_logs/simulation/control_layer_20260603_162652) by extensions ['python_setup_py']
[2.512s] Level 1:colcon.colcon_core.package_identification:_identify(experiment_logs/simulation/control_layer_20260603_162652) by extension 'python_setup_py'
[2.513s] Level 1:colcon.colcon_core.package_identification:_identify(experiment_logs/simulation/control_layer_20260603_162652/ros_logs) by extensions ['ignore', 'ignore_ament_install']
[2.513s] Level 1:colcon.colcon_core.package_identification:_identify(experiment_logs/simulation/control_layer_20260603_162652/ros_logs) by extension 'ignore'
[2.513s] Level 1:colcon.colcon_core.package_identification:_identify(experiment_logs/simulation/control_layer_20260603_162652/ros_logs) by extension 'ignore_ament_install'
[2.513s] Level 1:colcon.colcon_core.package_identification:_identify(experiment_logs/simulation/control_layer_20260603_162652/ros_logs) by extensions ['colcon_pkg']
[2.513s] Level 1:colcon.colcon_core.package_identification:_identify(experiment_logs/simulation/control_layer_20260603_162652/ros_logs) by extension 'colcon_pkg'
[2.513s] Level 1:colcon.colcon_core.package_identification:_identify(experiment_logs/simulation/control_layer_20260603_162652/ros_logs) by extensions ['colcon_meta']
[2.514s] Level 1:colcon.colcon_core.package_identification:_identify(experiment_logs/simulation/control_layer_20260603_162652/ros_logs) by extension 'colcon_meta'
[2.514s] Level 1:colcon.colcon_core.package_identification:_identify(experiment_logs/simulation/control_layer_20260603_162652/ros_logs) by extensions ['ros']
[2.514s] Level 1:colcon.colcon_core.package_identification:_identify(experiment_logs/simulation/control_layer_20260603_162652/ros_logs) by extension 'ros'
[2.514s] Level 1:colcon.colcon_core.package_identification:_identify(experiment_logs/simulation/control_layer_20260603_162652/ros_logs) by extensions ['cmake', 'python']
[2.514s] Level 1:colcon.colcon_core.package_identification:_identify(experiment_logs/simulation/control_layer_20260603_162652/ros_logs) by extension 'cmake'
[2.514s] Level 1:colcon.colcon_core.package_identification:_identify(experiment_logs/simulation/control_layer_20260603_162652/ros_logs) by extension 'python'
[2.514s] Level 1:colcon.colcon_core.package_identification:_identify(experiment_logs/simulation/control_layer_20260603_162652/ros_logs) by extensions ['python_setup_py']
[2.514s] Level 1:colcon.colcon_core.package_identification:_identify(experiment_logs/simulation/control_layer_20260603_162652/ros_logs) by extension 'python_setup_py'
[2.515s] Level 1:colcon.colcon_core.package_identification:_identify(experiment_logs/simulation/control_layer_20260603_162652/ros_logs/2026-06-03-16-26-53-959147-LAPTOP-EK504TPB-3059020) by extensions ['ignore', 'ignore_ament_install']
[2.515s] Level 1:colcon.colcon_core.package_identification:_identify(experiment_logs/simulation/control_layer_20260603_162652/ros_logs/2026-06-03-16-26-53-959147-LAPTOP-EK504TPB-3059020) by extension 'ignore'
[2.515s] Level 1:colcon.colcon_core.package_identification:_identify(experiment_logs/simulation/control_layer_20260603_162652/ros_logs/2026-06-03-16-26-53-959147-LAPTOP-EK504TPB-3059020) by extension 'ignore_ament_install'
[2.515s] Level 1:colcon.colcon_core.package_identification:_identify(experiment_logs/simulation/control_layer_20260603_162652/ros_logs/2026-06-03-16-26-53-959147-LAPTOP-EK504TPB-3059020) by extensions ['colcon_pkg']
[2.515s] Level 1:colcon.colcon_core.package_identification:_identify(experiment_logs/simulation/control_layer_20260603_162652/ros_logs/2026-06-03-16-26-53-959147-LAPTOP-EK504TPB-3059020) by extension 'colcon_pkg'
[2.515s] Level 1:colcon.colcon_core.package_identification:_identify(experiment_logs/simulation/control_layer_20260603_162652/ros_logs/2026-06-03-16-26-53-959147-LAPTOP-EK504TPB-3059020) by extensions ['colcon_meta']
[2.515s] Level 1:colcon.colcon_core.package_identification:_identify(experiment_logs/simulation/control_layer_20260603_162652/ros_logs/2026-06-03-16-26-53-959147-LAPTOP-EK504TPB-3059020) by extension 'colcon_meta'
[2.515s] Level 1:colcon.colcon_core.package_identification:_identify(experiment_logs/simulation/control_layer_20260603_162652/ros_logs/2026-06-03-16-26-53-959147-LAPTOP-EK504TPB-3059020) by extensions ['ros']
[2.516s] Level 1:colcon.colcon_core.package_identification:_identify(experiment_logs/simulation/control_layer_20260603_162652/ros_logs/2026-06-03-16-26-53-959147-LAPTOP-EK504TPB-3059020) by extension 'ros'
[2.516s] Level 1:colcon.colcon_core.package_identification:_identify(experiment_logs/simulation/control_layer_20260603_162652/ros_logs/2026-06-03-16-26-53-959147-LAPTOP-EK504TPB-3059020) by extensions ['cmake', 'python']
[2.516s] Level 1:colcon.colcon_core.package_identification:_identify(experiment_logs/simulation/control_layer_20260603_162652/ros_logs/2026-06-03-16-26-53-959147-LAPTOP-EK504TPB-3059020) by extension 'cmake'
[2.516s] Level 1:colcon.colcon_core.package_identification:_identify(experiment_logs/simulation/control_layer_20260603_162652/ros_logs/2026-06-03-16-26-53-959147-LAPTOP-EK504TPB-3059020) by extension 'python'
[2.516s] Level 1:colcon.colcon_core.package_identification:_identify(experiment_logs/simulation/control_layer_20260603_162652/ros_logs/2026-06-03-16-26-53-959147-LAPTOP-EK504TPB-3059020) by extensions ['python_setup_py']
[2.516s] Level 1:colcon.colcon_core.package_identification:_identify(experiment_logs/simulation/control_layer_20260603_162652/ros_logs/2026-06-03-16-26-53-959147-LAPTOP-EK504TPB-3059020) by extension 'python_setup_py'
[2.516s] Level 1:colcon.colcon_core.package_identification:_identify(experiment_logs/simulation/control_layer_20260603_162652/ros_logs/2026-06-03-16-27-31-807540-LAPTOP-EK504TPB-3060906) by extensions ['ignore', 'ignore_ament_install']
[2.516s] Level 1:colcon.colcon_core.package_identification:_identify(experiment_logs/simulation/control_layer_20260603_162652/ros_logs/2026-06-03-16-27-31-807540-LAPTOP-EK504TPB-3060906) by extension 'ignore'
[2.517s] Level 1:colcon.colcon_core.package_identification:_identify(experiment_logs/simulation/control_layer_20260603_162652/ros_logs/2026-06-03-16-27-31-807540-LAPTOP-EK504TPB-3060906) by extension 'ignore_ament_install'
[2.517s] Level 1:colcon.colcon_core.package_identification:_identify(experiment_logs/simulation/control_layer_20260603_162652/ros_logs/2026-06-03-16-27-31-807540-LAPTOP-EK504TPB-3060906) by extensions ['colcon_pkg']
[2.517s] Level 1:colcon.colcon_core.package_identification:_identify(experiment_logs/simulation/control_layer_20260603_162652/ros_logs/2026-06-03-16-27-31-807540-LAPTOP-EK504TPB-3060906) by extension 'colcon_pkg'
[2.517s] Level 1:colcon.colcon_core.package_identification:_identify(experiment_logs/simulation/control_layer_20260603_162652/ros_logs/2026-06-03-16-27-31-807540-LAPTOP-EK504TPB-3060906) by extensions ['colcon_meta']
[2.517s] Level 1:colcon.colcon_core.package_identification:_identify(experiment_logs/simulation/control_layer_20260603_162652/ros_logs/2026-06-03-16-27-31-807540-LAPTOP-EK504TPB-3060906) by extension 'colcon_meta'
[2.517s] Level 1:colcon.colcon_core.package_identification:_identify(experiment_logs/simulation/control_layer_20260603_162652/ros_logs/2026-06-03-16-27-31-807540-LAPTOP-EK504TPB-3060906) by extensions ['ros']
[2.517s] Level 1:colcon.colcon_core.package_identification:_identify(experiment_logs/simulation/control_layer_20260603_162652/ros_logs/2026-06-03-16-27-31-807540-LAPTOP-EK504TPB-3060906) by extension 'ros'
[2.517s] Level 1:colcon.colcon_core.package_identification:_identify(experiment_logs/simulation/control_layer_20260603_162652/ros_logs/2026-06-03-16-27-31-807540-LAPTOP-EK504TPB-3060906) by extensions ['cmake', 'python']
[2.517s] Level 1:colcon.colcon_core.package_identification:_identify(experiment_logs/simulation/control_layer_20260603_162652/ros_logs/2026-06-03-16-27-31-807540-LAPTOP-EK504TPB-3060906) by extension 'cmake'
[2.518s] Level 1:colcon.colcon_core.package_identification:_identify(experiment_logs/simulation/control_layer_20260603_162652/ros_logs/2026-06-03-16-27-31-807540-LAPTOP-EK504TPB-3060906) by extension 'python'
[2.518s] Level 1:colcon.colcon_core.package_identification:_identify(experiment_logs/simulation/control_layer_20260603_162652/ros_logs/2026-06-03-16-27-31-807540-LAPTOP-EK504TPB-3060906) by extensions ['python_setup_py']
[2.518s] Level 1:colcon.colcon_core.package_identification:_identify(experiment_logs/simulation/control_layer_20260603_162652/ros_logs/2026-06-03-16-27-31-807540-LAPTOP-EK504TPB-3060906) by extension 'python_setup_py'
[2.518s] Level 1:colcon.colcon_core.package_identification:_identify(experiment_logs/simulation/control_layer_20260603_162652/ros_logs/2026-06-03-16-27-31-817161-LAPTOP-EK504TPB-3060902) by extensions ['ignore', 'ignore_ament_install']
[2.519s] Level 1:colcon.colcon_core.package_identification:_identify(experiment_logs/simulation/control_layer_20260603_162652/ros_logs/2026-06-03-16-27-31-817161-LAPTOP-EK504TPB-3060902) by extension 'ignore'
[2.519s] Level 1:colcon.colcon_core.package_identification:_identify(experiment_logs/simulation/control_layer_20260603_162652/ros_logs/2026-06-03-16-27-31-817161-LAPTOP-EK504TPB-3060902) by extension 'ignore_ament_install'
[2.520s] Level 1:colcon.colcon_core.package_identification:_identify(experiment_logs/simulation/control_layer_20260603_162652/ros_logs/2026-06-03-16-27-31-817161-LAPTOP-EK504TPB-3060902) by extensions ['colcon_pkg']
[2.520s] Level 1:colcon.colcon_core.package_identification:_identify(experiment_logs/simulation/control_layer_20260603_162652/ros_logs/2026-06-03-16-27-31-817161-LAPTOP-EK504TPB-3060902) by extension 'colcon_pkg'
[2.520s] Level 1:colcon.colcon_core.package_identification:_identify(experiment_logs/simulation/control_layer_20260603_162652/ros_logs/2026-06-03-16-27-31-817161-LAPTOP-EK504TPB-3060902) by extensions ['colcon_meta']
[2.520s] Level 1:colcon.colcon_core.package_identification:_identify(experiment_logs/simulation/control_layer_20260603_162652/ros_logs/2026-06-03-16-27-31-817161-LAPTOP-EK504TPB-3060902) by extension 'colcon_meta'
[2.520s] Level 1:colcon.colcon_core.package_identification:_identify(experiment_logs/simulation/control_layer_20260603_162652/ros_logs/2026-06-03-16-27-31-817161-LAPTOP-EK504TPB-3060902) by extensions ['ros']
[2.520s] Level 1:colcon.colcon_core.package_identification:_identify(experiment_logs/simulation/control_layer_20260603_162652/ros_logs/2026-06-03-16-27-31-817161-LAPTOP-EK504TPB-3060902) by extension 'ros'
[2.520s] Level 1:colcon.colcon_core.package_identification:_identify(experiment_logs/simulation/control_layer_20260603_162652/ros_logs/2026-06-03-16-27-31-817161-LAPTOP-EK504TPB-3060902) by extensions ['cmake', 'python']
[2.520s] Level 1:colcon.colcon_core.package_identification:_identify(experiment_logs/simulation/control_layer_20260603_162652/ros_logs/2026-06-03-16-27-31-817161-LAPTOP-EK504TPB-3060902) by extension 'cmake'
[2.521s] Level 1:colcon.colcon_core.package_identification:_identify(experiment_logs/simulation/control_layer_20260603_162652/ros_logs/2026-06-03-16-27-31-817161-LAPTOP-EK504TPB-3060902) by extension 'python'
[2.521s] Level 1:colcon.colcon_core.package_identification:_identify(experiment_logs/simulation/control_layer_20260603_162652/ros_logs/2026-06-03-16-27-31-817161-LAPTOP-EK504TPB-3060902) by extensions ['python_setup_py']
[2.521s] Level 1:colcon.colcon_core.package_identification:_identify(experiment_logs/simulation/control_layer_20260603_162652/ros_logs/2026-06-03-16-27-31-817161-LAPTOP-EK504TPB-3060902) by extension 'python_setup_py'
[2.521s] Level 1:colcon.colcon_core.package_identification:_identify(install) by extensions ['ignore', 'ignore_ament_install']
[2.521s] Level 1:colcon.colcon_core.package_identification:_identify(install) by extension 'ignore'
[2.521s] Level 1:colcon.colcon_core.package_identification:_identify(install) ignored
[2.522s] Level 1:colcon.colcon_core.package_identification:_identify(log) by extensions ['ignore', 'ignore_ament_install']
[2.522s] Level 1:colcon.colcon_core.package_identification:_identify(log) by extension 'ignore'
[2.522s] Level 1:colcon.colcon_core.package_identification:_identify(log) ignored
[2.522s] Level 1:colcon.colcon_core.package_identification:_identify(src) by extensions ['ignore', 'ignore_ament_install']
[2.522s] Level 1:colcon.colcon_core.package_identification:_identify(src) by extension 'ignore'
[2.523s] Level 1:colcon.colcon_core.package_identification:_identify(src) by extension 'ignore_ament_install'
[2.523s] Level 1:colcon.colcon_core.package_identification:_identify(src) by extensions ['colcon_pkg']
[2.523s] Level 1:colcon.colcon_core.package_identification:_identify(src) by extension 'colcon_pkg'
[2.523s] Level 1:colcon.colcon_core.package_identification:_identify(src) by extensions ['colcon_meta']
[2.523s] Level 1:colcon.colcon_core.package_identification:_identify(src) by extension 'colcon_meta'
[2.523s] Level 1:colcon.colcon_core.package_identification:_identify(src) by extensions ['ros']
[2.523s] Level 1:colcon.colcon_core.package_identification:_identify(src) by extension 'ros'
[2.524s] Level 1:colcon.colcon_core.package_identification:_identify(src) by extensions ['cmake', 'python']
[2.524s] Level 1:colcon.colcon_core.package_identification:_identify(src) by extension 'cmake'
[2.524s] Level 1:colcon.colcon_core.package_identification:_identify(src) by extension 'python'
[2.524s] Level 1:colcon.colcon_core.package_identification:_identify(src) by extensions ['python_setup_py']
[2.524s] Level 1:colcon.colcon_core.package_identification:_identify(src) by extension 'python_setup_py'
[2.524s] Level 1:colcon.colcon_core.package_identification:_identify(src/alicia_d_arm_motion) by extensions ['ignore', 'ignore_ament_install']
[2.525s] Level 1:colcon.colcon_core.package_identification:_identify(src/alicia_d_arm_motion) by extension 'ignore'
[2.525s] Level 1:colcon.colcon_core.package_identification:_identify(src/alicia_d_arm_motion) by extension 'ignore_ament_install'
[2.525s] Level 1:colcon.colcon_core.package_identification:_identify(src/alicia_d_arm_motion) by extensions ['colcon_pkg']
[2.525s] Level 1:colcon.colcon_core.package_identification:_identify(src/alicia_d_arm_motion) by extension 'colcon_pkg'
[2.525s] Level 1:colcon.colcon_core.package_identification:_identify(src/alicia_d_arm_motion) by extensions ['colcon_meta']
[2.525s] Level 1:colcon.colcon_core.package_identification:_identify(src/alicia_d_arm_motion) by extension 'colcon_meta'
[2.525s] Level 1:colcon.colcon_core.package_identification:_identify(src/alicia_d_arm_motion) by extensions ['ros']
[2.525s] Level 1:colcon.colcon_core.package_identification:_identify(src/alicia_d_arm_motion) by extension 'ros'
[2.531s] DEBUG:colcon.colcon_core.package_identification:Package 'src/alicia_d_arm_motion' with type 'ros.ament_cmake' and name 'alicia_d_arm_motion'
[2.531s] Level 1:colcon.colcon_core.package_identification:_identify(src/alicia_d_calibration) by extensions ['ignore', 'ignore_ament_install']
[2.532s] Level 1:colcon.colcon_core.package_identification:_identify(src/alicia_d_calibration) by extension 'ignore'
[2.532s] Level 1:colcon.colcon_core.package_identification:_identify(src/alicia_d_calibration) by extension 'ignore_ament_install'
[2.532s] Level 1:colcon.colcon_core.package_identification:_identify(src/alicia_d_calibration) by extensions ['colcon_pkg']
[2.532s] Level 1:colcon.colcon_core.package_identification:_identify(src/alicia_d_calibration) by extension 'colcon_pkg'
[2.532s] Level 1:colcon.colcon_core.package_identification:_identify(src/alicia_d_calibration) by extensions ['colcon_meta']
[2.532s] Level 1:colcon.colcon_core.package_identification:_identify(src/alicia_d_calibration) by extension 'colcon_meta'
[2.532s] Level 1:colcon.colcon_core.package_identification:_identify(src/alicia_d_calibration) by extensions ['ros']
[2.533s] Level 1:colcon.colcon_core.package_identification:_identify(src/alicia_d_calibration) by extension 'ros'
[2.535s] DEBUG:colcon.colcon_core.package_identification:Package 'src/alicia_d_calibration' with type 'ros.ament_cmake' and name 'alicia_d_calibration'
[2.535s] Level 1:colcon.colcon_core.package_identification:_identify(src/alicia_d_control_interfaces) by extensions ['ignore', 'ignore_ament_install']
[2.536s] Level 1:colcon.colcon_core.package_identification:_identify(src/alicia_d_control_interfaces) by extension 'ignore'
[2.536s] Level 1:colcon.colcon_core.package_identification:_identify(src/alicia_d_control_interfaces) by extension 'ignore_ament_install'
[2.536s] Level 1:colcon.colcon_core.package_identification:_identify(src/alicia_d_control_interfaces) by extensions ['colcon_pkg']
[2.536s] Level 1:colcon.colcon_core.package_identification:_identify(src/alicia_d_control_interfaces) by extension 'colcon_pkg'
[2.536s] Level 1:colcon.colcon_core.package_identification:_identify(src/alicia_d_control_interfaces) by extensions ['colcon_meta']
[2.536s] Level 1:colcon.colcon_core.package_identification:_identify(src/alicia_d_control_interfaces) by extension 'colcon_meta'
[2.536s] Level 1:colcon.colcon_core.package_identification:_identify(src/alicia_d_control_interfaces) by extensions ['ros']
[2.536s] Level 1:colcon.colcon_core.package_identification:_identify(src/alicia_d_control_interfaces) by extension 'ros'
[2.538s] DEBUG:colcon.colcon_core.package_identification:Package 'src/alicia_d_control_interfaces' with type 'ros.ament_cmake' and name 'alicia_d_control_interfaces'
[2.538s] Level 1:colcon.colcon_core.package_identification:_identify(src/alicia_d_cube_sort) by extensions ['ignore', 'ignore_ament_install']
[2.538s] Level 1:colcon.colcon_core.package_identification:_identify(src/alicia_d_cube_sort) by extension 'ignore'
[2.538s] Level 1:colcon.colcon_core.package_identification:_identify(src/alicia_d_cube_sort) by extension 'ignore_ament_install'
[2.538s] Level 1:colcon.colcon_core.package_identification:_identify(src/alicia_d_cube_sort) by extensions ['colcon_pkg']
[2.539s] Level 1:colcon.colcon_core.package_identification:_identify(src/alicia_d_cube_sort) by extension 'colcon_pkg'
[2.539s] Level 1:colcon.colcon_core.package_identification:_identify(src/alicia_d_cube_sort) by extensions ['colcon_meta']
[2.539s] Level 1:colcon.colcon_core.package_identification:_identify(src/alicia_d_cube_sort) by extension 'colcon_meta'
[2.539s] Level 1:colcon.colcon_core.package_identification:_identify(src/alicia_d_cube_sort) by extensions ['ros']
[2.539s] Level 1:colcon.colcon_core.package_identification:_identify(src/alicia_d_cube_sort) by extension 'ros'
[2.541s] DEBUG:colcon.colcon_core.package_identification:Package 'src/alicia_d_cube_sort' with type 'ros.ament_cmake' and name 'alicia_d_cube_sort'
[2.542s] Level 1:colcon.colcon_core.package_identification:_identify(src/alicia_d_descriptions) by extensions ['ignore', 'ignore_ament_install']
[2.542s] Level 1:colcon.colcon_core.package_identification:_identify(src/alicia_d_descriptions) by extension 'ignore'
[2.542s] Level 1:colcon.colcon_core.package_identification:_identify(src/alicia_d_descriptions) by extension 'ignore_ament_install'
[2.542s] Level 1:colcon.colcon_core.package_identification:_identify(src/alicia_d_descriptions) by extensions ['colcon_pkg']
[2.542s] Level 1:colcon.colcon_core.package_identification:_identify(src/alicia_d_descriptions) by extension 'colcon_pkg'
[2.542s] Level 1:colcon.colcon_core.package_identification:_identify(src/alicia_d_descriptions) by extensions ['colcon_meta']
[2.542s] Level 1:colcon.colcon_core.package_identification:_identify(src/alicia_d_descriptions) by extension 'colcon_meta'
[2.542s] Level 1:colcon.colcon_core.package_identification:_identify(src/alicia_d_descriptions) by extensions ['ros']
[2.542s] Level 1:colcon.colcon_core.package_identification:_identify(src/alicia_d_descriptions) by extension 'ros'
[2.544s] DEBUG:colcon.colcon_core.package_identification:Package 'src/alicia_d_descriptions' with type 'ros.ament_cmake' and name 'alicia_d_descriptions'
[2.544s] Level 1:colcon.colcon_core.package_identification:_identify(src/alicia_d_driver) by extensions ['ignore', 'ignore_ament_install']
[2.544s] Level 1:colcon.colcon_core.package_identification:_identify(src/alicia_d_driver) by extension 'ignore'
[2.544s] Level 1:colcon.colcon_core.package_identification:_identify(src/alicia_d_driver) by extension 'ignore_ament_install'
[2.544s] Level 1:colcon.colcon_core.package_identification:_identify(src/alicia_d_driver) by extensions ['colcon_pkg']
[2.544s] Level 1:colcon.colcon_core.package_identification:_identify(src/alicia_d_driver) by extension 'colcon_pkg'
[2.544s] Level 1:colcon.colcon_core.package_identification:_identify(src/alicia_d_driver) by extensions ['colcon_meta']
[2.545s] Level 1:colcon.colcon_core.package_identification:_identify(src/alicia_d_driver) by extension 'colcon_meta'
[2.545s] Level 1:colcon.colcon_core.package_identification:_identify(src/alicia_d_driver) by extensions ['ros']
[2.545s] Level 1:colcon.colcon_core.package_identification:_identify(src/alicia_d_driver) by extension 'ros'
[2.547s] DEBUG:colcon.colcon_core.package_identification:Package 'src/alicia_d_driver' with type 'ros.ament_cmake' and name 'alicia_d_driver'
[2.547s] Level 1:colcon.colcon_core.package_identification:_identify(src/alicia_d_grasp_6d) by extensions ['ignore', 'ignore_ament_install']
[2.547s] Level 1:colcon.colcon_core.package_identification:_identify(src/alicia_d_grasp_6d) by extension 'ignore'
[2.547s] Level 1:colcon.colcon_core.package_identification:_identify(src/alicia_d_grasp_6d) by extension 'ignore_ament_install'
[2.547s] Level 1:colcon.colcon_core.package_identification:_identify(src/alicia_d_grasp_6d) by extensions ['colcon_pkg']
[2.547s] Level 1:colcon.colcon_core.package_identification:_identify(src/alicia_d_grasp_6d) by extension 'colcon_pkg'
[2.548s] Level 1:colcon.colcon_core.package_identification:_identify(src/alicia_d_grasp_6d) by extensions ['colcon_meta']
[2.548s] Level 1:colcon.colcon_core.package_identification:_identify(src/alicia_d_grasp_6d) by extension 'colcon_meta'
[2.548s] Level 1:colcon.colcon_core.package_identification:_identify(src/alicia_d_grasp_6d) by extensions ['ros']
[2.548s] Level 1:colcon.colcon_core.package_identification:_identify(src/alicia_d_grasp_6d) by extension 'ros'
[2.548s] Level 1:colcon.colcon_core.package_identification:_identify(src/alicia_d_grasp_6d) by extensions ['cmake', 'python']
[2.548s] Level 1:colcon.colcon_core.package_identification:_identify(src/alicia_d_grasp_6d) by extension 'cmake'
[2.548s] Level 1:colcon.colcon_core.package_identification:_identify(src/alicia_d_grasp_6d) by extension 'python'
[2.548s] Level 1:colcon.colcon_core.package_identification:_identify(src/alicia_d_grasp_6d) by extensions ['python_setup_py']
[2.548s] Level 1:colcon.colcon_core.package_identification:_identify(src/alicia_d_grasp_6d) by extension 'python_setup_py'
[2.549s] Level 1:colcon.colcon_core.package_identification:_identify(src/alicia_d_grasp_6d/Models) by extensions ['ignore', 'ignore_ament_install']
[2.549s] Level 1:colcon.colcon_core.package_identification:_identify(src/alicia_d_grasp_6d/Models) by extension 'ignore'
[2.549s] Level 1:colcon.colcon_core.package_identification:_identify(src/alicia_d_grasp_6d/Models) ignored
[2.549s] Level 1:colcon.colcon_core.package_identification:_identify(src/alicia_d_grasp_6d/scripts) by extensions ['ignore', 'ignore_ament_install']
[2.550s] Level 1:colcon.colcon_core.package_identification:_identify(src/alicia_d_grasp_6d/scripts) by extension 'ignore'
[2.550s] Level 1:colcon.colcon_core.package_identification:_identify(src/alicia_d_grasp_6d/scripts) by extension 'ignore_ament_install'
[2.550s] Level 1:colcon.colcon_core.package_identification:_identify(src/alicia_d_grasp_6d/scripts) by extensions ['colcon_pkg']
[2.550s] Level 1:colcon.colcon_core.package_identification:_identify(src/alicia_d_grasp_6d/scripts) by extension 'colcon_pkg'
[2.550s] Level 1:colcon.colcon_core.package_identification:_identify(src/alicia_d_grasp_6d/scripts) by extensions ['colcon_meta']
[2.550s] Level 1:colcon.colcon_core.package_identification:_identify(src/alicia_d_grasp_6d/scripts) by extension 'colcon_meta'
[2.550s] Level 1:colcon.colcon_core.package_identification:_identify(src/alicia_d_grasp_6d/scripts) by extensions ['ros']
[2.550s] Level 1:colcon.colcon_core.package_identification:_identify(src/alicia_d_grasp_6d/scripts) by extension 'ros'
[2.551s] Level 1:colcon.colcon_core.package_identification:_identify(src/alicia_d_grasp_6d/scripts) by extensions ['cmake', 'python']
[2.551s] Level 1:colcon.colcon_core.package_identification:_identify(src/alicia_d_grasp_6d/scripts) by extension 'cmake'
[2.551s] Level 1:colcon.colcon_core.package_identification:_identify(src/alicia_d_grasp_6d/scripts) by extension 'python'
[2.551s] Level 1:colcon.colcon_core.package_identification:_identify(src/alicia_d_grasp_6d/scripts) by extensions ['python_setup_py']
[2.551s] Level 1:colcon.colcon_core.package_identification:_identify(src/alicia_d_grasp_6d/scripts) by extension 'python_setup_py'
[2.551s] Level 1:colcon.colcon_core.package_identification:_identify(src/alicia_d_grasp_6d/scripts/intel_rs_d405) by extensions ['ignore', 'ignore_ament_install']
[2.551s] Level 1:colcon.colcon_core.package_identification:_identify(src/alicia_d_grasp_6d/scripts/intel_rs_d405) by extension 'ignore'
[2.552s] Level 1:colcon.colcon_core.package_identification:_identify(src/alicia_d_grasp_6d/scripts/intel_rs_d405) by extension 'ignore_ament_install'
[2.552s] Level 1:colcon.colcon_core.package_identification:_identify(src/alicia_d_grasp_6d/scripts/intel_rs_d405) by extensions ['colcon_pkg']
[2.552s] Level 1:colcon.colcon_core.package_identification:_identify(src/alicia_d_grasp_6d/scripts/intel_rs_d405) by extension 'colcon_pkg'
[2.552s] Level 1:colcon.colcon_core.package_identification:_identify(src/alicia_d_grasp_6d/scripts/intel_rs_d405) by extensions ['colcon_meta']
[2.552s] Level 1:colcon.colcon_core.package_identification:_identify(src/alicia_d_grasp_6d/scripts/intel_rs_d405) by extension 'colcon_meta'
[2.552s] Level 1:colcon.colcon_core.package_identification:_identify(src/alicia_d_grasp_6d/scripts/intel_rs_d405) by extensions ['ros']
[2.552s] Level 1:colcon.colcon_core.package_identification:_identify(src/alicia_d_grasp_6d/scripts/intel_rs_d405) by extension 'ros'
[2.552s] Level 1:colcon.colcon_core.package_identification:_identify(src/alicia_d_grasp_6d/scripts/intel_rs_d405) by extensions ['cmake', 'python']
[2.552s] Level 1:colcon.colcon_core.package_identification:_identify(src/alicia_d_grasp_6d/scripts/intel_rs_d405) by extension 'cmake'
[2.553s] Level 1:colcon.colcon_core.package_identification:_identify(src/alicia_d_grasp_6d/scripts/intel_rs_d405) by extension 'python'
[2.553s] Level 1:colcon.colcon_core.package_identification:_identify(src/alicia_d_grasp_6d/scripts/intel_rs_d405) by extensions ['python_setup_py']
[2.553s] Level 1:colcon.colcon_core.package_identification:_identify(src/alicia_d_grasp_6d/scripts/intel_rs_d405) by extension 'python_setup_py'
[2.553s] Level 1:colcon.colcon_core.package_identification:_identify(src/alicia_d_grasp_6d/scripts/intel_rs_d405/utils) by extensions ['ignore', 'ignore_ament_install']
[2.553s] Level 1:colcon.colcon_core.package_identification:_identify(src/alicia_d_grasp_6d/scripts/intel_rs_d405/utils) by extension 'ignore'
[2.553s] Level 1:colcon.colcon_core.package_identification:_identify(src/alicia_d_grasp_6d/scripts/intel_rs_d405/utils) by extension 'ignore_ament_install'
[2.553s] Level 1:colcon.colcon_core.package_identification:_identify(src/alicia_d_grasp_6d/scripts/intel_rs_d405/utils) by extensions ['colcon_pkg']
[2.554s] Level 1:colcon.colcon_core.package_identification:_identify(src/alicia_d_grasp_6d/scripts/intel_rs_d405/utils) by extension 'colcon_pkg'
[2.554s] Level 1:colcon.colcon_core.package_identification:_identify(src/alicia_d_grasp_6d/scripts/intel_rs_d405/utils) by extensions ['colcon_meta']
[2.554s] Level 1:colcon.colcon_core.package_identification:_identify(src/alicia_d_grasp_6d/scripts/intel_rs_d405/utils) by extension 'colcon_meta'
[2.554s] Level 1:colcon.colcon_core.package_identification:_identify(src/alicia_d_grasp_6d/scripts/intel_rs_d405/utils) by extensions ['ros']
[2.554s] Level 1:colcon.colcon_core.package_identification:_identify(src/alicia_d_grasp_6d/scripts/intel_rs_d405/utils) by extension 'ros'
[2.554s] Level 1:colcon.colcon_core.package_identification:_identify(src/alicia_d_grasp_6d/scripts/intel_rs_d405/utils) by extensions ['cmake', 'python']
[2.554s] Level 1:colcon.colcon_core.package_identification:_identify(src/alicia_d_grasp_6d/scripts/intel_rs_d405/utils) by extension 'cmake'
[2.554s] Level 1:colcon.colcon_core.package_identification:_identify(src/alicia_d_grasp_6d/scripts/intel_rs_d405/utils) by extension 'python'
[2.554s] Level 1:colcon.colcon_core.package_identification:_identify(src/alicia_d_grasp_6d/scripts/intel_rs_d405/utils) by extensions ['python_setup_py']
[2.555s] Level 1:colcon.colcon_core.package_identification:_identify(src/alicia_d_grasp_6d/scripts/intel_rs_d405/utils) by extension 'python_setup_py'
[2.555s] Level 1:colcon.colcon_core.package_identification:_identify(src/alicia_d_grasp_6d/scripts/orbbec_gemini_335) by extensions ['ignore', 'ignore_ament_install']
[2.555s] Level 1:colcon.colcon_core.package_identification:_identify(src/alicia_d_grasp_6d/scripts/orbbec_gemini_335) by extension 'ignore'
[2.555s] Level 1:colcon.colcon_core.package_identification:_identify(src/alicia_d_grasp_6d/scripts/orbbec_gemini_335) by extension 'ignore_ament_install'
[2.555s] Level 1:colcon.colcon_core.package_identification:_identify(src/alicia_d_grasp_6d/scripts/orbbec_gemini_335) by extensions ['colcon_pkg']
[2.555s] Level 1:colcon.colcon_core.package_identification:_identify(src/alicia_d_grasp_6d/scripts/orbbec_gemini_335) by extension 'colcon_pkg'
[2.555s] Level 1:colcon.colcon_core.package_identification:_identify(src/alicia_d_grasp_6d/scripts/orbbec_gemini_335) by extensions ['colcon_meta']
[2.556s] Level 1:colcon.colcon_core.package_identification:_identify(src/alicia_d_grasp_6d/scripts/orbbec_gemini_335) by extension 'colcon_meta'
[2.556s] Level 1:colcon.colcon_core.package_identification:_identify(src/alicia_d_grasp_6d/scripts/orbbec_gemini_335) by extensions ['ros']
[2.556s] Level 1:colcon.colcon_core.package_identification:_identify(src/alicia_d_grasp_6d/scripts/orbbec_gemini_335) by extension 'ros'
[2.556s] Level 1:colcon.colcon_core.package_identification:_identify(src/alicia_d_grasp_6d/scripts/orbbec_gemini_335) by extensions ['cmake', 'python']
[2.556s] Level 1:colcon.colcon_core.package_identification:_identify(src/alicia_d_grasp_6d/scripts/orbbec_gemini_335) by extension 'cmake'
[2.556s] Level 1:colcon.colcon_core.package_identification:_identify(src/alicia_d_grasp_6d/scripts/orbbec_gemini_335) by extension 'python'
[2.556s] Level 1:colcon.colcon_core.package_identification:_identify(src/alicia_d_grasp_6d/scripts/orbbec_gemini_335) by extensions ['python_setup_py']
[2.556s] Level 1:colcon.colcon_core.package_identification:_identify(src/alicia_d_grasp_6d/scripts/orbbec_gemini_335) by extension 'python_setup_py'
[2.557s] Level 1:colcon.colcon_core.package_identification:_identify(src/alicia_d_grasp_6d/scripts/orbbec_gemini_335/utils) by extensions ['ignore', 'ignore_ament_install']
[2.557s] Level 1:colcon.colcon_core.package_identification:_identify(src/alicia_d_grasp_6d/scripts/orbbec_gemini_335/utils) by extension 'ignore'
[2.557s] Level 1:colcon.colcon_core.package_identification:_identify(src/alicia_d_grasp_6d/scripts/orbbec_gemini_335/utils) by extension 'ignore_ament_install'
[2.557s] Level 1:colcon.colcon_core.package_identification:_identify(src/alicia_d_grasp_6d/scripts/orbbec_gemini_335/utils) by extensions ['colcon_pkg']
[2.557s] Level 1:colcon.colcon_core.package_identification:_identify(src/alicia_d_grasp_6d/scripts/orbbec_gemini_335/utils) by extension 'colcon_pkg'
[2.557s] Level 1:colcon.colcon_core.package_identification:_identify(src/alicia_d_grasp_6d/scripts/orbbec_gemini_335/utils) by extensions ['colcon_meta']
[2.557s] Level 1:colcon.colcon_core.package_identification:_identify(src/alicia_d_grasp_6d/scripts/orbbec_gemini_335/utils) by extension 'colcon_meta'
[2.557s] Level 1:colcon.colcon_core.package_identification:_identify(src/alicia_d_grasp_6d/scripts/orbbec_gemini_335/utils) by extensions ['ros']
[2.558s] Level 1:colcon.colcon_core.package_identification:_identify(src/alicia_d_grasp_6d/scripts/orbbec_gemini_335/utils) by extension 'ros'
[2.558s] Level 1:colcon.colcon_core.package_identification:_identify(src/alicia_d_grasp_6d/scripts/orbbec_gemini_335/utils) by extensions ['cmake', 'python']
[2.558s] Level 1:colcon.colcon_core.package_identification:_identify(src/alicia_d_grasp_6d/scripts/orbbec_gemini_335/utils) by extension 'cmake'
[2.558s] Level 1:colcon.colcon_core.package_identification:_identify(src/alicia_d_grasp_6d/scripts/orbbec_gemini_335/utils) by extension 'python'
[2.558s] Level 1:colcon.colcon_core.package_identification:_identify(src/alicia_d_grasp_6d/scripts/orbbec_gemini_335/utils) by extensions ['python_setup_py']
[2.558s] Level 1:colcon.colcon_core.package_identification:_identify(src/alicia_d_grasp_6d/scripts/orbbec_gemini_335/utils) by extension 'python_setup_py'
[2.558s] Level 1:colcon.colcon_core.package_identification:_identify(src/alicia_d_moveit) by extensions ['ignore', 'ignore_ament_install']
[2.558s] Level 1:colcon.colcon_core.package_identification:_identify(src/alicia_d_moveit) by extension 'ignore'
[2.559s] Level 1:colcon.colcon_core.package_identification:_identify(src/alicia_d_moveit) by extension 'ignore_ament_install'
[2.559s] Level 1:colcon.colcon_core.package_identification:_identify(src/alicia_d_moveit) by extensions ['colcon_pkg']
[2.559s] Level 1:colcon.colcon_core.package_identification:_identify(src/alicia_d_moveit) by extension 'colcon_pkg'
[2.559s] Level 1:colcon.colcon_core.package_identification:_identify(src/alicia_d_moveit) by extensions ['colcon_meta']
[2.559s] Level 1:colcon.colcon_core.package_identification:_identify(src/alicia_d_moveit) by extension 'colcon_meta'
[2.559s] Level 1:colcon.colcon_core.package_identification:_identify(src/alicia_d_moveit) by extensions ['ros']
[2.559s] Level 1:colcon.colcon_core.package_identification:_identify(src/alicia_d_moveit) by extension 'ros'
[2.561s] DEBUG:colcon.colcon_core.package_identification:Package 'src/alicia_d_moveit' with type 'ros.ament_cmake' and name 'alicia_d_moveit'
[2.562s] Level 1:colcon.colcon_core.package_identification:_identify(src/alicia_d_pick_coordinator) by extensions ['ignore', 'ignore_ament_install']
[2.562s] Level 1:colcon.colcon_core.package_identification:_identify(src/alicia_d_pick_coordinator) by extension 'ignore'
[2.562s] Level 1:colcon.colcon_core.package_identification:_identify(src/alicia_d_pick_coordinator) by extension 'ignore_ament_install'
[2.562s] Level 1:colcon.colcon_core.package_identification:_identify(src/alicia_d_pick_coordinator) by extensions ['colcon_pkg']
[2.562s] Level 1:colcon.colcon_core.package_identification:_identify(src/alicia_d_pick_coordinator) by extension 'colcon_pkg'
[2.562s] Level 1:colcon.colcon_core.package_identification:_identify(src/alicia_d_pick_coordinator) by extensions ['colcon_meta']
[2.563s] Level 1:colcon.colcon_core.package_identification:_identify(src/alicia_d_pick_coordinator) by extension 'colcon_meta'
[2.563s] Level 1:colcon.colcon_core.package_identification:_identify(src/alicia_d_pick_coordinator) by extensions ['ros']
[2.563s] Level 1:colcon.colcon_core.package_identification:_identify(src/alicia_d_pick_coordinator) by extension 'ros'
[2.564s] DEBUG:colcon.colcon_core.package_identification:Package 'src/alicia_d_pick_coordinator' with type 'ros.ament_cmake' and name 'alicia_d_pick_coordinator'
[2.565s] Level 1:colcon.colcon_core.package_identification:_identify(src/alicia_d_sts_gripper) by extensions ['ignore', 'ignore_ament_install']
[2.565s] Level 1:colcon.colcon_core.package_identification:_identify(src/alicia_d_sts_gripper) by extension 'ignore'
[2.565s] Level 1:colcon.colcon_core.package_identification:_identify(src/alicia_d_sts_gripper) by extension 'ignore_ament_install'
[2.565s] Level 1:colcon.colcon_core.package_identification:_identify(src/alicia_d_sts_gripper) by extensions ['colcon_pkg']
[2.565s] Level 1:colcon.colcon_core.package_identification:_identify(src/alicia_d_sts_gripper) by extension 'colcon_pkg'
[2.565s] Level 1:colcon.colcon_core.package_identification:_identify(src/alicia_d_sts_gripper) by extensions ['colcon_meta']
[2.566s] Level 1:colcon.colcon_core.package_identification:_identify(src/alicia_d_sts_gripper) by extension 'colcon_meta'
[2.566s] Level 1:colcon.colcon_core.package_identification:_identify(src/alicia_d_sts_gripper) by extensions ['ros']
[2.566s] Level 1:colcon.colcon_core.package_identification:_identify(src/alicia_d_sts_gripper) by extension 'ros'
[2.567s] DEBUG:colcon.colcon_core.package_identification:Package 'src/alicia_d_sts_gripper' with type 'ros.ament_cmake' and name 'alicia_d_sts_gripper'
[2.568s] Level 1:colcon.colcon_core.package_identification:_identify(src/alicia_d_thinkgrasp_bridge) by extensions ['ignore', 'ignore_ament_install']
[2.568s] Level 1:colcon.colcon_core.package_identification:_identify(src/alicia_d_thinkgrasp_bridge) by extension 'ignore'
[2.568s] Level 1:colcon.colcon_core.package_identification:_identify(src/alicia_d_thinkgrasp_bridge) by extension 'ignore_ament_install'
[2.568s] Level 1:colcon.colcon_core.package_identification:_identify(src/alicia_d_thinkgrasp_bridge) by extensions ['colcon_pkg']
[2.568s] Level 1:colcon.colcon_core.package_identification:_identify(src/alicia_d_thinkgrasp_bridge) by extension 'colcon_pkg'
[2.568s] Level 1:colcon.colcon_core.package_identification:_identify(src/alicia_d_thinkgrasp_bridge) by extensions ['colcon_meta']
[2.568s] Level 1:colcon.colcon_core.package_identification:_identify(src/alicia_d_thinkgrasp_bridge) by extension 'colcon_meta'
[2.569s] Level 1:colcon.colcon_core.package_identification:_identify(src/alicia_d_thinkgrasp_bridge) by extensions ['ros']
[2.569s] Level 1:colcon.colcon_core.package_identification:_identify(src/alicia_d_thinkgrasp_bridge) by extension 'ros'
[2.570s] DEBUG:colcon.colcon_core.package_identification:Package 'src/alicia_d_thinkgrasp_bridge' with type 'ros.ament_cmake' and name 'alicia_d_thinkgrasp_bridge'
[2.570s] Level 1:colcon.colcon_core.package_identification:_identify(src/docs) by extensions ['ignore', 'ignore_ament_install']
[2.570s] Level 1:colcon.colcon_core.package_identification:_identify(src/docs) by extension 'ignore'
[2.571s] Level 1:colcon.colcon_core.package_identification:_identify(src/docs) by extension 'ignore_ament_install'
[2.571s] Level 1:colcon.colcon_core.package_identification:_identify(src/docs) by extensions ['colcon_pkg']
[2.571s] Level 1:colcon.colcon_core.package_identification:_identify(src/docs) by extension 'colcon_pkg'
[2.571s] Level 1:colcon.colcon_core.package_identification:_identify(src/docs) by extensions ['colcon_meta']
[2.572s] Level 1:colcon.colcon_core.package_identification:_identify(src/docs) by extension 'colcon_meta'
[2.572s] Level 1:colcon.colcon_core.package_identification:_identify(src/docs) by extensions ['ros']
[2.572s] Level 1:colcon.colcon_core.package_identification:_identify(src/docs) by extension 'ros'
[2.572s] Level 1:colcon.colcon_core.package_identification:_identify(src/docs) by extensions ['cmake', 'python']
[2.572s] Level 1:colcon.colcon_core.package_identification:_identify(src/docs) by extension 'cmake'
[2.572s] Level 1:colcon.colcon_core.package_identification:_identify(src/docs) by extension 'python'
[2.572s] Level 1:colcon.colcon_core.package_identification:_identify(src/docs) by extensions ['python_setup_py']
[2.572s] Level 1:colcon.colcon_core.package_identification:_identify(src/docs) by extension 'python_setup_py'
[2.573s] Level 1:colcon.colcon_core.package_identification:_identify(src/examples) by extensions ['ignore', 'ignore_ament_install']
[2.573s] Level 1:colcon.colcon_core.package_identification:_identify(src/examples) by extension 'ignore'
[2.573s] Level 1:colcon.colcon_core.package_identification:_identify(src/examples) by extension 'ignore_ament_install'
[2.573s] Level 1:colcon.colcon_core.package_identification:_identify(src/examples) by extensions ['colcon_pkg']
[2.573s] Level 1:colcon.colcon_core.package_identification:_identify(src/examples) by extension 'colcon_pkg'
[2.573s] Level 1:colcon.colcon_core.package_identification:_identify(src/examples) by extensions ['colcon_meta']
[2.573s] Level 1:colcon.colcon_core.package_identification:_identify(src/examples) by extension 'colcon_meta'
[2.574s] Level 1:colcon.colcon_core.package_identification:_identify(src/examples) by extensions ['ros']
[2.574s] Level 1:colcon.colcon_core.package_identification:_identify(src/examples) by extension 'ros'
[2.574s] Level 1:colcon.colcon_core.package_identification:_identify(src/examples) by extensions ['cmake', 'python']
[2.574s] Level 1:colcon.colcon_core.package_identification:_identify(src/examples) by extension 'cmake'
[2.574s] Level 1:colcon.colcon_core.package_identification:_identify(src/examples) by extension 'python'
[2.574s] Level 1:colcon.colcon_core.package_identification:_identify(src/examples) by extensions ['python_setup_py']
[2.574s] Level 1:colcon.colcon_core.package_identification:_identify(src/examples) by extension 'python_setup_py'
[2.574s] Level 1:colcon.colcon_core.package_identification:_identify(src/imgs) by extensions ['ignore', 'ignore_ament_install']
[2.575s] Level 1:colcon.colcon_core.package_identification:_identify(src/imgs) by extension 'ignore'
[2.575s] Level 1:colcon.colcon_core.package_identification:_identify(src/imgs) by extension 'ignore_ament_install'
[2.575s] Level 1:colcon.colcon_core.package_identification:_identify(src/imgs) by extensions ['colcon_pkg']
[2.575s] Level 1:colcon.colcon_core.package_identification:_identify(src/imgs) by extension 'colcon_pkg'
[2.575s] Level 1:colcon.colcon_core.package_identification:_identify(src/imgs) by extensions ['colcon_meta']
[2.575s] Level 1:colcon.colcon_core.package_identification:_identify(src/imgs) by extension 'colcon_meta'
[2.575s] Level 1:colcon.colcon_core.package_identification:_identify(src/imgs) by extensions ['ros']
[2.575s] Level 1:colcon.colcon_core.package_identification:_identify(src/imgs) by extension 'ros'
[2.575s] Level 1:colcon.colcon_core.package_identification:_identify(src/imgs) by extensions ['cmake', 'python']
[2.575s] Level 1:colcon.colcon_core.package_identification:_identify(src/imgs) by extension 'cmake'
[2.576s] Level 1:colcon.colcon_core.package_identification:_identify(src/imgs) by extension 'python'
[2.576s] Level 1:colcon.colcon_core.package_identification:_identify(src/imgs) by extensions ['python_setup_py']
[2.576s] Level 1:colcon.colcon_core.package_identification:_identify(src/imgs) by extension 'python_setup_py'
[2.576s] Level 1:colcon.colcon_core.package_identification:_identify(tools) by extensions ['ignore', 'ignore_ament_install']
[2.576s] Level 1:colcon.colcon_core.package_identification:_identify(tools) by extension 'ignore'
[2.576s] Level 1:colcon.colcon_core.package_identification:_identify(tools) by extension 'ignore_ament_install'
[2.576s] Level 1:colcon.colcon_core.package_identification:_identify(tools) by extensions ['colcon_pkg']
[2.576s] Level 1:colcon.colcon_core.package_identification:_identify(tools) by extension 'colcon_pkg'
[2.576s] Level 1:colcon.colcon_core.package_identification:_identify(tools) by extensions ['colcon_meta']
[2.576s] Level 1:colcon.colcon_core.package_identification:_identify(tools) by extension 'colcon_meta'
[2.576s] Level 1:colcon.colcon_core.package_identification:_identify(tools) by extensions ['ros']
[2.577s] Level 1:colcon.colcon_core.package_identification:_identify(tools) by extension 'ros'
[2.577s] Level 1:colcon.colcon_core.package_identification:_identify(tools) by extensions ['cmake', 'python']
[2.577s] Level 1:colcon.colcon_core.package_identification:_identify(tools) by extension 'cmake'
[2.577s] Level 1:colcon.colcon_core.package_identification:_identify(tools) by extension 'python'
[2.577s] Level 1:colcon.colcon_core.package_identification:_identify(tools) by extensions ['python_setup_py']
[2.577s] Level 1:colcon.colcon_core.package_identification:_identify(tools) by extension 'python_setup_py'
[2.577s] Level 1:colcon.colcon_core.package_identification:_identify(tools/__pycache__) by extensions ['ignore', 'ignore_ament_install']
[2.577s] Level 1:colcon.colcon_core.package_identification:_identify(tools/__pycache__) by extension 'ignore'
[2.577s] Level 1:colcon.colcon_core.package_identification:_identify(tools/__pycache__) by extension 'ignore_ament_install'
[2.577s] Level 1:colcon.colcon_core.package_identification:_identify(tools/__pycache__) by extensions ['colcon_pkg']
[2.578s] Level 1:colcon.colcon_core.package_identification:_identify(tools/__pycache__) by extension 'colcon_pkg'
[2.578s] Level 1:colcon.colcon_core.package_identification:_identify(tools/__pycache__) by extensions ['colcon_meta']
[2.578s] Level 1:colcon.colcon_core.package_identification:_identify(tools/__pycache__) by extension 'colcon_meta'
[2.578s] Level 1:colcon.colcon_core.package_identification:_identify(tools/__pycache__) by extensions ['ros']
[2.578s] Level 1:colcon.colcon_core.package_identification:_identify(tools/__pycache__) by extension 'ros'
[2.578s] Level 1:colcon.colcon_core.package_identification:_identify(tools/__pycache__) by extensions ['cmake', 'python']
[2.578s] Level 1:colcon.colcon_core.package_identification:_identify(tools/__pycache__) by extension 'cmake'
[2.578s] Level 1:colcon.colcon_core.package_identification:_identify(tools/__pycache__) by extension 'python'
[2.578s] Level 1:colcon.colcon_core.package_identification:_identify(tools/__pycache__) by extensions ['python_setup_py']
[2.578s] Level 1:colcon.colcon_core.package_identification:_identify(tools/__pycache__) by extension 'python_setup_py'
[2.578s] Level 1:colcon.colcon_core.package_discovery:discover_packages(recursive) using defaults
[2.578s] Level 1:colcon.colcon_core.package_discovery:discover_packages(ignore) discover
[2.579s] Level 1:colcon.colcon_core.package_discovery:discover_packages(ignore) using defaults
[2.579s] Level 1:colcon.colcon_core.package_discovery:discover_packages(path) discover
[2.579s] Level 1:colcon.colcon_core.package_discovery:discover_packages(path) using defaults
[2.643s] INFO:colcon.colcon_core.package_selection:Skipping not selected package 'alicia_d_calibration' in 'src/alicia_d_calibration'
[2.643s] INFO:colcon.colcon_core.package_selection:Skipping not selected package 'alicia_d_control_interfaces' in 'src/alicia_d_control_interfaces'
[2.643s] INFO:colcon.colcon_core.package_selection:Skipping not selected package 'alicia_d_cube_sort' in 'src/alicia_d_cube_sort'
[2.643s] INFO:colcon.colcon_core.package_selection:Skipping not selected package 'alicia_d_descriptions' in 'src/alicia_d_descriptions'
[2.643s] INFO:colcon.colcon_core.package_selection:Skipping not selected package 'alicia_d_driver' in 'src/alicia_d_driver'
[2.643s] INFO:colcon.colcon_core.package_selection:Skipping not selected package 'alicia_d_arm_motion' in 'src/alicia_d_arm_motion'
[2.643s] INFO:colcon.colcon_core.package_selection:Skipping not selected package 'alicia_d_moveit' in 'src/alicia_d_moveit'
[2.643s] INFO:colcon.colcon_core.package_selection:Skipping not selected package 'alicia_d_pick_coordinator' in 'src/alicia_d_pick_coordinator'
[2.643s] INFO:colcon.colcon_core.package_selection:Skipping not selected package 'alicia_d_thinkgrasp_bridge' in 'src/alicia_d_thinkgrasp_bridge'
[2.644s] Level 1:colcon.colcon_core.package_discovery:discover_packages(prefix_path) check parameters
[2.644s] Level 1:colcon.colcon_core.package_discovery:discover_packages(prefix_path) discover
[2.648s] DEBUG:colcon.colcon_installed_package_information.package_discovery:Found 10 installed packages in /home/Projects/HET/alicia_ws/install
[2.651s] DEBUG:colcon.colcon_installed_package_information.package_discovery:Found 383 installed packages in /opt/ros/humble
[2.655s] Level 1:colcon.colcon_core.package_discovery:discover_packages(prefix_path) using defaults
[2.751s] Level 5:colcon.colcon_core.verb:set package 'alicia_d_sts_gripper' build argument 'cmake_args' from command line to 'None'
[2.751s] Level 5:colcon.colcon_core.verb:set package 'alicia_d_sts_gripper' build argument 'cmake_target' from command line to 'None'
[2.751s] Level 5:colcon.colcon_core.verb:set package 'alicia_d_sts_gripper' build argument 'cmake_target_skip_unavailable' from command line to 'False'
[2.752s] Level 5:colcon.colcon_core.verb:set package 'alicia_d_sts_gripper' build argument 'cmake_clean_cache' from command line to 'False'
[2.752s] Level 5:colcon.colcon_core.verb:set package 'alicia_d_sts_gripper' build argument 'cmake_clean_first' from command line to 'False'
[2.752s] Level 5:colcon.colcon_core.verb:set package 'alicia_d_sts_gripper' build argument 'cmake_force_configure' from command line to 'False'
[2.752s] Level 5:colcon.colcon_core.verb:set package 'alicia_d_sts_gripper' build argument 'ament_cmake_args' from command line to 'None'
[2.752s] Level 5:colcon.colcon_core.verb:set package 'alicia_d_sts_gripper' build argument 'catkin_cmake_args' from command line to 'None'
[2.752s] Level 5:colcon.colcon_core.verb:set package 'alicia_d_sts_gripper' build argument 'catkin_skip_building_tests' from command line to 'False'
[2.752s] DEBUG:colcon.colcon_core.verb:Building package 'alicia_d_sts_gripper' with the following arguments: {'ament_cmake_args': None, 'build_base': '/home/Projects/HET/alicia_ws/build/alicia_d_sts_gripper', 'catkin_cmake_args': None, 'catkin_skip_building_tests': False, 'cmake_args': None, 'cmake_clean_cache': False, 'cmake_clean_first': False, 'cmake_force_configure': False, 'cmake_target': None, 'cmake_target_skip_unavailable': False, 'install_base': '/home/Projects/HET/alicia_ws/install/alicia_d_sts_gripper', 'merge_install': False, 'path': '/home/Projects/HET/alicia_ws/src/alicia_d_sts_gripper', 'symlink_install': False, 'test_result_base': None}
[2.753s] INFO:colcon.colcon_core.executor:Executing jobs using 'parallel' executor
[2.756s] DEBUG:colcon.colcon_parallel_executor.executor.parallel:run_until_complete
[2.756s] INFO:colcon.colcon_ros.task.ament_cmake.build:Building ROS package in '/home/Projects/HET/alicia_ws/src/alicia_d_sts_gripper' with build type 'ament_cmake'
[2.757s] INFO:colcon.colcon_cmake.task.cmake.build:Building CMake package in '/home/Projects/HET/alicia_ws/src/alicia_d_sts_gripper'
[2.764s] INFO:colcon.colcon_core.plugin_system:Skipping extension 'colcon_core.shell.bat': Not used on non-Windows systems
[2.765s] INFO:colcon.colcon_core.shell:Skip shell extension 'powershell' for command environment: Not usable outside of PowerShell
[2.765s] DEBUG:colcon.colcon_core.shell:Skip shell extension 'dsv' for command environment
[5.765s] DEBUG:colcon.colcon_core.event_handler.log_command:Invoking command in '/home/Projects/HET/alicia_ws/build/alicia_d_sts_gripper': CMAKE_PREFIX_PATH=/home/Projects/HET/alicia_ws/install/alicia_d_control_interfaces:/home/Projects/HET/alicia_ws/install/alicia_d_thinkgrasp_bridge:/home/Projects/HET/alicia_ws/install/alicia_d_sts_gripper:/home/Projects/HET/alicia_ws/install/alicia_d_pick_coordinator:/home/Projects/HET/alicia_ws/install/alicia_d_moveit:/home/Projects/HET/alicia_ws/install/alicia_d_driver:/home/Projects/HET/alicia_ws/install/alicia_d_descriptions:/home/Projects/HET/alicia_ws/install/alicia_d_cube_sort:/home/Projects/HET/alicia_ws/install/alicia_d_arm_motion:/home/Projects/HET/alicia_ws/install/alicia_d_calibration:/opt/ros/humble LD_LIBRARY_PATH=/home/Projects/HET/alicia_ws/install/alicia_d_control_interfaces/lib:/home/Projects/HET/alicia_ws/install/alicia_d_driver/lib:/usr/lib/x86_64-linux-gnu/gazebo-11/plugins:/opt/ros/humble/opt/rviz_ogre_vendor/lib:/opt/ros/humble/lib/x86_64-linux-gnu:/opt/ros/humble/lib /usr/bin/cmake --build /home/Projects/HET/alicia_ws/build/alicia_d_sts_gripper -- -j20 -l20
[6.500s] DEBUG:colcon.colcon_core.event_handler.log_command:Invoked command in '/home/Projects/HET/alicia_ws/build/alicia_d_sts_gripper' returned '0': CMAKE_PREFIX_PATH=/home/Projects/HET/alicia_ws/install/alicia_d_control_interfaces:/home/Projects/HET/alicia_ws/install/alicia_d_thinkgrasp_bridge:/home/Projects/HET/alicia_ws/install/alicia_d_sts_gripper:/home/Projects/HET/alicia_ws/install/alicia_d_pick_coordinator:/home/Projects/HET/alicia_ws/install/alicia_d_moveit:/home/Projects/HET/alicia_ws/install/alicia_d_driver:/home/Projects/HET/alicia_ws/install/alicia_d_descriptions:/home/Projects/HET/alicia_ws/install/alicia_d_cube_sort:/home/Projects/HET/alicia_ws/install/alicia_d_arm_motion:/home/Projects/HET/alicia_ws/install/alicia_d_calibration:/opt/ros/humble LD_LIBRARY_PATH=/home/Projects/HET/alicia_ws/install/alicia_d_control_interfaces/lib:/home/Projects/HET/alicia_ws/install/alicia_d_driver/lib:/usr/lib/x86_64-linux-gnu/gazebo-11/plugins:/opt/ros/humble/opt/rviz_ogre_vendor/lib:/opt/ros/humble/lib/x86_64-linux-gnu:/opt/ros/humble/lib /usr/bin/cmake --build /home/Projects/HET/alicia_ws/build/alicia_d_sts_gripper -- -j20 -l20
[6.525s] DEBUG:colcon.colcon_core.event_handler.log_command:Invoking command in '/home/Projects/HET/alicia_ws/build/alicia_d_sts_gripper': CMAKE_PREFIX_PATH=/home/Projects/HET/alicia_ws/install/alicia_d_control_interfaces:/home/Projects/HET/alicia_ws/install/alicia_d_thinkgrasp_bridge:/home/Projects/HET/alicia_ws/install/alicia_d_sts_gripper:/home/Projects/HET/alicia_ws/install/alicia_d_pick_coordinator:/home/Projects/HET/alicia_ws/install/alicia_d_moveit:/home/Projects/HET/alicia_ws/install/alicia_d_driver:/home/Projects/HET/alicia_ws/install/alicia_d_descriptions:/home/Projects/HET/alicia_ws/install/alicia_d_cube_sort:/home/Projects/HET/alicia_ws/install/alicia_d_arm_motion:/home/Projects/HET/alicia_ws/install/alicia_d_calibration:/opt/ros/humble LD_LIBRARY_PATH=/home/Projects/HET/alicia_ws/install/alicia_d_control_interfaces/lib:/home/Projects/HET/alicia_ws/install/alicia_d_driver/lib:/usr/lib/x86_64-linux-gnu/gazebo-11/plugins:/opt/ros/humble/opt/rviz_ogre_vendor/lib:/opt/ros/humble/lib/x86_64-linux-gnu:/opt/ros/humble/lib /usr/bin/cmake --install /home/Projects/HET/alicia_ws/build/alicia_d_sts_gripper
[6.640s] Level 1:colcon.colcon_core.environment:create_environment_scripts_only(alicia_d_sts_gripper)
[6.645s] DEBUG:colcon.colcon_core.event_handler.log_command:Invoked command in '/home/Projects/HET/alicia_ws/build/alicia_d_sts_gripper' returned '0': CMAKE_PREFIX_PATH=/home/Projects/HET/alicia_ws/install/alicia_d_control_interfaces:/home/Projects/HET/alicia_ws/install/alicia_d_thinkgrasp_bridge:/home/Projects/HET/alicia_ws/install/alicia_d_sts_gripper:/home/Projects/HET/alicia_ws/install/alicia_d_pick_coordinator:/home/Projects/HET/alicia_ws/install/alicia_d_moveit:/home/Projects/HET/alicia_ws/install/alicia_d_driver:/home/Projects/HET/alicia_ws/install/alicia_d_descriptions:/home/Projects/HET/alicia_ws/install/alicia_d_cube_sort:/home/Projects/HET/alicia_ws/install/alicia_d_arm_motion:/home/Projects/HET/alicia_ws/install/alicia_d_calibration:/opt/ros/humble LD_LIBRARY_PATH=/home/Projects/HET/alicia_ws/install/alicia_d_control_interfaces/lib:/home/Projects/HET/alicia_ws/install/alicia_d_driver/lib:/usr/lib/x86_64-linux-gnu/gazebo-11/plugins:/opt/ros/humble/opt/rviz_ogre_vendor/lib:/opt/ros/humble/lib/x86_64-linux-gnu:/opt/ros/humble/lib /usr/bin/cmake --install /home/Projects/HET/alicia_ws/build/alicia_d_sts_gripper
[6.649s] Level 1:colcon.colcon_core.environment:checking '/home/Projects/HET/alicia_ws/install/alicia_d_sts_gripper' for CMake module files
[6.650s] Level 1:colcon.colcon_core.environment:checking '/home/Projects/HET/alicia_ws/install/alicia_d_sts_gripper' for CMake config files
[6.650s] Level 1:colcon.colcon_core.shell:create_environment_hook('alicia_d_sts_gripper', 'cmake_prefix_path')
[6.651s] INFO:colcon.colcon_core.shell:Creating environment hook '/home/Projects/HET/alicia_ws/install/alicia_d_sts_gripper/share/alicia_d_sts_gripper/hook/cmake_prefix_path.ps1'
[6.652s] INFO:colcon.colcon_core.shell:Creating environment descriptor '/home/Projects/HET/alicia_ws/install/alicia_d_sts_gripper/share/alicia_d_sts_gripper/hook/cmake_prefix_path.dsv'
[6.653s] INFO:colcon.colcon_core.shell:Creating environment hook '/home/Projects/HET/alicia_ws/install/alicia_d_sts_gripper/share/alicia_d_sts_gripper/hook/cmake_prefix_path.sh'
[6.655s] Level 1:colcon.colcon_core.environment:checking '/home/Projects/HET/alicia_ws/install/alicia_d_sts_gripper/lib'
[6.656s] Level 1:colcon.colcon_core.environment:checking '/home/Projects/HET/alicia_ws/install/alicia_d_sts_gripper/bin'
[6.656s] Level 1:colcon.colcon_core.environment:checking '/home/Projects/HET/alicia_ws/install/alicia_d_sts_gripper/lib/pkgconfig/alicia_d_sts_gripper.pc'
[6.656s] Level 1:colcon.colcon_core.environment:checking '/home/Projects/HET/alicia_ws/install/alicia_d_sts_gripper/lib/python3.10/site-packages'
[6.657s] Level 1:colcon.colcon_core.environment:checking '/home/Projects/HET/alicia_ws/install/alicia_d_sts_gripper/bin'
[6.658s] INFO:colcon.colcon_core.shell:Creating package script '/home/Projects/HET/alicia_ws/install/alicia_d_sts_gripper/share/alicia_d_sts_gripper/package.ps1'
[6.660s] INFO:colcon.colcon_core.shell:Creating package descriptor '/home/Projects/HET/alicia_ws/install/alicia_d_sts_gripper/share/alicia_d_sts_gripper/package.dsv'
[6.661s] INFO:colcon.colcon_core.shell:Creating package script '/home/Projects/HET/alicia_ws/install/alicia_d_sts_gripper/share/alicia_d_sts_gripper/package.sh'
[6.662s] INFO:colcon.colcon_core.shell:Creating package script '/home/Projects/HET/alicia_ws/install/alicia_d_sts_gripper/share/alicia_d_sts_gripper/package.bash'
[6.664s] INFO:colcon.colcon_core.shell:Creating package script '/home/Projects/HET/alicia_ws/install/alicia_d_sts_gripper/share/alicia_d_sts_gripper/package.zsh'
[6.665s] Level 1:colcon.colcon_core.environment:create_file_with_runtime_dependencies(/home/Projects/HET/alicia_ws/install/alicia_d_sts_gripper/share/colcon-core/packages/alicia_d_sts_gripper)
[6.666s] Level 1:colcon.colcon_core.environment:create_environment_scripts_only(alicia_d_sts_gripper)
[6.666s] Level 1:colcon.colcon_core.environment:checking '/home/Projects/HET/alicia_ws/install/alicia_d_sts_gripper' for CMake module files
[6.667s] Level 1:colcon.colcon_core.environment:checking '/home/Projects/HET/alicia_ws/install/alicia_d_sts_gripper' for CMake config files
[6.667s] Level 1:colcon.colcon_core.shell:create_environment_hook('alicia_d_sts_gripper', 'cmake_prefix_path')
[6.668s] INFO:colcon.colcon_core.shell:Creating environment hook '/home/Projects/HET/alicia_ws/install/alicia_d_sts_gripper/share/alicia_d_sts_gripper/hook/cmake_prefix_path.ps1'
[6.669s] INFO:colcon.colcon_core.shell:Creating environment descriptor '/home/Projects/HET/alicia_ws/install/alicia_d_sts_gripper/share/alicia_d_sts_gripper/hook/cmake_prefix_path.dsv'
[6.670s] INFO:colcon.colcon_core.shell:Creating environment hook '/home/Projects/HET/alicia_ws/install/alicia_d_sts_gripper/share/alicia_d_sts_gripper/hook/cmake_prefix_path.sh'
[6.671s] Level 1:colcon.colcon_core.environment:checking '/home/Projects/HET/alicia_ws/install/alicia_d_sts_gripper/lib'
[6.672s] Level 1:colcon.colcon_core.environment:checking '/home/Projects/HET/alicia_ws/install/alicia_d_sts_gripper/bin'
[6.672s] Level 1:colcon.colcon_core.environment:checking '/home/Projects/HET/alicia_ws/install/alicia_d_sts_gripper/lib/pkgconfig/alicia_d_sts_gripper.pc'
[6.672s] Level 1:colcon.colcon_core.environment:checking '/home/Projects/HET/alicia_ws/install/alicia_d_sts_gripper/lib/python3.10/site-packages'
[6.673s] Level 1:colcon.colcon_core.environment:checking '/home/Projects/HET/alicia_ws/install/alicia_d_sts_gripper/bin'
[6.674s] INFO:colcon.colcon_core.shell:Creating package script '/home/Projects/HET/alicia_ws/install/alicia_d_sts_gripper/share/alicia_d_sts_gripper/package.ps1'
[6.676s] INFO:colcon.colcon_core.shell:Creating package descriptor '/home/Projects/HET/alicia_ws/install/alicia_d_sts_gripper/share/alicia_d_sts_gripper/package.dsv'
[6.677s] INFO:colcon.colcon_core.shell:Creating package script '/home/Projects/HET/alicia_ws/install/alicia_d_sts_gripper/share/alicia_d_sts_gripper/package.sh'
[6.678s] INFO:colcon.colcon_core.shell:Creating package script '/home/Projects/HET/alicia_ws/install/alicia_d_sts_gripper/share/alicia_d_sts_gripper/package.bash'
[6.680s] INFO:colcon.colcon_core.shell:Creating package script '/home/Projects/HET/alicia_ws/install/alicia_d_sts_gripper/share/alicia_d_sts_gripper/package.zsh'
[6.681s] Level 1:colcon.colcon_core.environment:create_file_with_runtime_dependencies(/home/Projects/HET/alicia_ws/install/alicia_d_sts_gripper/share/colcon-core/packages/alicia_d_sts_gripper)
[6.681s] DEBUG:colcon.colcon_parallel_executor.executor.parallel:closing loop
[6.683s] DEBUG:colcon.colcon_parallel_executor.executor.parallel:loop closed
[6.683s] DEBUG:colcon.colcon_parallel_executor.executor.parallel:run_until_complete finished with '0'
[6.684s] DEBUG:colcon.colcon_core.event_reactor:joining thread
[8.270s] INFO:colcon.colcon_core.plugin_system:Skipping extension 'colcon_notification.desktop_notification.notify_send': Could not find 'notify-send'
[8.271s] INFO:colcon.colcon_core.plugin_system:Skipping extension 'colcon_notification.desktop_notification.terminal_notifier': Not used on non-Darwin systems
[8.271s] INFO:colcon.colcon_core.plugin_system:Skipping extension 'colcon_notification.desktop_notification.win32': Not used on non-Windows systems
[8.271s] INFO:colcon.colcon_notification.desktop_notification:Sending desktop notification using 'notify2'
[8.271s] DEBUG:colcon.colcon_notification.desktop_notification.notify2:Failed to initialize notify2: org.freedesktop.DBus.Error.FileNotFound: Failed to connect to socket /run/user/0/bus: No such file or directory
[8.272s] DEBUG:colcon.colcon_core.event_reactor:joined thread
[8.272s] INFO:colcon.colcon_core.shell:Creating prefix script '/home/Projects/HET/alicia_ws/install/local_setup.ps1'
[8.274s] INFO:colcon.colcon_core.shell:Creating prefix util module '/home/Projects/HET/alicia_ws/install/_local_setup_util_ps1.py'
[8.278s] INFO:colcon.colcon_core.shell:Creating prefix chain script '/home/Projects/HET/alicia_ws/install/setup.ps1'
[8.281s] INFO:colcon.colcon_core.shell:Creating prefix script '/home/Projects/HET/alicia_ws/install/local_setup.sh'
[8.283s] INFO:colcon.colcon_core.shell:Creating prefix util module '/home/Projects/HET/alicia_ws/install/_local_setup_util_sh.py'
[8.285s] INFO:colcon.colcon_core.shell:Creating prefix chain script '/home/Projects/HET/alicia_ws/install/setup.sh'
[8.288s] INFO:colcon.colcon_core.shell:Creating prefix script '/home/Projects/HET/alicia_ws/install/local_setup.bash'
[8.289s] INFO:colcon.colcon_core.shell:Creating prefix chain script '/home/Projects/HET/alicia_ws/install/setup.bash'
[8.291s] INFO:colcon.colcon_core.shell:Creating prefix script '/home/Projects/HET/alicia_ws/install/local_setup.zsh'
[8.293s] INFO:colcon.colcon_core.shell:Creating prefix chain script '/home/Projects/HET/alicia_ws/install/setup.zsh'
