[2.705s] DEBUG:colcon:Command line arguments: ['/usr/bin/colcon', 'build', '--packages-up-to', 'alicia_d_pick_coordinator']
[2.706s] DEBUG:colcon:Parsed command line arguments: Namespace(log_base=None, log_level=None, verb_name='build', build_base='build', install_base='install', merge_install=False, symlink_install=False, test_result_base=None, continue_on_error=False, executor='parallel', parallel_workers=20, event_handlers=None, ignore_user_meta=False, metas=['./colcon.meta'], base_paths=['.'], packages_ignore=None, packages_ignore_regex=None, paths=None, packages_up_to=['alicia_d_pick_coordinator'], packages_up_to_regex=None, packages_above=None, packages_above_and_dependencies=None, packages_above_depth=None, packages_select_by_dep=None, packages_skip_by_dep=None, packages_skip_up_to=None, packages_select_build_failed=False, packages_skip_build_finished=False, packages_select_test_failures=False, packages_skip_test_passed=False, packages_select=None, packages_skip=None, packages_select_regex=None, packages_skip_regex=None, packages_start=None, packages_end=None, allow_overriding=[], cmake_args=None, cmake_target=None, cmake_target_skip_unavailable=False, cmake_clean_cache=False, cmake_clean_first=False, cmake_force_configure=False, ament_cmake_args=None, catkin_cmake_args=None, catkin_skip_building_tests=False, verb_parser=<colcon_defaults.argument_parser.defaults.DefaultArgumentsDecorator object at 0x7f6cc8064070>, verb_extension=<colcon_core.verb.build.BuildVerb object at 0x7f6cc8027b20>, main=<bound method BuildVerb.main of <colcon_core.verb.build.BuildVerb object at 0x7f6cc8027b20>>)
[3.250s] Level 1:colcon.colcon_core.package_discovery:discover_packages(colcon_meta) check parameters
[3.250s] Level 1:colcon.colcon_core.package_discovery:discover_packages(recursive) check parameters
[3.250s] Level 1:colcon.colcon_core.package_discovery:discover_packages(ignore) check parameters
[3.250s] Level 1:colcon.colcon_core.package_discovery:discover_packages(path) check parameters
[3.251s] Level 1:colcon.colcon_core.package_discovery:discover_packages(colcon_meta) discover
[3.251s] Level 1:colcon.colcon_core.package_discovery:discover_packages(recursive) discover
[3.251s] INFO:colcon.colcon_core.package_discovery:Crawling recursively for packages in '/home/Projects/HET/alicia_ws'
[3.251s] Level 1:colcon.colcon_core.package_identification:_identify(.) by extensions ['ignore', 'ignore_ament_install']
[3.252s] Level 1:colcon.colcon_core.package_identification:_identify(.) by extension 'ignore'
[3.252s] Level 1:colcon.colcon_core.package_identification:_identify(.) by extension 'ignore_ament_install'
[3.252s] Level 1:colcon.colcon_core.package_identification:_identify(.) by extensions ['colcon_pkg']
[3.252s] Level 1:colcon.colcon_core.package_identification:_identify(.) by extension 'colcon_pkg'
[3.253s] Level 1:colcon.colcon_core.package_identification:_identify(.) by extensions ['colcon_meta']
[3.253s] Level 1:colcon.colcon_core.package_identification:_identify(.) by extension 'colcon_meta'
[3.253s] Level 1:colcon.colcon_core.package_identification:_identify(.) by extensions ['ros']
[3.253s] Level 1:colcon.colcon_core.package_identification:_identify(.) by extension 'ros'
[3.304s] Level 1:colcon.colcon_core.package_identification:_identify(.) by extensions ['cmake', 'python']
[3.304s] Level 1:colcon.colcon_core.package_identification:_identify(.) by extension 'cmake'
[3.304s] Level 1:colcon.colcon_core.package_identification:_identify(.) by extension 'python'
[3.305s] Level 1:colcon.colcon_core.package_identification:_identify(.) by extensions ['python_setup_py']
[3.305s] Level 1:colcon.colcon_core.package_identification:_identify(.) by extension 'python_setup_py'
[3.306s] Level 1:colcon.colcon_core.package_identification:_identify(build) by extensions ['ignore', 'ignore_ament_install']
[3.306s] Level 1:colcon.colcon_core.package_identification:_identify(build) by extension 'ignore'
[3.306s] Level 1:colcon.colcon_core.package_identification:_identify(build) ignored
[3.307s] Level 1:colcon.colcon_core.package_identification:_identify(experiment_logs) by extensions ['ignore', 'ignore_ament_install']
[3.307s] Level 1:colcon.colcon_core.package_identification:_identify(experiment_logs) by extension 'ignore'
[3.307s] Level 1:colcon.colcon_core.package_identification:_identify(experiment_logs) by extension 'ignore_ament_install'
[3.308s] Level 1:colcon.colcon_core.package_identification:_identify(experiment_logs) by extensions ['colcon_pkg']
[3.308s] Level 1:colcon.colcon_core.package_identification:_identify(experiment_logs) by extension 'colcon_pkg'
[3.308s] Level 1:colcon.colcon_core.package_identification:_identify(experiment_logs) by extensions ['colcon_meta']
[3.308s] Level 1:colcon.colcon_core.package_identification:_identify(experiment_logs) by extension 'colcon_meta'
[3.308s] Level 1:colcon.colcon_core.package_identification:_identify(experiment_logs) by extensions ['ros']
[3.309s] Level 1:colcon.colcon_core.package_identification:_identify(experiment_logs) by extension 'ros'
[3.309s] Level 1:colcon.colcon_core.package_identification:_identify(experiment_logs) by extensions ['cmake', 'python']
[3.309s] Level 1:colcon.colcon_core.package_identification:_identify(experiment_logs) by extension 'cmake'
[3.309s] Level 1:colcon.colcon_core.package_identification:_identify(experiment_logs) by extension 'python'
[3.309s] Level 1:colcon.colcon_core.package_identification:_identify(experiment_logs) by extensions ['python_setup_py']
[3.310s] Level 1:colcon.colcon_core.package_identification:_identify(experiment_logs) by extension 'python_setup_py'
[3.310s] Level 1:colcon.colcon_core.package_identification:_identify(experiment_logs/feedback_diagnostics) by extensions ['ignore', 'ignore_ament_install']
[3.310s] Level 1:colcon.colcon_core.package_identification:_identify(experiment_logs/feedback_diagnostics) by extension 'ignore'
[3.310s] Level 1:colcon.colcon_core.package_identification:_identify(experiment_logs/feedback_diagnostics) by extension 'ignore_ament_install'
[3.310s] Level 1:colcon.colcon_core.package_identification:_identify(experiment_logs/feedback_diagnostics) by extensions ['colcon_pkg']
[3.311s] Level 1:colcon.colcon_core.package_identification:_identify(experiment_logs/feedback_diagnostics) by extension 'colcon_pkg'
[3.311s] Level 1:colcon.colcon_core.package_identification:_identify(experiment_logs/feedback_diagnostics) by extensions ['colcon_meta']
[3.311s] Level 1:colcon.colcon_core.package_identification:_identify(experiment_logs/feedback_diagnostics) by extension 'colcon_meta'
[3.311s] Level 1:colcon.colcon_core.package_identification:_identify(experiment_logs/feedback_diagnostics) by extensions ['ros']
[3.311s] Level 1:colcon.colcon_core.package_identification:_identify(experiment_logs/feedback_diagnostics) by extension 'ros'
[3.311s] Level 1:colcon.colcon_core.package_identification:_identify(experiment_logs/feedback_diagnostics) by extensions ['cmake', 'python']
[3.311s] Level 1:colcon.colcon_core.package_identification:_identify(experiment_logs/feedback_diagnostics) by extension 'cmake'
[3.311s] Level 1:colcon.colcon_core.package_identification:_identify(experiment_logs/feedback_diagnostics) by extension 'python'
[3.312s] Level 1:colcon.colcon_core.package_identification:_identify(experiment_logs/feedback_diagnostics) by extensions ['python_setup_py']
[3.312s] Level 1:colcon.colcon_core.package_identification:_identify(experiment_logs/feedback_diagnostics) by extension 'python_setup_py'
[3.312s] Level 1:colcon.colcon_core.package_identification:_identify(experiment_logs/feedback_diagnostics/alicia_feedback_20260530_235550) by extensions ['ignore', 'ignore_ament_install']
[3.312s] Level 1:colcon.colcon_core.package_identification:_identify(experiment_logs/feedback_diagnostics/alicia_feedback_20260530_235550) by extension 'ignore'
[3.312s] Level 1:colcon.colcon_core.package_identification:_identify(experiment_logs/feedback_diagnostics/alicia_feedback_20260530_235550) by extension 'ignore_ament_install'
[3.313s] Level 1:colcon.colcon_core.package_identification:_identify(experiment_logs/feedback_diagnostics/alicia_feedback_20260530_235550) by extensions ['colcon_pkg']
[3.313s] Level 1:colcon.colcon_core.package_identification:_identify(experiment_logs/feedback_diagnostics/alicia_feedback_20260530_235550) by extension 'colcon_pkg'
[3.316s] Level 1:colcon.colcon_core.package_identification:_identify(experiment_logs/feedback_diagnostics/alicia_feedback_20260530_235550) by extensions ['colcon_meta']
[3.316s] Level 1:colcon.colcon_core.package_identification:_identify(experiment_logs/feedback_diagnostics/alicia_feedback_20260530_235550) by extension 'colcon_meta'
[3.316s] Level 1:colcon.colcon_core.package_identification:_identify(experiment_logs/feedback_diagnostics/alicia_feedback_20260530_235550) by extensions ['ros']
[3.316s] Level 1:colcon.colcon_core.package_identification:_identify(experiment_logs/feedback_diagnostics/alicia_feedback_20260530_235550) by extension 'ros'
[3.317s] Level 1:colcon.colcon_core.package_identification:_identify(experiment_logs/feedback_diagnostics/alicia_feedback_20260530_235550) by extensions ['cmake', 'python']
[3.317s] Level 1:colcon.colcon_core.package_identification:_identify(experiment_logs/feedback_diagnostics/alicia_feedback_20260530_235550) by extension 'cmake'
[3.317s] Level 1:colcon.colcon_core.package_identification:_identify(experiment_logs/feedback_diagnostics/alicia_feedback_20260530_235550) by extension 'python'
[3.317s] Level 1:colcon.colcon_core.package_identification:_identify(experiment_logs/feedback_diagnostics/alicia_feedback_20260530_235550) by extensions ['python_setup_py']
[3.317s] Level 1:colcon.colcon_core.package_identification:_identify(experiment_logs/feedback_diagnostics/alicia_feedback_20260530_235550) by extension 'python_setup_py'
[3.318s] Level 1:colcon.colcon_core.package_identification:_identify(experiment_logs/feedback_diagnostics/alicia_feedback_20260531_000949) by extensions ['ignore', 'ignore_ament_install']
[3.318s] Level 1:colcon.colcon_core.package_identification:_identify(experiment_logs/feedback_diagnostics/alicia_feedback_20260531_000949) by extension 'ignore'
[3.318s] Level 1:colcon.colcon_core.package_identification:_identify(experiment_logs/feedback_diagnostics/alicia_feedback_20260531_000949) by extension 'ignore_ament_install'
[3.318s] Level 1:colcon.colcon_core.package_identification:_identify(experiment_logs/feedback_diagnostics/alicia_feedback_20260531_000949) by extensions ['colcon_pkg']
[3.318s] Level 1:colcon.colcon_core.package_identification:_identify(experiment_logs/feedback_diagnostics/alicia_feedback_20260531_000949) by extension 'colcon_pkg'
[3.318s] Level 1:colcon.colcon_core.package_identification:_identify(experiment_logs/feedback_diagnostics/alicia_feedback_20260531_000949) by extensions ['colcon_meta']
[3.318s] Level 1:colcon.colcon_core.package_identification:_identify(experiment_logs/feedback_diagnostics/alicia_feedback_20260531_000949) by extension 'colcon_meta'
[3.319s] Level 1:colcon.colcon_core.package_identification:_identify(experiment_logs/feedback_diagnostics/alicia_feedback_20260531_000949) by extensions ['ros']
[3.319s] Level 1:colcon.colcon_core.package_identification:_identify(experiment_logs/feedback_diagnostics/alicia_feedback_20260531_000949) by extension 'ros'
[3.319s] Level 1:colcon.colcon_core.package_identification:_identify(experiment_logs/feedback_diagnostics/alicia_feedback_20260531_000949) by extensions ['cmake', 'python']
[3.319s] Level 1:colcon.colcon_core.package_identification:_identify(experiment_logs/feedback_diagnostics/alicia_feedback_20260531_000949) by extension 'cmake'
[3.320s] Level 1:colcon.colcon_core.package_identification:_identify(experiment_logs/feedback_diagnostics/alicia_feedback_20260531_000949) by extension 'python'
[3.320s] Level 1:colcon.colcon_core.package_identification:_identify(experiment_logs/feedback_diagnostics/alicia_feedback_20260531_000949) by extensions ['python_setup_py']
[3.320s] Level 1:colcon.colcon_core.package_identification:_identify(experiment_logs/feedback_diagnostics/alicia_feedback_20260531_000949) by extension 'python_setup_py'
[3.320s] Level 1:colcon.colcon_core.package_identification:_identify(experiment_logs/feedback_diagnostics/alicia_feedback_20260602_154605) by extensions ['ignore', 'ignore_ament_install']
[3.320s] Level 1:colcon.colcon_core.package_identification:_identify(experiment_logs/feedback_diagnostics/alicia_feedback_20260602_154605) by extension 'ignore'
[3.321s] Level 1:colcon.colcon_core.package_identification:_identify(experiment_logs/feedback_diagnostics/alicia_feedback_20260602_154605) by extension 'ignore_ament_install'
[3.321s] Level 1:colcon.colcon_core.package_identification:_identify(experiment_logs/feedback_diagnostics/alicia_feedback_20260602_154605) by extensions ['colcon_pkg']
[3.321s] Level 1:colcon.colcon_core.package_identification:_identify(experiment_logs/feedback_diagnostics/alicia_feedback_20260602_154605) by extension 'colcon_pkg'
[3.321s] Level 1:colcon.colcon_core.package_identification:_identify(experiment_logs/feedback_diagnostics/alicia_feedback_20260602_154605) by extensions ['colcon_meta']
[3.321s] Level 1:colcon.colcon_core.package_identification:_identify(experiment_logs/feedback_diagnostics/alicia_feedback_20260602_154605) by extension 'colcon_meta'
[3.321s] Level 1:colcon.colcon_core.package_identification:_identify(experiment_logs/feedback_diagnostics/alicia_feedback_20260602_154605) by extensions ['ros']
[3.322s] Level 1:colcon.colcon_core.package_identification:_identify(experiment_logs/feedback_diagnostics/alicia_feedback_20260602_154605) by extension 'ros'
[3.322s] Level 1:colcon.colcon_core.package_identification:_identify(experiment_logs/feedback_diagnostics/alicia_feedback_20260602_154605) by extensions ['cmake', 'python']
[3.322s] Level 1:colcon.colcon_core.package_identification:_identify(experiment_logs/feedback_diagnostics/alicia_feedback_20260602_154605) by extension 'cmake'
[3.322s] Level 1:colcon.colcon_core.package_identification:_identify(experiment_logs/feedback_diagnostics/alicia_feedback_20260602_154605) by extension 'python'
[3.322s] Level 1:colcon.colcon_core.package_identification:_identify(experiment_logs/feedback_diagnostics/alicia_feedback_20260602_154605) by extensions ['python_setup_py']
[3.322s] Level 1:colcon.colcon_core.package_identification:_identify(experiment_logs/feedback_diagnostics/alicia_feedback_20260602_154605) by extension 'python_setup_py'
[3.322s] Level 1:colcon.colcon_core.package_identification:_identify(experiment_logs/feedback_diagnostics/alicia_feedback_20260602_154702) by extensions ['ignore', 'ignore_ament_install']
[3.323s] Level 1:colcon.colcon_core.package_identification:_identify(experiment_logs/feedback_diagnostics/alicia_feedback_20260602_154702) by extension 'ignore'
[3.323s] Level 1:colcon.colcon_core.package_identification:_identify(experiment_logs/feedback_diagnostics/alicia_feedback_20260602_154702) by extension 'ignore_ament_install'
[3.323s] Level 1:colcon.colcon_core.package_identification:_identify(experiment_logs/feedback_diagnostics/alicia_feedback_20260602_154702) by extensions ['colcon_pkg']
[3.324s] Level 1:colcon.colcon_core.package_identification:_identify(experiment_logs/feedback_diagnostics/alicia_feedback_20260602_154702) by extension 'colcon_pkg'
[3.324s] Level 1:colcon.colcon_core.package_identification:_identify(experiment_logs/feedback_diagnostics/alicia_feedback_20260602_154702) by extensions ['colcon_meta']
[3.324s] Level 1:colcon.colcon_core.package_identification:_identify(experiment_logs/feedback_diagnostics/alicia_feedback_20260602_154702) by extension 'colcon_meta'
[3.324s] Level 1:colcon.colcon_core.package_identification:_identify(experiment_logs/feedback_diagnostics/alicia_feedback_20260602_154702) by extensions ['ros']
[3.324s] Level 1:colcon.colcon_core.package_identification:_identify(experiment_logs/feedback_diagnostics/alicia_feedback_20260602_154702) by extension 'ros'
[3.325s] Level 1:colcon.colcon_core.package_identification:_identify(experiment_logs/feedback_diagnostics/alicia_feedback_20260602_154702) by extensions ['cmake', 'python']
[3.325s] Level 1:colcon.colcon_core.package_identification:_identify(experiment_logs/feedback_diagnostics/alicia_feedback_20260602_154702) by extension 'cmake'
[3.325s] Level 1:colcon.colcon_core.package_identification:_identify(experiment_logs/feedback_diagnostics/alicia_feedback_20260602_154702) by extension 'python'
[3.325s] Level 1:colcon.colcon_core.package_identification:_identify(experiment_logs/feedback_diagnostics/alicia_feedback_20260602_154702) by extensions ['python_setup_py']
[3.325s] Level 1:colcon.colcon_core.package_identification:_identify(experiment_logs/feedback_diagnostics/alicia_feedback_20260602_154702) by extension 'python_setup_py'
[3.325s] Level 1:colcon.colcon_core.package_identification:_identify(experiment_logs/feedback_diagnostics/alicia_feedback_20260602_154723) by extensions ['ignore', 'ignore_ament_install']
[3.326s] Level 1:colcon.colcon_core.package_identification:_identify(experiment_logs/feedback_diagnostics/alicia_feedback_20260602_154723) by extension 'ignore'
[3.326s] Level 1:colcon.colcon_core.package_identification:_identify(experiment_logs/feedback_diagnostics/alicia_feedback_20260602_154723) by extension 'ignore_ament_install'
[3.326s] Level 1:colcon.colcon_core.package_identification:_identify(experiment_logs/feedback_diagnostics/alicia_feedback_20260602_154723) by extensions ['colcon_pkg']
[3.326s] Level 1:colcon.colcon_core.package_identification:_identify(experiment_logs/feedback_diagnostics/alicia_feedback_20260602_154723) by extension 'colcon_pkg'
[3.326s] Level 1:colcon.colcon_core.package_identification:_identify(experiment_logs/feedback_diagnostics/alicia_feedback_20260602_154723) by extensions ['colcon_meta']
[3.326s] Level 1:colcon.colcon_core.package_identification:_identify(experiment_logs/feedback_diagnostics/alicia_feedback_20260602_154723) by extension 'colcon_meta'
[3.326s] Level 1:colcon.colcon_core.package_identification:_identify(experiment_logs/feedback_diagnostics/alicia_feedback_20260602_154723) by extensions ['ros']
[3.326s] Level 1:colcon.colcon_core.package_identification:_identify(experiment_logs/feedback_diagnostics/alicia_feedback_20260602_154723) by extension 'ros'
[3.327s] Level 1:colcon.colcon_core.package_identification:_identify(experiment_logs/feedback_diagnostics/alicia_feedback_20260602_154723) by extensions ['cmake', 'python']
[3.327s] Level 1:colcon.colcon_core.package_identification:_identify(experiment_logs/feedback_diagnostics/alicia_feedback_20260602_154723) by extension 'cmake'
[3.327s] Level 1:colcon.colcon_core.package_identification:_identify(experiment_logs/feedback_diagnostics/alicia_feedback_20260602_154723) by extension 'python'
[3.328s] Level 1:colcon.colcon_core.package_identification:_identify(experiment_logs/feedback_diagnostics/alicia_feedback_20260602_154723) by extensions ['python_setup_py']
[3.328s] Level 1:colcon.colcon_core.package_identification:_identify(experiment_logs/feedback_diagnostics/alicia_feedback_20260602_154723) by extension 'python_setup_py'
[3.328s] Level 1:colcon.colcon_core.package_identification:_identify(experiment_logs/feedback_diagnostics/alicia_feedback_20260602_160741) by extensions ['ignore', 'ignore_ament_install']
[3.328s] Level 1:colcon.colcon_core.package_identification:_identify(experiment_logs/feedback_diagnostics/alicia_feedback_20260602_160741) by extension 'ignore'
[3.328s] Level 1:colcon.colcon_core.package_identification:_identify(experiment_logs/feedback_diagnostics/alicia_feedback_20260602_160741) by extension 'ignore_ament_install'
[3.329s] Level 1:colcon.colcon_core.package_identification:_identify(experiment_logs/feedback_diagnostics/alicia_feedback_20260602_160741) by extensions ['colcon_pkg']
[3.329s] Level 1:colcon.colcon_core.package_identification:_identify(experiment_logs/feedback_diagnostics/alicia_feedback_20260602_160741) by extension 'colcon_pkg'
[3.329s] Level 1:colcon.colcon_core.package_identification:_identify(experiment_logs/feedback_diagnostics/alicia_feedback_20260602_160741) by extensions ['colcon_meta']
[3.329s] Level 1:colcon.colcon_core.package_identification:_identify(experiment_logs/feedback_diagnostics/alicia_feedback_20260602_160741) by extension 'colcon_meta'
[3.329s] Level 1:colcon.colcon_core.package_identification:_identify(experiment_logs/feedback_diagnostics/alicia_feedback_20260602_160741) by extensions ['ros']
[3.329s] Level 1:colcon.colcon_core.package_identification:_identify(experiment_logs/feedback_diagnostics/alicia_feedback_20260602_160741) by extension 'ros'
[3.329s] Level 1:colcon.colcon_core.package_identification:_identify(experiment_logs/feedback_diagnostics/alicia_feedback_20260602_160741) by extensions ['cmake', 'python']
[3.330s] Level 1:colcon.colcon_core.package_identification:_identify(experiment_logs/feedback_diagnostics/alicia_feedback_20260602_160741) by extension 'cmake'
[3.330s] Level 1:colcon.colcon_core.package_identification:_identify(experiment_logs/feedback_diagnostics/alicia_feedback_20260602_160741) by extension 'python'
[3.330s] Level 1:colcon.colcon_core.package_identification:_identify(experiment_logs/feedback_diagnostics/alicia_feedback_20260602_160741) by extensions ['python_setup_py']
[3.330s] Level 1:colcon.colcon_core.package_identification:_identify(experiment_logs/feedback_diagnostics/alicia_feedback_20260602_160741) by extension 'python_setup_py'
[3.331s] Level 1:colcon.colcon_core.package_identification:_identify(experiment_logs/feedback_diagnostics/alicia_feedback_20260602_160914) by extensions ['ignore', 'ignore_ament_install']
[3.332s] Level 1:colcon.colcon_core.package_identification:_identify(experiment_logs/feedback_diagnostics/alicia_feedback_20260602_160914) by extension 'ignore'
[3.333s] Level 1:colcon.colcon_core.package_identification:_identify(experiment_logs/feedback_diagnostics/alicia_feedback_20260602_160914) by extension 'ignore_ament_install'
[3.333s] Level 1:colcon.colcon_core.package_identification:_identify(experiment_logs/feedback_diagnostics/alicia_feedback_20260602_160914) by extensions ['colcon_pkg']
[3.333s] Level 1:colcon.colcon_core.package_identification:_identify(experiment_logs/feedback_diagnostics/alicia_feedback_20260602_160914) by extension 'colcon_pkg'
[3.334s] Level 1:colcon.colcon_core.package_identification:_identify(experiment_logs/feedback_diagnostics/alicia_feedback_20260602_160914) by extensions ['colcon_meta']
[3.334s] Level 1:colcon.colcon_core.package_identification:_identify(experiment_logs/feedback_diagnostics/alicia_feedback_20260602_160914) by extension 'colcon_meta'
[3.334s] Level 1:colcon.colcon_core.package_identification:_identify(experiment_logs/feedback_diagnostics/alicia_feedback_20260602_160914) by extensions ['ros']
[3.334s] Level 1:colcon.colcon_core.package_identification:_identify(experiment_logs/feedback_diagnostics/alicia_feedback_20260602_160914) by extension 'ros'
[3.335s] Level 1:colcon.colcon_core.package_identification:_identify(experiment_logs/feedback_diagnostics/alicia_feedback_20260602_160914) by extensions ['cmake', 'python']
[3.335s] Level 1:colcon.colcon_core.package_identification:_identify(experiment_logs/feedback_diagnostics/alicia_feedback_20260602_160914) by extension 'cmake'
[3.335s] Level 1:colcon.colcon_core.package_identification:_identify(experiment_logs/feedback_diagnostics/alicia_feedback_20260602_160914) by extension 'python'
[3.335s] Level 1:colcon.colcon_core.package_identification:_identify(experiment_logs/feedback_diagnostics/alicia_feedback_20260602_160914) by extensions ['python_setup_py']
[3.335s] Level 1:colcon.colcon_core.package_identification:_identify(experiment_logs/feedback_diagnostics/alicia_feedback_20260602_160914) by extension 'python_setup_py'
[3.336s] Level 1:colcon.colcon_core.package_identification:_identify(experiment_logs/feedback_diagnostics/alicia_feedback_20260602_161215) by extensions ['ignore', 'ignore_ament_install']
[3.336s] Level 1:colcon.colcon_core.package_identification:_identify(experiment_logs/feedback_diagnostics/alicia_feedback_20260602_161215) by extension 'ignore'
[3.336s] Level 1:colcon.colcon_core.package_identification:_identify(experiment_logs/feedback_diagnostics/alicia_feedback_20260602_161215) by extension 'ignore_ament_install'
[3.336s] Level 1:colcon.colcon_core.package_identification:_identify(experiment_logs/feedback_diagnostics/alicia_feedback_20260602_161215) by extensions ['colcon_pkg']
[3.337s] Level 1:colcon.colcon_core.package_identification:_identify(experiment_logs/feedback_diagnostics/alicia_feedback_20260602_161215) by extension 'colcon_pkg'
[3.337s] Level 1:colcon.colcon_core.package_identification:_identify(experiment_logs/feedback_diagnostics/alicia_feedback_20260602_161215) by extensions ['colcon_meta']
[3.337s] Level 1:colcon.colcon_core.package_identification:_identify(experiment_logs/feedback_diagnostics/alicia_feedback_20260602_161215) by extension 'colcon_meta'
[3.337s] Level 1:colcon.colcon_core.package_identification:_identify(experiment_logs/feedback_diagnostics/alicia_feedback_20260602_161215) by extensions ['ros']
[3.337s] Level 1:colcon.colcon_core.package_identification:_identify(experiment_logs/feedback_diagnostics/alicia_feedback_20260602_161215) by extension 'ros'
[3.338s] Level 1:colcon.colcon_core.package_identification:_identify(experiment_logs/feedback_diagnostics/alicia_feedback_20260602_161215) by extensions ['cmake', 'python']
[3.338s] Level 1:colcon.colcon_core.package_identification:_identify(experiment_logs/feedback_diagnostics/alicia_feedback_20260602_161215) by extension 'cmake'
[3.338s] Level 1:colcon.colcon_core.package_identification:_identify(experiment_logs/feedback_diagnostics/alicia_feedback_20260602_161215) by extension 'python'
[3.338s] Level 1:colcon.colcon_core.package_identification:_identify(experiment_logs/feedback_diagnostics/alicia_feedback_20260602_161215) by extensions ['python_setup_py']
[3.338s] Level 1:colcon.colcon_core.package_identification:_identify(experiment_logs/feedback_diagnostics/alicia_feedback_20260602_161215) by extension 'python_setup_py'
[3.339s] Level 1:colcon.colcon_core.package_identification:_identify(experiment_logs/feedback_diagnostics/alicia_feedback_20260602_161500) by extensions ['ignore', 'ignore_ament_install']
[3.339s] Level 1:colcon.colcon_core.package_identification:_identify(experiment_logs/feedback_diagnostics/alicia_feedback_20260602_161500) by extension 'ignore'
[3.339s] Level 1:colcon.colcon_core.package_identification:_identify(experiment_logs/feedback_diagnostics/alicia_feedback_20260602_161500) by extension 'ignore_ament_install'
[3.339s] Level 1:colcon.colcon_core.package_identification:_identify(experiment_logs/feedback_diagnostics/alicia_feedback_20260602_161500) by extensions ['colcon_pkg']
[3.340s] Level 1:colcon.colcon_core.package_identification:_identify(experiment_logs/feedback_diagnostics/alicia_feedback_20260602_161500) by extension 'colcon_pkg'
[3.340s] Level 1:colcon.colcon_core.package_identification:_identify(experiment_logs/feedback_diagnostics/alicia_feedback_20260602_161500) by extensions ['colcon_meta']
[3.340s] Level 1:colcon.colcon_core.package_identification:_identify(experiment_logs/feedback_diagnostics/alicia_feedback_20260602_161500) by extension 'colcon_meta'
[3.340s] Level 1:colcon.colcon_core.package_identification:_identify(experiment_logs/feedback_diagnostics/alicia_feedback_20260602_161500) by extensions ['ros']
[3.341s] Level 1:colcon.colcon_core.package_identification:_identify(experiment_logs/feedback_diagnostics/alicia_feedback_20260602_161500) by extension 'ros'
[3.341s] Level 1:colcon.colcon_core.package_identification:_identify(experiment_logs/feedback_diagnostics/alicia_feedback_20260602_161500) by extensions ['cmake', 'python']
[3.341s] Level 1:colcon.colcon_core.package_identification:_identify(experiment_logs/feedback_diagnostics/alicia_feedback_20260602_161500) by extension 'cmake'
[3.342s] Level 1:colcon.colcon_core.package_identification:_identify(experiment_logs/feedback_diagnostics/alicia_feedback_20260602_161500) by extension 'python'
[3.342s] Level 1:colcon.colcon_core.package_identification:_identify(experiment_logs/feedback_diagnostics/alicia_feedback_20260602_161500) by extensions ['python_setup_py']
[3.342s] Level 1:colcon.colcon_core.package_identification:_identify(experiment_logs/feedback_diagnostics/alicia_feedback_20260602_161500) by extension 'python_setup_py'
[3.343s] Level 1:colcon.colcon_core.package_identification:_identify(experiment_logs/feedback_diagnostics/alicia_feedback_20260602_161548) by extensions ['ignore', 'ignore_ament_install']
[3.344s] Level 1:colcon.colcon_core.package_identification:_identify(experiment_logs/feedback_diagnostics/alicia_feedback_20260602_161548) by extension 'ignore'
[3.344s] Level 1:colcon.colcon_core.package_identification:_identify(experiment_logs/feedback_diagnostics/alicia_feedback_20260602_161548) by extension 'ignore_ament_install'
[3.345s] Level 1:colcon.colcon_core.package_identification:_identify(experiment_logs/feedback_diagnostics/alicia_feedback_20260602_161548) by extensions ['colcon_pkg']
[3.345s] Level 1:colcon.colcon_core.package_identification:_identify(experiment_logs/feedback_diagnostics/alicia_feedback_20260602_161548) by extension 'colcon_pkg'
[3.346s] Level 1:colcon.colcon_core.package_identification:_identify(experiment_logs/feedback_diagnostics/alicia_feedback_20260602_161548) by extensions ['colcon_meta']
[3.346s] Level 1:colcon.colcon_core.package_identification:_identify(experiment_logs/feedback_diagnostics/alicia_feedback_20260602_161548) by extension 'colcon_meta'
[3.346s] Level 1:colcon.colcon_core.package_identification:_identify(experiment_logs/feedback_diagnostics/alicia_feedback_20260602_161548) by extensions ['ros']
[3.347s] Level 1:colcon.colcon_core.package_identification:_identify(experiment_logs/feedback_diagnostics/alicia_feedback_20260602_161548) by extension 'ros'
[3.348s] Level 1:colcon.colcon_core.package_identification:_identify(experiment_logs/feedback_diagnostics/alicia_feedback_20260602_161548) by extensions ['cmake', 'python']
[3.348s] Level 1:colcon.colcon_core.package_identification:_identify(experiment_logs/feedback_diagnostics/alicia_feedback_20260602_161548) by extension 'cmake'
[3.349s] Level 1:colcon.colcon_core.package_identification:_identify(experiment_logs/feedback_diagnostics/alicia_feedback_20260602_161548) by extension 'python'
[3.349s] Level 1:colcon.colcon_core.package_identification:_identify(experiment_logs/feedback_diagnostics/alicia_feedback_20260602_161548) by extensions ['python_setup_py']
[3.349s] Level 1:colcon.colcon_core.package_identification:_identify(experiment_logs/feedback_diagnostics/alicia_feedback_20260602_161548) by extension 'python_setup_py'
[3.349s] Level 1:colcon.colcon_core.package_identification:_identify(experiment_logs/feedback_diagnostics/alicia_feedback_20260602_170312) by extensions ['ignore', 'ignore_ament_install']
[3.349s] Level 1:colcon.colcon_core.package_identification:_identify(experiment_logs/feedback_diagnostics/alicia_feedback_20260602_170312) by extension 'ignore'
[3.349s] Level 1:colcon.colcon_core.package_identification:_identify(experiment_logs/feedback_diagnostics/alicia_feedback_20260602_170312) by extension 'ignore_ament_install'
[3.349s] Level 1:colcon.colcon_core.package_identification:_identify(experiment_logs/feedback_diagnostics/alicia_feedback_20260602_170312) by extensions ['colcon_pkg']
[3.350s] Level 1:colcon.colcon_core.package_identification:_identify(experiment_logs/feedback_diagnostics/alicia_feedback_20260602_170312) by extension 'colcon_pkg'
[3.350s] Level 1:colcon.colcon_core.package_identification:_identify(experiment_logs/feedback_diagnostics/alicia_feedback_20260602_170312) by extensions ['colcon_meta']
[3.350s] Level 1:colcon.colcon_core.package_identification:_identify(experiment_logs/feedback_diagnostics/alicia_feedback_20260602_170312) by extension 'colcon_meta'
[3.350s] Level 1:colcon.colcon_core.package_identification:_identify(experiment_logs/feedback_diagnostics/alicia_feedback_20260602_170312) by extensions ['ros']
[3.350s] Level 1:colcon.colcon_core.package_identification:_identify(experiment_logs/feedback_diagnostics/alicia_feedback_20260602_170312) by extension 'ros'
[3.350s] Level 1:colcon.colcon_core.package_identification:_identify(experiment_logs/feedback_diagnostics/alicia_feedback_20260602_170312) by extensions ['cmake', 'python']
[3.350s] Level 1:colcon.colcon_core.package_identification:_identify(experiment_logs/feedback_diagnostics/alicia_feedback_20260602_170312) by extension 'cmake'
[3.350s] Level 1:colcon.colcon_core.package_identification:_identify(experiment_logs/feedback_diagnostics/alicia_feedback_20260602_170312) by extension 'python'
[3.351s] Level 1:colcon.colcon_core.package_identification:_identify(experiment_logs/feedback_diagnostics/alicia_feedback_20260602_170312) by extensions ['python_setup_py']
[3.351s] Level 1:colcon.colcon_core.package_identification:_identify(experiment_logs/feedback_diagnostics/alicia_feedback_20260602_170312) by extension 'python_setup_py'
[3.351s] Level 1:colcon.colcon_core.package_identification:_identify(experiment_logs/feedback_motion) by extensions ['ignore', 'ignore_ament_install']
[3.351s] Level 1:colcon.colcon_core.package_identification:_identify(experiment_logs/feedback_motion) by extension 'ignore'
[3.351s] Level 1:colcon.colcon_core.package_identification:_identify(experiment_logs/feedback_motion) by extension 'ignore_ament_install'
[3.352s] Level 1:colcon.colcon_core.package_identification:_identify(experiment_logs/feedback_motion) by extensions ['colcon_pkg']
[3.352s] Level 1:colcon.colcon_core.package_identification:_identify(experiment_logs/feedback_motion) by extension 'colcon_pkg'
[3.352s] Level 1:colcon.colcon_core.package_identification:_identify(experiment_logs/feedback_motion) by extensions ['colcon_meta']
[3.352s] Level 1:colcon.colcon_core.package_identification:_identify(experiment_logs/feedback_motion) by extension 'colcon_meta'
[3.353s] Level 1:colcon.colcon_core.package_identification:_identify(experiment_logs/feedback_motion) by extensions ['ros']
[3.353s] Level 1:colcon.colcon_core.package_identification:_identify(experiment_logs/feedback_motion) by extension 'ros'
[3.353s] Level 1:colcon.colcon_core.package_identification:_identify(experiment_logs/feedback_motion) by extensions ['cmake', 'python']
[3.353s] Level 1:colcon.colcon_core.package_identification:_identify(experiment_logs/feedback_motion) by extension 'cmake'
[3.353s] Level 1:colcon.colcon_core.package_identification:_identify(experiment_logs/feedback_motion) by extension 'python'
[3.354s] Level 1:colcon.colcon_core.package_identification:_identify(experiment_logs/feedback_motion) by extensions ['python_setup_py']
[3.354s] Level 1:colcon.colcon_core.package_identification:_identify(experiment_logs/feedback_motion) by extension 'python_setup_py'
[3.354s] Level 1:colcon.colcon_core.package_identification:_identify(experiment_logs/feedback_motion/tiny_feedback_motion_20260531_210724_current_gripper_state) by extensions ['ignore', 'ignore_ament_install']
[3.354s] Level 1:colcon.colcon_core.package_identification:_identify(experiment_logs/feedback_motion/tiny_feedback_motion_20260531_210724_current_gripper_state) by extension 'ignore'
[3.355s] Level 1:colcon.colcon_core.package_identification:_identify(experiment_logs/feedback_motion/tiny_feedback_motion_20260531_210724_current_gripper_state) by extension 'ignore_ament_install'
[3.355s] Level 1:colcon.colcon_core.package_identification:_identify(experiment_logs/feedback_motion/tiny_feedback_motion_20260531_210724_current_gripper_state) by extensions ['colcon_pkg']
[3.355s] Level 1:colcon.colcon_core.package_identification:_identify(experiment_logs/feedback_motion/tiny_feedback_motion_20260531_210724_current_gripper_state) by extension 'colcon_pkg'
[3.355s] Level 1:colcon.colcon_core.package_identification:_identify(experiment_logs/feedback_motion/tiny_feedback_motion_20260531_210724_current_gripper_state) by extensions ['colcon_meta']
[3.355s] Level 1:colcon.colcon_core.package_identification:_identify(experiment_logs/feedback_motion/tiny_feedback_motion_20260531_210724_current_gripper_state) by extension 'colcon_meta'
[3.356s] Level 1:colcon.colcon_core.package_identification:_identify(experiment_logs/feedback_motion/tiny_feedback_motion_20260531_210724_current_gripper_state) by extensions ['ros']
[3.356s] Level 1:colcon.colcon_core.package_identification:_identify(experiment_logs/feedback_motion/tiny_feedback_motion_20260531_210724_current_gripper_state) by extension 'ros'
[3.356s] Level 1:colcon.colcon_core.package_identification:_identify(experiment_logs/feedback_motion/tiny_feedback_motion_20260531_210724_current_gripper_state) by extensions ['cmake', 'python']
[3.356s] Level 1:colcon.colcon_core.package_identification:_identify(experiment_logs/feedback_motion/tiny_feedback_motion_20260531_210724_current_gripper_state) by extension 'cmake'
[3.357s] Level 1:colcon.colcon_core.package_identification:_identify(experiment_logs/feedback_motion/tiny_feedback_motion_20260531_210724_current_gripper_state) by extension 'python'
[3.357s] Level 1:colcon.colcon_core.package_identification:_identify(experiment_logs/feedback_motion/tiny_feedback_motion_20260531_210724_current_gripper_state) by extensions ['python_setup_py']
[3.357s] Level 1:colcon.colcon_core.package_identification:_identify(experiment_logs/feedback_motion/tiny_feedback_motion_20260531_210724_current_gripper_state) by extension 'python_setup_py'
[3.357s] Level 1:colcon.colcon_core.package_identification:_identify(experiment_logs/gripper_debug_state) by extensions ['ignore', 'ignore_ament_install']
[3.358s] Level 1:colcon.colcon_core.package_identification:_identify(experiment_logs/gripper_debug_state) by extension 'ignore'
[3.358s] Level 1:colcon.colcon_core.package_identification:_identify(experiment_logs/gripper_debug_state) by extension 'ignore_ament_install'
[3.359s] Level 1:colcon.colcon_core.package_identification:_identify(experiment_logs/gripper_debug_state) by extensions ['colcon_pkg']
[3.359s] Level 1:colcon.colcon_core.package_identification:_identify(experiment_logs/gripper_debug_state) by extension 'colcon_pkg'
[3.359s] Level 1:colcon.colcon_core.package_identification:_identify(experiment_logs/gripper_debug_state) by extensions ['colcon_meta']
[3.359s] Level 1:colcon.colcon_core.package_identification:_identify(experiment_logs/gripper_debug_state) by extension 'colcon_meta'
[3.359s] Level 1:colcon.colcon_core.package_identification:_identify(experiment_logs/gripper_debug_state) by extensions ['ros']
[3.360s] Level 1:colcon.colcon_core.package_identification:_identify(experiment_logs/gripper_debug_state) by extension 'ros'
[3.360s] Level 1:colcon.colcon_core.package_identification:_identify(experiment_logs/gripper_debug_state) by extensions ['cmake', 'python']
[3.360s] Level 1:colcon.colcon_core.package_identification:_identify(experiment_logs/gripper_debug_state) by extension 'cmake'
[3.360s] Level 1:colcon.colcon_core.package_identification:_identify(experiment_logs/gripper_debug_state) by extension 'python'
[3.360s] Level 1:colcon.colcon_core.package_identification:_identify(experiment_logs/gripper_debug_state) by extensions ['python_setup_py']
[3.361s] Level 1:colcon.colcon_core.package_identification:_identify(experiment_logs/gripper_debug_state) by extension 'python_setup_py'
[3.361s] Level 1:colcon.colcon_core.package_identification:_identify(experiment_logs/gripper_debug_state/gripper_debug_20260604_143305) by extensions ['ignore', 'ignore_ament_install']
[3.361s] Level 1:colcon.colcon_core.package_identification:_identify(experiment_logs/gripper_debug_state/gripper_debug_20260604_143305) by extension 'ignore'
[3.361s] Level 1:colcon.colcon_core.package_identification:_identify(experiment_logs/gripper_debug_state/gripper_debug_20260604_143305) by extension 'ignore_ament_install'
[3.362s] Level 1:colcon.colcon_core.package_identification:_identify(experiment_logs/gripper_debug_state/gripper_debug_20260604_143305) by extensions ['colcon_pkg']
[3.362s] Level 1:colcon.colcon_core.package_identification:_identify(experiment_logs/gripper_debug_state/gripper_debug_20260604_143305) by extension 'colcon_pkg'
[3.362s] Level 1:colcon.colcon_core.package_identification:_identify(experiment_logs/gripper_debug_state/gripper_debug_20260604_143305) by extensions ['colcon_meta']
[3.363s] Level 1:colcon.colcon_core.package_identification:_identify(experiment_logs/gripper_debug_state/gripper_debug_20260604_143305) by extension 'colcon_meta'
[3.363s] Level 1:colcon.colcon_core.package_identification:_identify(experiment_logs/gripper_debug_state/gripper_debug_20260604_143305) by extensions ['ros']
[3.363s] Level 1:colcon.colcon_core.package_identification:_identify(experiment_logs/gripper_debug_state/gripper_debug_20260604_143305) by extension 'ros'
[3.364s] Level 1:colcon.colcon_core.package_identification:_identify(experiment_logs/gripper_debug_state/gripper_debug_20260604_143305) by extensions ['cmake', 'python']
[3.364s] Level 1:colcon.colcon_core.package_identification:_identify(experiment_logs/gripper_debug_state/gripper_debug_20260604_143305) by extension 'cmake'
[3.364s] Level 1:colcon.colcon_core.package_identification:_identify(experiment_logs/gripper_debug_state/gripper_debug_20260604_143305) by extension 'python'
[3.364s] Level 1:colcon.colcon_core.package_identification:_identify(experiment_logs/gripper_debug_state/gripper_debug_20260604_143305) by extensions ['python_setup_py']
[3.364s] Level 1:colcon.colcon_core.package_identification:_identify(experiment_logs/gripper_debug_state/gripper_debug_20260604_143305) by extension 'python_setup_py'
[3.365s] Level 1:colcon.colcon_core.package_identification:_identify(experiment_logs/gripper_debug_state/gripper_debug_20260604_150215) by extensions ['ignore', 'ignore_ament_install']
[3.365s] Level 1:colcon.colcon_core.package_identification:_identify(experiment_logs/gripper_debug_state/gripper_debug_20260604_150215) by extension 'ignore'
[3.365s] Level 1:colcon.colcon_core.package_identification:_identify(experiment_logs/gripper_debug_state/gripper_debug_20260604_150215) by extension 'ignore_ament_install'
[3.365s] Level 1:colcon.colcon_core.package_identification:_identify(experiment_logs/gripper_debug_state/gripper_debug_20260604_150215) by extensions ['colcon_pkg']
[3.365s] Level 1:colcon.colcon_core.package_identification:_identify(experiment_logs/gripper_debug_state/gripper_debug_20260604_150215) by extension 'colcon_pkg'
[3.365s] Level 1:colcon.colcon_core.package_identification:_identify(experiment_logs/gripper_debug_state/gripper_debug_20260604_150215) by extensions ['colcon_meta']
[3.366s] Level 1:colcon.colcon_core.package_identification:_identify(experiment_logs/gripper_debug_state/gripper_debug_20260604_150215) by extension 'colcon_meta'
[3.366s] Level 1:colcon.colcon_core.package_identification:_identify(experiment_logs/gripper_debug_state/gripper_debug_20260604_150215) by extensions ['ros']
[3.366s] Level 1:colcon.colcon_core.package_identification:_identify(experiment_logs/gripper_debug_state/gripper_debug_20260604_150215) by extension 'ros'
[3.366s] Level 1:colcon.colcon_core.package_identification:_identify(experiment_logs/gripper_debug_state/gripper_debug_20260604_150215) by extensions ['cmake', 'python']
[3.366s] Level 1:colcon.colcon_core.package_identification:_identify(experiment_logs/gripper_debug_state/gripper_debug_20260604_150215) by extension 'cmake'
[3.366s] Level 1:colcon.colcon_core.package_identification:_identify(experiment_logs/gripper_debug_state/gripper_debug_20260604_150215) by extension 'python'
[3.366s] Level 1:colcon.colcon_core.package_identification:_identify(experiment_logs/gripper_debug_state/gripper_debug_20260604_150215) by extensions ['python_setup_py']
[3.367s] Level 1:colcon.colcon_core.package_identification:_identify(experiment_logs/gripper_debug_state/gripper_debug_20260604_150215) by extension 'python_setup_py'
[3.368s] Level 1:colcon.colcon_core.package_identification:_identify(experiment_logs/gripper_debug_state/gripper_debug_20260604_150713) by extensions ['ignore', 'ignore_ament_install']
[3.369s] Level 1:colcon.colcon_core.package_identification:_identify(experiment_logs/gripper_debug_state/gripper_debug_20260604_150713) by extension 'ignore'
[3.369s] Level 1:colcon.colcon_core.package_identification:_identify(experiment_logs/gripper_debug_state/gripper_debug_20260604_150713) by extension 'ignore_ament_install'
[3.370s] Level 1:colcon.colcon_core.package_identification:_identify(experiment_logs/gripper_debug_state/gripper_debug_20260604_150713) by extensions ['colcon_pkg']
[3.370s] Level 1:colcon.colcon_core.package_identification:_identify(experiment_logs/gripper_debug_state/gripper_debug_20260604_150713) by extension 'colcon_pkg'
[3.370s] Level 1:colcon.colcon_core.package_identification:_identify(experiment_logs/gripper_debug_state/gripper_debug_20260604_150713) by extensions ['colcon_meta']
[3.370s] Level 1:colcon.colcon_core.package_identification:_identify(experiment_logs/gripper_debug_state/gripper_debug_20260604_150713) by extension 'colcon_meta'
[3.370s] Level 1:colcon.colcon_core.package_identification:_identify(experiment_logs/gripper_debug_state/gripper_debug_20260604_150713) by extensions ['ros']
[3.371s] Level 1:colcon.colcon_core.package_identification:_identify(experiment_logs/gripper_debug_state/gripper_debug_20260604_150713) by extension 'ros'
[3.371s] Level 1:colcon.colcon_core.package_identification:_identify(experiment_logs/gripper_debug_state/gripper_debug_20260604_150713) by extensions ['cmake', 'python']
[3.371s] Level 1:colcon.colcon_core.package_identification:_identify(experiment_logs/gripper_debug_state/gripper_debug_20260604_150713) by extension 'cmake'
[3.371s] Level 1:colcon.colcon_core.package_identification:_identify(experiment_logs/gripper_debug_state/gripper_debug_20260604_150713) by extension 'python'
[3.372s] Level 1:colcon.colcon_core.package_identification:_identify(experiment_logs/gripper_debug_state/gripper_debug_20260604_150713) by extensions ['python_setup_py']
[3.372s] Level 1:colcon.colcon_core.package_identification:_identify(experiment_logs/gripper_debug_state/gripper_debug_20260604_150713) by extension 'python_setup_py'
[3.372s] Level 1:colcon.colcon_core.package_identification:_identify(experiment_logs/gripper_debug_state/gripper_debug_20260604_162128) by extensions ['ignore', 'ignore_ament_install']
[3.372s] Level 1:colcon.colcon_core.package_identification:_identify(experiment_logs/gripper_debug_state/gripper_debug_20260604_162128) by extension 'ignore'
[3.373s] Level 1:colcon.colcon_core.package_identification:_identify(experiment_logs/gripper_debug_state/gripper_debug_20260604_162128) by extension 'ignore_ament_install'
[3.373s] Level 1:colcon.colcon_core.package_identification:_identify(experiment_logs/gripper_debug_state/gripper_debug_20260604_162128) by extensions ['colcon_pkg']
[3.373s] Level 1:colcon.colcon_core.package_identification:_identify(experiment_logs/gripper_debug_state/gripper_debug_20260604_162128) by extension 'colcon_pkg'
[3.373s] Level 1:colcon.colcon_core.package_identification:_identify(experiment_logs/gripper_debug_state/gripper_debug_20260604_162128) by extensions ['colcon_meta']
[3.373s] Level 1:colcon.colcon_core.package_identification:_identify(experiment_logs/gripper_debug_state/gripper_debug_20260604_162128) by extension 'colcon_meta'
[3.373s] Level 1:colcon.colcon_core.package_identification:_identify(experiment_logs/gripper_debug_state/gripper_debug_20260604_162128) by extensions ['ros']
[3.373s] Level 1:colcon.colcon_core.package_identification:_identify(experiment_logs/gripper_debug_state/gripper_debug_20260604_162128) by extension 'ros'
[3.374s] Level 1:colcon.colcon_core.package_identification:_identify(experiment_logs/gripper_debug_state/gripper_debug_20260604_162128) by extensions ['cmake', 'python']
[3.374s] Level 1:colcon.colcon_core.package_identification:_identify(experiment_logs/gripper_debug_state/gripper_debug_20260604_162128) by extension 'cmake'
[3.374s] Level 1:colcon.colcon_core.package_identification:_identify(experiment_logs/gripper_debug_state/gripper_debug_20260604_162128) by extension 'python'
[3.374s] Level 1:colcon.colcon_core.package_identification:_identify(experiment_logs/gripper_debug_state/gripper_debug_20260604_162128) by extensions ['python_setup_py']
[3.374s] Level 1:colcon.colcon_core.package_identification:_identify(experiment_logs/gripper_debug_state/gripper_debug_20260604_162128) by extension 'python_setup_py'
[3.374s] Level 1:colcon.colcon_core.package_identification:_identify(experiment_logs/gripper_debug_state/gripper_debug_20260604_163028) by extensions ['ignore', 'ignore_ament_install']
[3.375s] Level 1:colcon.colcon_core.package_identification:_identify(experiment_logs/gripper_debug_state/gripper_debug_20260604_163028) by extension 'ignore'
[3.375s] Level 1:colcon.colcon_core.package_identification:_identify(experiment_logs/gripper_debug_state/gripper_debug_20260604_163028) by extension 'ignore_ament_install'
[3.375s] Level 1:colcon.colcon_core.package_identification:_identify(experiment_logs/gripper_debug_state/gripper_debug_20260604_163028) by extensions ['colcon_pkg']
[3.375s] Level 1:colcon.colcon_core.package_identification:_identify(experiment_logs/gripper_debug_state/gripper_debug_20260604_163028) by extension 'colcon_pkg'
[3.375s] Level 1:colcon.colcon_core.package_identification:_identify(experiment_logs/gripper_debug_state/gripper_debug_20260604_163028) by extensions ['colcon_meta']
[3.375s] Level 1:colcon.colcon_core.package_identification:_identify(experiment_logs/gripper_debug_state/gripper_debug_20260604_163028) by extension 'colcon_meta'
[3.375s] Level 1:colcon.colcon_core.package_identification:_identify(experiment_logs/gripper_debug_state/gripper_debug_20260604_163028) by extensions ['ros']
[3.376s] Level 1:colcon.colcon_core.package_identification:_identify(experiment_logs/gripper_debug_state/gripper_debug_20260604_163028) by extension 'ros'
[3.376s] Level 1:colcon.colcon_core.package_identification:_identify(experiment_logs/gripper_debug_state/gripper_debug_20260604_163028) by extensions ['cmake', 'python']
[3.376s] Level 1:colcon.colcon_core.package_identification:_identify(experiment_logs/gripper_debug_state/gripper_debug_20260604_163028) by extension 'cmake'
[3.376s] Level 1:colcon.colcon_core.package_identification:_identify(experiment_logs/gripper_debug_state/gripper_debug_20260604_163028) by extension 'python'
[3.376s] Level 1:colcon.colcon_core.package_identification:_identify(experiment_logs/gripper_debug_state/gripper_debug_20260604_163028) by extensions ['python_setup_py']
[3.376s] Level 1:colcon.colcon_core.package_identification:_identify(experiment_logs/gripper_debug_state/gripper_debug_20260604_163028) by extension 'python_setup_py'
[3.376s] Level 1:colcon.colcon_core.package_identification:_identify(experiment_logs/gripper_debug_state/gripper_debug_20260604_164701) by extensions ['ignore', 'ignore_ament_install']
[3.377s] Level 1:colcon.colcon_core.package_identification:_identify(experiment_logs/gripper_debug_state/gripper_debug_20260604_164701) by extension 'ignore'
[3.377s] Level 1:colcon.colcon_core.package_identification:_identify(experiment_logs/gripper_debug_state/gripper_debug_20260604_164701) by extension 'ignore_ament_install'
[3.378s] Level 1:colcon.colcon_core.package_identification:_identify(experiment_logs/gripper_debug_state/gripper_debug_20260604_164701) by extensions ['colcon_pkg']
[3.378s] Level 1:colcon.colcon_core.package_identification:_identify(experiment_logs/gripper_debug_state/gripper_debug_20260604_164701) by extension 'colcon_pkg'
[3.378s] Level 1:colcon.colcon_core.package_identification:_identify(experiment_logs/gripper_debug_state/gripper_debug_20260604_164701) by extensions ['colcon_meta']
[3.378s] Level 1:colcon.colcon_core.package_identification:_identify(experiment_logs/gripper_debug_state/gripper_debug_20260604_164701) by extension 'colcon_meta'
[3.378s] Level 1:colcon.colcon_core.package_identification:_identify(experiment_logs/gripper_debug_state/gripper_debug_20260604_164701) by extensions ['ros']
[3.378s] Level 1:colcon.colcon_core.package_identification:_identify(experiment_logs/gripper_debug_state/gripper_debug_20260604_164701) by extension 'ros'
[3.379s] Level 1:colcon.colcon_core.package_identification:_identify(experiment_logs/gripper_debug_state/gripper_debug_20260604_164701) by extensions ['cmake', 'python']
[3.379s] Level 1:colcon.colcon_core.package_identification:_identify(experiment_logs/gripper_debug_state/gripper_debug_20260604_164701) by extension 'cmake'
[3.379s] Level 1:colcon.colcon_core.package_identification:_identify(experiment_logs/gripper_debug_state/gripper_debug_20260604_164701) by extension 'python'
[3.380s] Level 1:colcon.colcon_core.package_identification:_identify(experiment_logs/gripper_debug_state/gripper_debug_20260604_164701) by extensions ['python_setup_py']
[3.380s] Level 1:colcon.colcon_core.package_identification:_identify(experiment_logs/gripper_debug_state/gripper_debug_20260604_164701) by extension 'python_setup_py'
[3.380s] Level 1:colcon.colcon_core.package_identification:_identify(experiment_logs/simulation) by extensions ['ignore', 'ignore_ament_install']
[3.380s] Level 1:colcon.colcon_core.package_identification:_identify(experiment_logs/simulation) by extension 'ignore'
[3.381s] Level 1:colcon.colcon_core.package_identification:_identify(experiment_logs/simulation) by extension 'ignore_ament_install'
[3.381s] Level 1:colcon.colcon_core.package_identification:_identify(experiment_logs/simulation) by extensions ['colcon_pkg']
[3.381s] Level 1:colcon.colcon_core.package_identification:_identify(experiment_logs/simulation) by extension 'colcon_pkg'
[3.381s] Level 1:colcon.colcon_core.package_identification:_identify(experiment_logs/simulation) by extensions ['colcon_meta']
[3.382s] Level 1:colcon.colcon_core.package_identification:_identify(experiment_logs/simulation) by extension 'colcon_meta'
[3.382s] Level 1:colcon.colcon_core.package_identification:_identify(experiment_logs/simulation) by extensions ['ros']
[3.382s] Level 1:colcon.colcon_core.package_identification:_identify(experiment_logs/simulation) by extension 'ros'
[3.382s] Level 1:colcon.colcon_core.package_identification:_identify(experiment_logs/simulation) by extensions ['cmake', 'python']
[3.382s] Level 1:colcon.colcon_core.package_identification:_identify(experiment_logs/simulation) by extension 'cmake'
[3.382s] Level 1:colcon.colcon_core.package_identification:_identify(experiment_logs/simulation) by extension 'python'
[3.383s] Level 1:colcon.colcon_core.package_identification:_identify(experiment_logs/simulation) by extensions ['python_setup_py']
[3.383s] Level 1:colcon.colcon_core.package_identification:_identify(experiment_logs/simulation) by extension 'python_setup_py'
[3.383s] Level 1:colcon.colcon_core.package_identification:_identify(experiment_logs/simulation/control_layer_20260530_222950) by extensions ['ignore', 'ignore_ament_install']
[3.384s] Level 1:colcon.colcon_core.package_identification:_identify(experiment_logs/simulation/control_layer_20260530_222950) by extension 'ignore'
[3.384s] Level 1:colcon.colcon_core.package_identification:_identify(experiment_logs/simulation/control_layer_20260530_222950) by extension 'ignore_ament_install'
[3.384s] Level 1:colcon.colcon_core.package_identification:_identify(experiment_logs/simulation/control_layer_20260530_222950) by extensions ['colcon_pkg']
[3.384s] Level 1:colcon.colcon_core.package_identification:_identify(experiment_logs/simulation/control_layer_20260530_222950) by extension 'colcon_pkg'
[3.384s] Level 1:colcon.colcon_core.package_identification:_identify(experiment_logs/simulation/control_layer_20260530_222950) by extensions ['colcon_meta']
[3.384s] Level 1:colcon.colcon_core.package_identification:_identify(experiment_logs/simulation/control_layer_20260530_222950) by extension 'colcon_meta'
[3.384s] Level 1:colcon.colcon_core.package_identification:_identify(experiment_logs/simulation/control_layer_20260530_222950) by extensions ['ros']
[3.384s] Level 1:colcon.colcon_core.package_identification:_identify(experiment_logs/simulation/control_layer_20260530_222950) by extension 'ros'
[3.385s] Level 1:colcon.colcon_core.package_identification:_identify(experiment_logs/simulation/control_layer_20260530_222950) by extensions ['cmake', 'python']
[3.385s] Level 1:colcon.colcon_core.package_identification:_identify(experiment_logs/simulation/control_layer_20260530_222950) by extension 'cmake'
[3.385s] Level 1:colcon.colcon_core.package_identification:_identify(experiment_logs/simulation/control_layer_20260530_222950) by extension 'python'
[3.385s] Level 1:colcon.colcon_core.package_identification:_identify(experiment_logs/simulation/control_layer_20260530_222950) by extensions ['python_setup_py']
[3.385s] Level 1:colcon.colcon_core.package_identification:_identify(experiment_logs/simulation/control_layer_20260530_222950) by extension 'python_setup_py'
[3.385s] Level 1:colcon.colcon_core.package_identification:_identify(experiment_logs/simulation/control_layer_20260530_222950/ros_logs) by extensions ['ignore', 'ignore_ament_install']
[3.385s] Level 1:colcon.colcon_core.package_identification:_identify(experiment_logs/simulation/control_layer_20260530_222950/ros_logs) by extension 'ignore'
[3.386s] Level 1:colcon.colcon_core.package_identification:_identify(experiment_logs/simulation/control_layer_20260530_222950/ros_logs) by extension 'ignore_ament_install'
[3.386s] Level 1:colcon.colcon_core.package_identification:_identify(experiment_logs/simulation/control_layer_20260530_222950/ros_logs) by extensions ['colcon_pkg']
[3.386s] Level 1:colcon.colcon_core.package_identification:_identify(experiment_logs/simulation/control_layer_20260530_222950/ros_logs) by extension 'colcon_pkg'
[3.386s] Level 1:colcon.colcon_core.package_identification:_identify(experiment_logs/simulation/control_layer_20260530_222950/ros_logs) by extensions ['colcon_meta']
[3.386s] Level 1:colcon.colcon_core.package_identification:_identify(experiment_logs/simulation/control_layer_20260530_222950/ros_logs) by extension 'colcon_meta'
[3.386s] Level 1:colcon.colcon_core.package_identification:_identify(experiment_logs/simulation/control_layer_20260530_222950/ros_logs) by extensions ['ros']
[3.386s] Level 1:colcon.colcon_core.package_identification:_identify(experiment_logs/simulation/control_layer_20260530_222950/ros_logs) by extension 'ros'
[3.386s] Level 1:colcon.colcon_core.package_identification:_identify(experiment_logs/simulation/control_layer_20260530_222950/ros_logs) by extensions ['cmake', 'python']
[3.386s] Level 1:colcon.colcon_core.package_identification:_identify(experiment_logs/simulation/control_layer_20260530_222950/ros_logs) by extension 'cmake'
[3.387s] Level 1:colcon.colcon_core.package_identification:_identify(experiment_logs/simulation/control_layer_20260530_222950/ros_logs) by extension 'python'
[3.387s] Level 1:colcon.colcon_core.package_identification:_identify(experiment_logs/simulation/control_layer_20260530_222950/ros_logs) by extensions ['python_setup_py']
[3.387s] Level 1:colcon.colcon_core.package_identification:_identify(experiment_logs/simulation/control_layer_20260530_222950/ros_logs) by extension 'python_setup_py'
[3.387s] Level 1:colcon.colcon_core.package_identification:_identify(experiment_logs/simulation/control_layer_20260530_223018) by extensions ['ignore', 'ignore_ament_install']
[3.387s] Level 1:colcon.colcon_core.package_identification:_identify(experiment_logs/simulation/control_layer_20260530_223018) by extension 'ignore'
[3.388s] Level 1:colcon.colcon_core.package_identification:_identify(experiment_logs/simulation/control_layer_20260530_223018) by extension 'ignore_ament_install'
[3.388s] Level 1:colcon.colcon_core.package_identification:_identify(experiment_logs/simulation/control_layer_20260530_223018) by extensions ['colcon_pkg']
[3.388s] Level 1:colcon.colcon_core.package_identification:_identify(experiment_logs/simulation/control_layer_20260530_223018) by extension 'colcon_pkg'
[3.388s] Level 1:colcon.colcon_core.package_identification:_identify(experiment_logs/simulation/control_layer_20260530_223018) by extensions ['colcon_meta']
[3.388s] Level 1:colcon.colcon_core.package_identification:_identify(experiment_logs/simulation/control_layer_20260530_223018) by extension 'colcon_meta'
[3.389s] Level 1:colcon.colcon_core.package_identification:_identify(experiment_logs/simulation/control_layer_20260530_223018) by extensions ['ros']
[3.389s] Level 1:colcon.colcon_core.package_identification:_identify(experiment_logs/simulation/control_layer_20260530_223018) by extension 'ros'
[3.389s] Level 1:colcon.colcon_core.package_identification:_identify(experiment_logs/simulation/control_layer_20260530_223018) by extensions ['cmake', 'python']
[3.389s] Level 1:colcon.colcon_core.package_identification:_identify(experiment_logs/simulation/control_layer_20260530_223018) by extension 'cmake'
[3.389s] Level 1:colcon.colcon_core.package_identification:_identify(experiment_logs/simulation/control_layer_20260530_223018) by extension 'python'
[3.389s] Level 1:colcon.colcon_core.package_identification:_identify(experiment_logs/simulation/control_layer_20260530_223018) by extensions ['python_setup_py']
[3.389s] Level 1:colcon.colcon_core.package_identification:_identify(experiment_logs/simulation/control_layer_20260530_223018) by extension 'python_setup_py'
[3.389s] Level 1:colcon.colcon_core.package_identification:_identify(experiment_logs/simulation/control_layer_20260530_223018/ros_logs) by extensions ['ignore', 'ignore_ament_install']
[3.390s] Level 1:colcon.colcon_core.package_identification:_identify(experiment_logs/simulation/control_layer_20260530_223018/ros_logs) by extension 'ignore'
[3.390s] Level 1:colcon.colcon_core.package_identification:_identify(experiment_logs/simulation/control_layer_20260530_223018/ros_logs) by extension 'ignore_ament_install'
[3.390s] Level 1:colcon.colcon_core.package_identification:_identify(experiment_logs/simulation/control_layer_20260530_223018/ros_logs) by extensions ['colcon_pkg']
[3.390s] Level 1:colcon.colcon_core.package_identification:_identify(experiment_logs/simulation/control_layer_20260530_223018/ros_logs) by extension 'colcon_pkg'
[3.390s] Level 1:colcon.colcon_core.package_identification:_identify(experiment_logs/simulation/control_layer_20260530_223018/ros_logs) by extensions ['colcon_meta']
[3.391s] Level 1:colcon.colcon_core.package_identification:_identify(experiment_logs/simulation/control_layer_20260530_223018/ros_logs) by extension 'colcon_meta'
[3.391s] Level 1:colcon.colcon_core.package_identification:_identify(experiment_logs/simulation/control_layer_20260530_223018/ros_logs) by extensions ['ros']
[3.391s] Level 1:colcon.colcon_core.package_identification:_identify(experiment_logs/simulation/control_layer_20260530_223018/ros_logs) by extension 'ros'
[3.391s] Level 1:colcon.colcon_core.package_identification:_identify(experiment_logs/simulation/control_layer_20260530_223018/ros_logs) by extensions ['cmake', 'python']
[3.391s] Level 1:colcon.colcon_core.package_identification:_identify(experiment_logs/simulation/control_layer_20260530_223018/ros_logs) by extension 'cmake'
[3.392s] Level 1:colcon.colcon_core.package_identification:_identify(experiment_logs/simulation/control_layer_20260530_223018/ros_logs) by extension 'python'
[3.392s] Level 1:colcon.colcon_core.package_identification:_identify(experiment_logs/simulation/control_layer_20260530_223018/ros_logs) by extensions ['python_setup_py']
[3.392s] Level 1:colcon.colcon_core.package_identification:_identify(experiment_logs/simulation/control_layer_20260530_223018/ros_logs) by extension 'python_setup_py'
[3.392s] Level 1:colcon.colcon_core.package_identification:_identify(experiment_logs/simulation/control_layer_20260530_223018/ros_logs/2026-05-30-22-30-19-699237-LAPTOP-EK504TPB-852831) by extensions ['ignore', 'ignore_ament_install']
[3.393s] Level 1:colcon.colcon_core.package_identification:_identify(experiment_logs/simulation/control_layer_20260530_223018/ros_logs/2026-05-30-22-30-19-699237-LAPTOP-EK504TPB-852831) by extension 'ignore'
[3.393s] Level 1:colcon.colcon_core.package_identification:_identify(experiment_logs/simulation/control_layer_20260530_223018/ros_logs/2026-05-30-22-30-19-699237-LAPTOP-EK504TPB-852831) by extension 'ignore_ament_install'
[3.394s] Level 1:colcon.colcon_core.package_identification:_identify(experiment_logs/simulation/control_layer_20260530_223018/ros_logs/2026-05-30-22-30-19-699237-LAPTOP-EK504TPB-852831) by extensions ['colcon_pkg']
[3.394s] Level 1:colcon.colcon_core.package_identification:_identify(experiment_logs/simulation/control_layer_20260530_223018/ros_logs/2026-05-30-22-30-19-699237-LAPTOP-EK504TPB-852831) by extension 'colcon_pkg'
[3.394s] Level 1:colcon.colcon_core.package_identification:_identify(experiment_logs/simulation/control_layer_20260530_223018/ros_logs/2026-05-30-22-30-19-699237-LAPTOP-EK504TPB-852831) by extensions ['colcon_meta']
[3.394s] Level 1:colcon.colcon_core.package_identification:_identify(experiment_logs/simulation/control_layer_20260530_223018/ros_logs/2026-05-30-22-30-19-699237-LAPTOP-EK504TPB-852831) by extension 'colcon_meta'
[3.395s] Level 1:colcon.colcon_core.package_identification:_identify(experiment_logs/simulation/control_layer_20260530_223018/ros_logs/2026-05-30-22-30-19-699237-LAPTOP-EK504TPB-852831) by extensions ['ros']
[3.396s] Level 1:colcon.colcon_core.package_identification:_identify(experiment_logs/simulation/control_layer_20260530_223018/ros_logs/2026-05-30-22-30-19-699237-LAPTOP-EK504TPB-852831) by extension 'ros'
[3.396s] Level 1:colcon.colcon_core.package_identification:_identify(experiment_logs/simulation/control_layer_20260530_223018/ros_logs/2026-05-30-22-30-19-699237-LAPTOP-EK504TPB-852831) by extensions ['cmake', 'python']
[3.396s] Level 1:colcon.colcon_core.package_identification:_identify(experiment_logs/simulation/control_layer_20260530_223018/ros_logs/2026-05-30-22-30-19-699237-LAPTOP-EK504TPB-852831) by extension 'cmake'
[3.396s] Level 1:colcon.colcon_core.package_identification:_identify(experiment_logs/simulation/control_layer_20260530_223018/ros_logs/2026-05-30-22-30-19-699237-LAPTOP-EK504TPB-852831) by extension 'python'
[3.396s] Level 1:colcon.colcon_core.package_identification:_identify(experiment_logs/simulation/control_layer_20260530_223018/ros_logs/2026-05-30-22-30-19-699237-LAPTOP-EK504TPB-852831) by extensions ['python_setup_py']
[3.396s] Level 1:colcon.colcon_core.package_identification:_identify(experiment_logs/simulation/control_layer_20260530_223018/ros_logs/2026-05-30-22-30-19-699237-LAPTOP-EK504TPB-852831) by extension 'python_setup_py'
[3.397s] Level 1:colcon.colcon_core.package_identification:_identify(experiment_logs/simulation/control_layer_20260530_223018/ros_logs/2026-05-30-22-30-57-981443-LAPTOP-EK504TPB-855213) by extensions ['ignore', 'ignore_ament_install']
[3.397s] Level 1:colcon.colcon_core.package_identification:_identify(experiment_logs/simulation/control_layer_20260530_223018/ros_logs/2026-05-30-22-30-57-981443-LAPTOP-EK504TPB-855213) by extension 'ignore'
[3.397s] Level 1:colcon.colcon_core.package_identification:_identify(experiment_logs/simulation/control_layer_20260530_223018/ros_logs/2026-05-30-22-30-57-981443-LAPTOP-EK504TPB-855213) by extension 'ignore_ament_install'
[3.398s] Level 1:colcon.colcon_core.package_identification:_identify(experiment_logs/simulation/control_layer_20260530_223018/ros_logs/2026-05-30-22-30-57-981443-LAPTOP-EK504TPB-855213) by extensions ['colcon_pkg']
[3.398s] Level 1:colcon.colcon_core.package_identification:_identify(experiment_logs/simulation/control_layer_20260530_223018/ros_logs/2026-05-30-22-30-57-981443-LAPTOP-EK504TPB-855213) by extension 'colcon_pkg'
[3.398s] Level 1:colcon.colcon_core.package_identification:_identify(experiment_logs/simulation/control_layer_20260530_223018/ros_logs/2026-05-30-22-30-57-981443-LAPTOP-EK504TPB-855213) by extensions ['colcon_meta']
[3.398s] Level 1:colcon.colcon_core.package_identification:_identify(experiment_logs/simulation/control_layer_20260530_223018/ros_logs/2026-05-30-22-30-57-981443-LAPTOP-EK504TPB-855213) by extension 'colcon_meta'
[3.399s] Level 1:colcon.colcon_core.package_identification:_identify(experiment_logs/simulation/control_layer_20260530_223018/ros_logs/2026-05-30-22-30-57-981443-LAPTOP-EK504TPB-855213) by extensions ['ros']
[3.399s] Level 1:colcon.colcon_core.package_identification:_identify(experiment_logs/simulation/control_layer_20260530_223018/ros_logs/2026-05-30-22-30-57-981443-LAPTOP-EK504TPB-855213) by extension 'ros'
[3.399s] Level 1:colcon.colcon_core.package_identification:_identify(experiment_logs/simulation/control_layer_20260530_223018/ros_logs/2026-05-30-22-30-57-981443-LAPTOP-EK504TPB-855213) by extensions ['cmake', 'python']
[3.399s] Level 1:colcon.colcon_core.package_identification:_identify(experiment_logs/simulation/control_layer_20260530_223018/ros_logs/2026-05-30-22-30-57-981443-LAPTOP-EK504TPB-855213) by extension 'cmake'
[3.400s] Level 1:colcon.colcon_core.package_identification:_identify(experiment_logs/simulation/control_layer_20260530_223018/ros_logs/2026-05-30-22-30-57-981443-LAPTOP-EK504TPB-855213) by extension 'python'
[3.400s] Level 1:colcon.colcon_core.package_identification:_identify(experiment_logs/simulation/control_layer_20260530_223018/ros_logs/2026-05-30-22-30-57-981443-LAPTOP-EK504TPB-855213) by extensions ['python_setup_py']
[3.400s] Level 1:colcon.colcon_core.package_identification:_identify(experiment_logs/simulation/control_layer_20260530_223018/ros_logs/2026-05-30-22-30-57-981443-LAPTOP-EK504TPB-855213) by extension 'python_setup_py'
[3.400s] Level 1:colcon.colcon_core.package_identification:_identify(experiment_logs/simulation/control_layer_20260530_223401) by extensions ['ignore', 'ignore_ament_install']
[3.400s] Level 1:colcon.colcon_core.package_identification:_identify(experiment_logs/simulation/control_layer_20260530_223401) by extension 'ignore'
[3.401s] Level 1:colcon.colcon_core.package_identification:_identify(experiment_logs/simulation/control_layer_20260530_223401) by extension 'ignore_ament_install'
[3.401s] Level 1:colcon.colcon_core.package_identification:_identify(experiment_logs/simulation/control_layer_20260530_223401) by extensions ['colcon_pkg']
[3.401s] Level 1:colcon.colcon_core.package_identification:_identify(experiment_logs/simulation/control_layer_20260530_223401) by extension 'colcon_pkg'
[3.401s] Level 1:colcon.colcon_core.package_identification:_identify(experiment_logs/simulation/control_layer_20260530_223401) by extensions ['colcon_meta']
[3.401s] Level 1:colcon.colcon_core.package_identification:_identify(experiment_logs/simulation/control_layer_20260530_223401) by extension 'colcon_meta'
[3.402s] Level 1:colcon.colcon_core.package_identification:_identify(experiment_logs/simulation/control_layer_20260530_223401) by extensions ['ros']
[3.402s] Level 1:colcon.colcon_core.package_identification:_identify(experiment_logs/simulation/control_layer_20260530_223401) by extension 'ros'
[3.402s] Level 1:colcon.colcon_core.package_identification:_identify(experiment_logs/simulation/control_layer_20260530_223401) by extensions ['cmake', 'python']
[3.403s] Level 1:colcon.colcon_core.package_identification:_identify(experiment_logs/simulation/control_layer_20260530_223401) by extension 'cmake'
[3.403s] Level 1:colcon.colcon_core.package_identification:_identify(experiment_logs/simulation/control_layer_20260530_223401) by extension 'python'
[3.403s] Level 1:colcon.colcon_core.package_identification:_identify(experiment_logs/simulation/control_layer_20260530_223401) by extensions ['python_setup_py']
[3.403s] Level 1:colcon.colcon_core.package_identification:_identify(experiment_logs/simulation/control_layer_20260530_223401) by extension 'python_setup_py'
[3.404s] Level 1:colcon.colcon_core.package_identification:_identify(experiment_logs/simulation/control_layer_20260530_223401/ros_logs) by extensions ['ignore', 'ignore_ament_install']
[3.404s] Level 1:colcon.colcon_core.package_identification:_identify(experiment_logs/simulation/control_layer_20260530_223401/ros_logs) by extension 'ignore'
[3.404s] Level 1:colcon.colcon_core.package_identification:_identify(experiment_logs/simulation/control_layer_20260530_223401/ros_logs) by extension 'ignore_ament_install'
[3.405s] Level 1:colcon.colcon_core.package_identification:_identify(experiment_logs/simulation/control_layer_20260530_223401/ros_logs) by extensions ['colcon_pkg']
[3.405s] Level 1:colcon.colcon_core.package_identification:_identify(experiment_logs/simulation/control_layer_20260530_223401/ros_logs) by extension 'colcon_pkg'
[3.405s] Level 1:colcon.colcon_core.package_identification:_identify(experiment_logs/simulation/control_layer_20260530_223401/ros_logs) by extensions ['colcon_meta']
[3.406s] Level 1:colcon.colcon_core.package_identification:_identify(experiment_logs/simulation/control_layer_20260530_223401/ros_logs) by extension 'colcon_meta'
[3.406s] Level 1:colcon.colcon_core.package_identification:_identify(experiment_logs/simulation/control_layer_20260530_223401/ros_logs) by extensions ['ros']
[3.406s] Level 1:colcon.colcon_core.package_identification:_identify(experiment_logs/simulation/control_layer_20260530_223401/ros_logs) by extension 'ros'
[3.407s] Level 1:colcon.colcon_core.package_identification:_identify(experiment_logs/simulation/control_layer_20260530_223401/ros_logs) by extensions ['cmake', 'python']
[3.407s] Level 1:colcon.colcon_core.package_identification:_identify(experiment_logs/simulation/control_layer_20260530_223401/ros_logs) by extension 'cmake'
[3.407s] Level 1:colcon.colcon_core.package_identification:_identify(experiment_logs/simulation/control_layer_20260530_223401/ros_logs) by extension 'python'
[3.407s] Level 1:colcon.colcon_core.package_identification:_identify(experiment_logs/simulation/control_layer_20260530_223401/ros_logs) by extensions ['python_setup_py']
[3.407s] Level 1:colcon.colcon_core.package_identification:_identify(experiment_logs/simulation/control_layer_20260530_223401/ros_logs) by extension 'python_setup_py'
[3.408s] Level 1:colcon.colcon_core.package_identification:_identify(experiment_logs/simulation/control_layer_20260530_223401/ros_logs/2026-05-30-22-34-02-205947-LAPTOP-EK504TPB-865800) by extensions ['ignore', 'ignore_ament_install']
[3.408s] Level 1:colcon.colcon_core.package_identification:_identify(experiment_logs/simulation/control_layer_20260530_223401/ros_logs/2026-05-30-22-34-02-205947-LAPTOP-EK504TPB-865800) by extension 'ignore'
[3.408s] Level 1:colcon.colcon_core.package_identification:_identify(experiment_logs/simulation/control_layer_20260530_223401/ros_logs/2026-05-30-22-34-02-205947-LAPTOP-EK504TPB-865800) by extension 'ignore_ament_install'
[3.409s] Level 1:colcon.colcon_core.package_identification:_identify(experiment_logs/simulation/control_layer_20260530_223401/ros_logs/2026-05-30-22-34-02-205947-LAPTOP-EK504TPB-865800) by extensions ['colcon_pkg']
[3.409s] Level 1:colcon.colcon_core.package_identification:_identify(experiment_logs/simulation/control_layer_20260530_223401/ros_logs/2026-05-30-22-34-02-205947-LAPTOP-EK504TPB-865800) by extension 'colcon_pkg'
[3.409s] Level 1:colcon.colcon_core.package_identification:_identify(experiment_logs/simulation/control_layer_20260530_223401/ros_logs/2026-05-30-22-34-02-205947-LAPTOP-EK504TPB-865800) by extensions ['colcon_meta']
[3.409s] Level 1:colcon.colcon_core.package_identification:_identify(experiment_logs/simulation/control_layer_20260530_223401/ros_logs/2026-05-30-22-34-02-205947-LAPTOP-EK504TPB-865800) by extension 'colcon_meta'
[3.409s] Level 1:colcon.colcon_core.package_identification:_identify(experiment_logs/simulation/control_layer_20260530_223401/ros_logs/2026-05-30-22-34-02-205947-LAPTOP-EK504TPB-865800) by extensions ['ros']
[3.409s] Level 1:colcon.colcon_core.package_identification:_identify(experiment_logs/simulation/control_layer_20260530_223401/ros_logs/2026-05-30-22-34-02-205947-LAPTOP-EK504TPB-865800) by extension 'ros'
[3.410s] Level 1:colcon.colcon_core.package_identification:_identify(experiment_logs/simulation/control_layer_20260530_223401/ros_logs/2026-05-30-22-34-02-205947-LAPTOP-EK504TPB-865800) by extensions ['cmake', 'python']
[3.410s] Level 1:colcon.colcon_core.package_identification:_identify(experiment_logs/simulation/control_layer_20260530_223401/ros_logs/2026-05-30-22-34-02-205947-LAPTOP-EK504TPB-865800) by extension 'cmake'
[3.410s] Level 1:colcon.colcon_core.package_identification:_identify(experiment_logs/simulation/control_layer_20260530_223401/ros_logs/2026-05-30-22-34-02-205947-LAPTOP-EK504TPB-865800) by extension 'python'
[3.411s] Level 1:colcon.colcon_core.package_identification:_identify(experiment_logs/simulation/control_layer_20260530_223401/ros_logs/2026-05-30-22-34-02-205947-LAPTOP-EK504TPB-865800) by extensions ['python_setup_py']
[3.411s] Level 1:colcon.colcon_core.package_identification:_identify(experiment_logs/simulation/control_layer_20260530_223401/ros_logs/2026-05-30-22-34-02-205947-LAPTOP-EK504TPB-865800) by extension 'python_setup_py'
[3.412s] Level 1:colcon.colcon_core.package_identification:_identify(experiment_logs/simulation/control_layer_20260603_162652) by extensions ['ignore', 'ignore_ament_install']
[3.412s] Level 1:colcon.colcon_core.package_identification:_identify(experiment_logs/simulation/control_layer_20260603_162652) by extension 'ignore'
[3.412s] Level 1:colcon.colcon_core.package_identification:_identify(experiment_logs/simulation/control_layer_20260603_162652) by extension 'ignore_ament_install'
[3.412s] Level 1:colcon.colcon_core.package_identification:_identify(experiment_logs/simulation/control_layer_20260603_162652) by extensions ['colcon_pkg']
[3.412s] Level 1:colcon.colcon_core.package_identification:_identify(experiment_logs/simulation/control_layer_20260603_162652) by extension 'colcon_pkg'
[3.412s] Level 1:colcon.colcon_core.package_identification:_identify(experiment_logs/simulation/control_layer_20260603_162652) by extensions ['colcon_meta']
[3.412s] Level 1:colcon.colcon_core.package_identification:_identify(experiment_logs/simulation/control_layer_20260603_162652) by extension 'colcon_meta'
[3.412s] Level 1:colcon.colcon_core.package_identification:_identify(experiment_logs/simulation/control_layer_20260603_162652) by extensions ['ros']
[3.413s] Level 1:colcon.colcon_core.package_identification:_identify(experiment_logs/simulation/control_layer_20260603_162652) by extension 'ros'
[3.413s] Level 1:colcon.colcon_core.package_identification:_identify(experiment_logs/simulation/control_layer_20260603_162652) by extensions ['cmake', 'python']
[3.413s] Level 1:colcon.colcon_core.package_identification:_identify(experiment_logs/simulation/control_layer_20260603_162652) by extension 'cmake'
[3.413s] Level 1:colcon.colcon_core.package_identification:_identify(experiment_logs/simulation/control_layer_20260603_162652) by extension 'python'
[3.413s] Level 1:colcon.colcon_core.package_identification:_identify(experiment_logs/simulation/control_layer_20260603_162652) by extensions ['python_setup_py']
[3.413s] Level 1:colcon.colcon_core.package_identification:_identify(experiment_logs/simulation/control_layer_20260603_162652) by extension 'python_setup_py'
[3.414s] Level 1:colcon.colcon_core.package_identification:_identify(experiment_logs/simulation/control_layer_20260603_162652/ros_logs) by extensions ['ignore', 'ignore_ament_install']
[3.414s] Level 1:colcon.colcon_core.package_identification:_identify(experiment_logs/simulation/control_layer_20260603_162652/ros_logs) by extension 'ignore'
[3.414s] Level 1:colcon.colcon_core.package_identification:_identify(experiment_logs/simulation/control_layer_20260603_162652/ros_logs) by extension 'ignore_ament_install'
[3.414s] Level 1:colcon.colcon_core.package_identification:_identify(experiment_logs/simulation/control_layer_20260603_162652/ros_logs) by extensions ['colcon_pkg']
[3.414s] Level 1:colcon.colcon_core.package_identification:_identify(experiment_logs/simulation/control_layer_20260603_162652/ros_logs) by extension 'colcon_pkg'
[3.414s] Level 1:colcon.colcon_core.package_identification:_identify(experiment_logs/simulation/control_layer_20260603_162652/ros_logs) by extensions ['colcon_meta']
[3.414s] Level 1:colcon.colcon_core.package_identification:_identify(experiment_logs/simulation/control_layer_20260603_162652/ros_logs) by extension 'colcon_meta'
[3.415s] Level 1:colcon.colcon_core.package_identification:_identify(experiment_logs/simulation/control_layer_20260603_162652/ros_logs) by extensions ['ros']
[3.415s] Level 1:colcon.colcon_core.package_identification:_identify(experiment_logs/simulation/control_layer_20260603_162652/ros_logs) by extension 'ros'
[3.415s] Level 1:colcon.colcon_core.package_identification:_identify(experiment_logs/simulation/control_layer_20260603_162652/ros_logs) by extensions ['cmake', 'python']
[3.415s] Level 1:colcon.colcon_core.package_identification:_identify(experiment_logs/simulation/control_layer_20260603_162652/ros_logs) by extension 'cmake'
[3.415s] Level 1:colcon.colcon_core.package_identification:_identify(experiment_logs/simulation/control_layer_20260603_162652/ros_logs) by extension 'python'
[3.415s] Level 1:colcon.colcon_core.package_identification:_identify(experiment_logs/simulation/control_layer_20260603_162652/ros_logs) by extensions ['python_setup_py']
[3.415s] Level 1:colcon.colcon_core.package_identification:_identify(experiment_logs/simulation/control_layer_20260603_162652/ros_logs) by extension 'python_setup_py'
[3.416s] Level 1:colcon.colcon_core.package_identification:_identify(experiment_logs/simulation/control_layer_20260603_162652/ros_logs/2026-06-03-16-26-53-959147-LAPTOP-EK504TPB-3059020) by extensions ['ignore', 'ignore_ament_install']
[3.416s] Level 1:colcon.colcon_core.package_identification:_identify(experiment_logs/simulation/control_layer_20260603_162652/ros_logs/2026-06-03-16-26-53-959147-LAPTOP-EK504TPB-3059020) by extension 'ignore'
[3.416s] Level 1:colcon.colcon_core.package_identification:_identify(experiment_logs/simulation/control_layer_20260603_162652/ros_logs/2026-06-03-16-26-53-959147-LAPTOP-EK504TPB-3059020) by extension 'ignore_ament_install'
[3.416s] Level 1:colcon.colcon_core.package_identification:_identify(experiment_logs/simulation/control_layer_20260603_162652/ros_logs/2026-06-03-16-26-53-959147-LAPTOP-EK504TPB-3059020) by extensions ['colcon_pkg']
[3.416s] Level 1:colcon.colcon_core.package_identification:_identify(experiment_logs/simulation/control_layer_20260603_162652/ros_logs/2026-06-03-16-26-53-959147-LAPTOP-EK504TPB-3059020) by extension 'colcon_pkg'
[3.417s] Level 1:colcon.colcon_core.package_identification:_identify(experiment_logs/simulation/control_layer_20260603_162652/ros_logs/2026-06-03-16-26-53-959147-LAPTOP-EK504TPB-3059020) by extensions ['colcon_meta']
[3.417s] Level 1:colcon.colcon_core.package_identification:_identify(experiment_logs/simulation/control_layer_20260603_162652/ros_logs/2026-06-03-16-26-53-959147-LAPTOP-EK504TPB-3059020) by extension 'colcon_meta'
[3.417s] Level 1:colcon.colcon_core.package_identification:_identify(experiment_logs/simulation/control_layer_20260603_162652/ros_logs/2026-06-03-16-26-53-959147-LAPTOP-EK504TPB-3059020) by extensions ['ros']
[3.417s] Level 1:colcon.colcon_core.package_identification:_identify(experiment_logs/simulation/control_layer_20260603_162652/ros_logs/2026-06-03-16-26-53-959147-LAPTOP-EK504TPB-3059020) by extension 'ros'
[3.417s] Level 1:colcon.colcon_core.package_identification:_identify(experiment_logs/simulation/control_layer_20260603_162652/ros_logs/2026-06-03-16-26-53-959147-LAPTOP-EK504TPB-3059020) by extensions ['cmake', 'python']
[3.417s] Level 1:colcon.colcon_core.package_identification:_identify(experiment_logs/simulation/control_layer_20260603_162652/ros_logs/2026-06-03-16-26-53-959147-LAPTOP-EK504TPB-3059020) by extension 'cmake'
[3.417s] Level 1:colcon.colcon_core.package_identification:_identify(experiment_logs/simulation/control_layer_20260603_162652/ros_logs/2026-06-03-16-26-53-959147-LAPTOP-EK504TPB-3059020) by extension 'python'
[3.417s] Level 1:colcon.colcon_core.package_identification:_identify(experiment_logs/simulation/control_layer_20260603_162652/ros_logs/2026-06-03-16-26-53-959147-LAPTOP-EK504TPB-3059020) by extensions ['python_setup_py']
[3.417s] Level 1:colcon.colcon_core.package_identification:_identify(experiment_logs/simulation/control_layer_20260603_162652/ros_logs/2026-06-03-16-26-53-959147-LAPTOP-EK504TPB-3059020) by extension 'python_setup_py'
[3.418s] Level 1:colcon.colcon_core.package_identification:_identify(experiment_logs/simulation/control_layer_20260603_162652/ros_logs/2026-06-03-16-27-31-807540-LAPTOP-EK504TPB-3060906) by extensions ['ignore', 'ignore_ament_install']
[3.418s] Level 1:colcon.colcon_core.package_identification:_identify(experiment_logs/simulation/control_layer_20260603_162652/ros_logs/2026-06-03-16-27-31-807540-LAPTOP-EK504TPB-3060906) by extension 'ignore'
[3.418s] Level 1:colcon.colcon_core.package_identification:_identify(experiment_logs/simulation/control_layer_20260603_162652/ros_logs/2026-06-03-16-27-31-807540-LAPTOP-EK504TPB-3060906) by extension 'ignore_ament_install'
[3.418s] Level 1:colcon.colcon_core.package_identification:_identify(experiment_logs/simulation/control_layer_20260603_162652/ros_logs/2026-06-03-16-27-31-807540-LAPTOP-EK504TPB-3060906) by extensions ['colcon_pkg']
[3.419s] Level 1:colcon.colcon_core.package_identification:_identify(experiment_logs/simulation/control_layer_20260603_162652/ros_logs/2026-06-03-16-27-31-807540-LAPTOP-EK504TPB-3060906) by extension 'colcon_pkg'
[3.419s] Level 1:colcon.colcon_core.package_identification:_identify(experiment_logs/simulation/control_layer_20260603_162652/ros_logs/2026-06-03-16-27-31-807540-LAPTOP-EK504TPB-3060906) by extensions ['colcon_meta']
[3.419s] Level 1:colcon.colcon_core.package_identification:_identify(experiment_logs/simulation/control_layer_20260603_162652/ros_logs/2026-06-03-16-27-31-807540-LAPTOP-EK504TPB-3060906) by extension 'colcon_meta'
[3.420s] Level 1:colcon.colcon_core.package_identification:_identify(experiment_logs/simulation/control_layer_20260603_162652/ros_logs/2026-06-03-16-27-31-807540-LAPTOP-EK504TPB-3060906) by extensions ['ros']
[3.420s] Level 1:colcon.colcon_core.package_identification:_identify(experiment_logs/simulation/control_layer_20260603_162652/ros_logs/2026-06-03-16-27-31-807540-LAPTOP-EK504TPB-3060906) by extension 'ros'
[3.420s] Level 1:colcon.colcon_core.package_identification:_identify(experiment_logs/simulation/control_layer_20260603_162652/ros_logs/2026-06-03-16-27-31-807540-LAPTOP-EK504TPB-3060906) by extensions ['cmake', 'python']
[3.420s] Level 1:colcon.colcon_core.package_identification:_identify(experiment_logs/simulation/control_layer_20260603_162652/ros_logs/2026-06-03-16-27-31-807540-LAPTOP-EK504TPB-3060906) by extension 'cmake'
[3.420s] Level 1:colcon.colcon_core.package_identification:_identify(experiment_logs/simulation/control_layer_20260603_162652/ros_logs/2026-06-03-16-27-31-807540-LAPTOP-EK504TPB-3060906) by extension 'python'
[3.421s] Level 1:colcon.colcon_core.package_identification:_identify(experiment_logs/simulation/control_layer_20260603_162652/ros_logs/2026-06-03-16-27-31-807540-LAPTOP-EK504TPB-3060906) by extensions ['python_setup_py']
[3.421s] Level 1:colcon.colcon_core.package_identification:_identify(experiment_logs/simulation/control_layer_20260603_162652/ros_logs/2026-06-03-16-27-31-807540-LAPTOP-EK504TPB-3060906) by extension 'python_setup_py'
[3.422s] Level 1:colcon.colcon_core.package_identification:_identify(experiment_logs/simulation/control_layer_20260603_162652/ros_logs/2026-06-03-16-27-31-817161-LAPTOP-EK504TPB-3060902) by extensions ['ignore', 'ignore_ament_install']
[3.422s] Level 1:colcon.colcon_core.package_identification:_identify(experiment_logs/simulation/control_layer_20260603_162652/ros_logs/2026-06-03-16-27-31-817161-LAPTOP-EK504TPB-3060902) by extension 'ignore'
[3.422s] Level 1:colcon.colcon_core.package_identification:_identify(experiment_logs/simulation/control_layer_20260603_162652/ros_logs/2026-06-03-16-27-31-817161-LAPTOP-EK504TPB-3060902) by extension 'ignore_ament_install'
[3.422s] Level 1:colcon.colcon_core.package_identification:_identify(experiment_logs/simulation/control_layer_20260603_162652/ros_logs/2026-06-03-16-27-31-817161-LAPTOP-EK504TPB-3060902) by extensions ['colcon_pkg']
[3.423s] Level 1:colcon.colcon_core.package_identification:_identify(experiment_logs/simulation/control_layer_20260603_162652/ros_logs/2026-06-03-16-27-31-817161-LAPTOP-EK504TPB-3060902) by extension 'colcon_pkg'
[3.423s] Level 1:colcon.colcon_core.package_identification:_identify(experiment_logs/simulation/control_layer_20260603_162652/ros_logs/2026-06-03-16-27-31-817161-LAPTOP-EK504TPB-3060902) by extensions ['colcon_meta']
[3.423s] Level 1:colcon.colcon_core.package_identification:_identify(experiment_logs/simulation/control_layer_20260603_162652/ros_logs/2026-06-03-16-27-31-817161-LAPTOP-EK504TPB-3060902) by extension 'colcon_meta'
[3.423s] Level 1:colcon.colcon_core.package_identification:_identify(experiment_logs/simulation/control_layer_20260603_162652/ros_logs/2026-06-03-16-27-31-817161-LAPTOP-EK504TPB-3060902) by extensions ['ros']
[3.423s] Level 1:colcon.colcon_core.package_identification:_identify(experiment_logs/simulation/control_layer_20260603_162652/ros_logs/2026-06-03-16-27-31-817161-LAPTOP-EK504TPB-3060902) by extension 'ros'
[3.424s] Level 1:colcon.colcon_core.package_identification:_identify(experiment_logs/simulation/control_layer_20260603_162652/ros_logs/2026-06-03-16-27-31-817161-LAPTOP-EK504TPB-3060902) by extensions ['cmake', 'python']
[3.424s] Level 1:colcon.colcon_core.package_identification:_identify(experiment_logs/simulation/control_layer_20260603_162652/ros_logs/2026-06-03-16-27-31-817161-LAPTOP-EK504TPB-3060902) by extension 'cmake'
[3.424s] Level 1:colcon.colcon_core.package_identification:_identify(experiment_logs/simulation/control_layer_20260603_162652/ros_logs/2026-06-03-16-27-31-817161-LAPTOP-EK504TPB-3060902) by extension 'python'
[3.424s] Level 1:colcon.colcon_core.package_identification:_identify(experiment_logs/simulation/control_layer_20260603_162652/ros_logs/2026-06-03-16-27-31-817161-LAPTOP-EK504TPB-3060902) by extensions ['python_setup_py']
[3.424s] Level 1:colcon.colcon_core.package_identification:_identify(experiment_logs/simulation/control_layer_20260603_162652/ros_logs/2026-06-03-16-27-31-817161-LAPTOP-EK504TPB-3060902) by extension 'python_setup_py'
[3.425s] Level 1:colcon.colcon_core.package_identification:_identify(install) by extensions ['ignore', 'ignore_ament_install']
[3.425s] Level 1:colcon.colcon_core.package_identification:_identify(install) by extension 'ignore'
[3.425s] Level 1:colcon.colcon_core.package_identification:_identify(install) ignored
[3.426s] Level 1:colcon.colcon_core.package_identification:_identify(log) by extensions ['ignore', 'ignore_ament_install']
[3.426s] Level 1:colcon.colcon_core.package_identification:_identify(log) by extension 'ignore'
[3.426s] Level 1:colcon.colcon_core.package_identification:_identify(log) ignored
[3.427s] Level 1:colcon.colcon_core.package_identification:_identify(src) by extensions ['ignore', 'ignore_ament_install']
[3.427s] Level 1:colcon.colcon_core.package_identification:_identify(src) by extension 'ignore'
[3.427s] Level 1:colcon.colcon_core.package_identification:_identify(src) by extension 'ignore_ament_install'
[3.427s] Level 1:colcon.colcon_core.package_identification:_identify(src) by extensions ['colcon_pkg']
[3.428s] Level 1:colcon.colcon_core.package_identification:_identify(src) by extension 'colcon_pkg'
[3.428s] Level 1:colcon.colcon_core.package_identification:_identify(src) by extensions ['colcon_meta']
[3.428s] Level 1:colcon.colcon_core.package_identification:_identify(src) by extension 'colcon_meta'
[3.428s] Level 1:colcon.colcon_core.package_identification:_identify(src) by extensions ['ros']
[3.428s] Level 1:colcon.colcon_core.package_identification:_identify(src) by extension 'ros'
[3.428s] Level 1:colcon.colcon_core.package_identification:_identify(src) by extensions ['cmake', 'python']
[3.429s] Level 1:colcon.colcon_core.package_identification:_identify(src) by extension 'cmake'
[3.429s] Level 1:colcon.colcon_core.package_identification:_identify(src) by extension 'python'
[3.429s] Level 1:colcon.colcon_core.package_identification:_identify(src) by extensions ['python_setup_py']
[3.429s] Level 1:colcon.colcon_core.package_identification:_identify(src) by extension 'python_setup_py'
[3.430s] Level 1:colcon.colcon_core.package_identification:_identify(src/alicia_d_arm_motion) by extensions ['ignore', 'ignore_ament_install']
[3.430s] Level 1:colcon.colcon_core.package_identification:_identify(src/alicia_d_arm_motion) by extension 'ignore'
[3.430s] Level 1:colcon.colcon_core.package_identification:_identify(src/alicia_d_arm_motion) by extension 'ignore_ament_install'
[3.431s] Level 1:colcon.colcon_core.package_identification:_identify(src/alicia_d_arm_motion) by extensions ['colcon_pkg']
[3.431s] Level 1:colcon.colcon_core.package_identification:_identify(src/alicia_d_arm_motion) by extension 'colcon_pkg'
[3.431s] Level 1:colcon.colcon_core.package_identification:_identify(src/alicia_d_arm_motion) by extensions ['colcon_meta']
[3.431s] Level 1:colcon.colcon_core.package_identification:_identify(src/alicia_d_arm_motion) by extension 'colcon_meta'
[3.431s] Level 1:colcon.colcon_core.package_identification:_identify(src/alicia_d_arm_motion) by extensions ['ros']
[3.431s] Level 1:colcon.colcon_core.package_identification:_identify(src/alicia_d_arm_motion) by extension 'ros'
[3.441s] DEBUG:colcon.colcon_core.package_identification:Package 'src/alicia_d_arm_motion' with type 'ros.ament_cmake' and name 'alicia_d_arm_motion'
[3.442s] Level 1:colcon.colcon_core.package_identification:_identify(src/alicia_d_calibration) by extensions ['ignore', 'ignore_ament_install']
[3.442s] Level 1:colcon.colcon_core.package_identification:_identify(src/alicia_d_calibration) by extension 'ignore'
[3.442s] Level 1:colcon.colcon_core.package_identification:_identify(src/alicia_d_calibration) by extension 'ignore_ament_install'
[3.443s] Level 1:colcon.colcon_core.package_identification:_identify(src/alicia_d_calibration) by extensions ['colcon_pkg']
[3.443s] Level 1:colcon.colcon_core.package_identification:_identify(src/alicia_d_calibration) by extension 'colcon_pkg'
[3.443s] Level 1:colcon.colcon_core.package_identification:_identify(src/alicia_d_calibration) by extensions ['colcon_meta']
[3.443s] Level 1:colcon.colcon_core.package_identification:_identify(src/alicia_d_calibration) by extension 'colcon_meta'
[3.444s] Level 1:colcon.colcon_core.package_identification:_identify(src/alicia_d_calibration) by extensions ['ros']
[3.444s] Level 1:colcon.colcon_core.package_identification:_identify(src/alicia_d_calibration) by extension 'ros'
[3.448s] DEBUG:colcon.colcon_core.package_identification:Package 'src/alicia_d_calibration' with type 'ros.ament_cmake' and name 'alicia_d_calibration'
[3.448s] Level 1:colcon.colcon_core.package_identification:_identify(src/alicia_d_control_interfaces) by extensions ['ignore', 'ignore_ament_install']
[3.449s] Level 1:colcon.colcon_core.package_identification:_identify(src/alicia_d_control_interfaces) by extension 'ignore'
[3.449s] Level 1:colcon.colcon_core.package_identification:_identify(src/alicia_d_control_interfaces) by extension 'ignore_ament_install'
[3.449s] Level 1:colcon.colcon_core.package_identification:_identify(src/alicia_d_control_interfaces) by extensions ['colcon_pkg']
[3.449s] Level 1:colcon.colcon_core.package_identification:_identify(src/alicia_d_control_interfaces) by extension 'colcon_pkg'
[3.449s] Level 1:colcon.colcon_core.package_identification:_identify(src/alicia_d_control_interfaces) by extensions ['colcon_meta']
[3.450s] Level 1:colcon.colcon_core.package_identification:_identify(src/alicia_d_control_interfaces) by extension 'colcon_meta'
[3.450s] Level 1:colcon.colcon_core.package_identification:_identify(src/alicia_d_control_interfaces) by extensions ['ros']
[3.450s] Level 1:colcon.colcon_core.package_identification:_identify(src/alicia_d_control_interfaces) by extension 'ros'
[3.452s] DEBUG:colcon.colcon_core.package_identification:Package 'src/alicia_d_control_interfaces' with type 'ros.ament_cmake' and name 'alicia_d_control_interfaces'
[3.453s] Level 1:colcon.colcon_core.package_identification:_identify(src/alicia_d_cube_sort) by extensions ['ignore', 'ignore_ament_install']
[3.453s] Level 1:colcon.colcon_core.package_identification:_identify(src/alicia_d_cube_sort) by extension 'ignore'
[3.453s] Level 1:colcon.colcon_core.package_identification:_identify(src/alicia_d_cube_sort) by extension 'ignore_ament_install'
[3.454s] Level 1:colcon.colcon_core.package_identification:_identify(src/alicia_d_cube_sort) by extensions ['colcon_pkg']
[3.454s] Level 1:colcon.colcon_core.package_identification:_identify(src/alicia_d_cube_sort) by extension 'colcon_pkg'
[3.454s] Level 1:colcon.colcon_core.package_identification:_identify(src/alicia_d_cube_sort) by extensions ['colcon_meta']
[3.454s] Level 1:colcon.colcon_core.package_identification:_identify(src/alicia_d_cube_sort) by extension 'colcon_meta'
[3.454s] Level 1:colcon.colcon_core.package_identification:_identify(src/alicia_d_cube_sort) by extensions ['ros']
[3.454s] Level 1:colcon.colcon_core.package_identification:_identify(src/alicia_d_cube_sort) by extension 'ros'
[3.457s] DEBUG:colcon.colcon_core.package_identification:Package 'src/alicia_d_cube_sort' with type 'ros.ament_cmake' and name 'alicia_d_cube_sort'
[3.457s] Level 1:colcon.colcon_core.package_identification:_identify(src/alicia_d_descriptions) by extensions ['ignore', 'ignore_ament_install']
[3.458s] Level 1:colcon.colcon_core.package_identification:_identify(src/alicia_d_descriptions) by extension 'ignore'
[3.458s] Level 1:colcon.colcon_core.package_identification:_identify(src/alicia_d_descriptions) by extension 'ignore_ament_install'
[3.458s] Level 1:colcon.colcon_core.package_identification:_identify(src/alicia_d_descriptions) by extensions ['colcon_pkg']
[3.458s] Level 1:colcon.colcon_core.package_identification:_identify(src/alicia_d_descriptions) by extension 'colcon_pkg'
[3.458s] Level 1:colcon.colcon_core.package_identification:_identify(src/alicia_d_descriptions) by extensions ['colcon_meta']
[3.458s] Level 1:colcon.colcon_core.package_identification:_identify(src/alicia_d_descriptions) by extension 'colcon_meta'
[3.458s] Level 1:colcon.colcon_core.package_identification:_identify(src/alicia_d_descriptions) by extensions ['ros']
[3.459s] Level 1:colcon.colcon_core.package_identification:_identify(src/alicia_d_descriptions) by extension 'ros'
[3.460s] DEBUG:colcon.colcon_core.package_identification:Package 'src/alicia_d_descriptions' with type 'ros.ament_cmake' and name 'alicia_d_descriptions'
[3.460s] Level 1:colcon.colcon_core.package_identification:_identify(src/alicia_d_driver) by extensions ['ignore', 'ignore_ament_install']
[3.461s] Level 1:colcon.colcon_core.package_identification:_identify(src/alicia_d_driver) by extension 'ignore'
[3.461s] Level 1:colcon.colcon_core.package_identification:_identify(src/alicia_d_driver) by extension 'ignore_ament_install'
[3.461s] Level 1:colcon.colcon_core.package_identification:_identify(src/alicia_d_driver) by extensions ['colcon_pkg']
[3.461s] Level 1:colcon.colcon_core.package_identification:_identify(src/alicia_d_driver) by extension 'colcon_pkg'
[3.461s] Level 1:colcon.colcon_core.package_identification:_identify(src/alicia_d_driver) by extensions ['colcon_meta']
[3.461s] Level 1:colcon.colcon_core.package_identification:_identify(src/alicia_d_driver) by extension 'colcon_meta'
[3.461s] Level 1:colcon.colcon_core.package_identification:_identify(src/alicia_d_driver) by extensions ['ros']
[3.461s] Level 1:colcon.colcon_core.package_identification:_identify(src/alicia_d_driver) by extension 'ros'
[3.464s] DEBUG:colcon.colcon_core.package_identification:Package 'src/alicia_d_driver' with type 'ros.ament_cmake' and name 'alicia_d_driver'
[3.465s] Level 1:colcon.colcon_core.package_identification:_identify(src/alicia_d_grasp_6d) by extensions ['ignore', 'ignore_ament_install']
[3.465s] Level 1:colcon.colcon_core.package_identification:_identify(src/alicia_d_grasp_6d) by extension 'ignore'
[3.465s] Level 1:colcon.colcon_core.package_identification:_identify(src/alicia_d_grasp_6d) by extension 'ignore_ament_install'
[3.465s] Level 1:colcon.colcon_core.package_identification:_identify(src/alicia_d_grasp_6d) by extensions ['colcon_pkg']
[3.466s] Level 1:colcon.colcon_core.package_identification:_identify(src/alicia_d_grasp_6d) by extension 'colcon_pkg'
[3.466s] Level 1:colcon.colcon_core.package_identification:_identify(src/alicia_d_grasp_6d) by extensions ['colcon_meta']
[3.466s] Level 1:colcon.colcon_core.package_identification:_identify(src/alicia_d_grasp_6d) by extension 'colcon_meta'
[3.466s] Level 1:colcon.colcon_core.package_identification:_identify(src/alicia_d_grasp_6d) by extensions ['ros']
[3.466s] Level 1:colcon.colcon_core.package_identification:_identify(src/alicia_d_grasp_6d) by extension 'ros'
[3.466s] Level 1:colcon.colcon_core.package_identification:_identify(src/alicia_d_grasp_6d) by extensions ['cmake', 'python']
[3.466s] Level 1:colcon.colcon_core.package_identification:_identify(src/alicia_d_grasp_6d) by extension 'cmake'
[3.466s] Level 1:colcon.colcon_core.package_identification:_identify(src/alicia_d_grasp_6d) by extension 'python'
[3.467s] Level 1:colcon.colcon_core.package_identification:_identify(src/alicia_d_grasp_6d) by extensions ['python_setup_py']
[3.467s] Level 1:colcon.colcon_core.package_identification:_identify(src/alicia_d_grasp_6d) by extension 'python_setup_py'
[3.467s] Level 1:colcon.colcon_core.package_identification:_identify(src/alicia_d_grasp_6d/Models) by extensions ['ignore', 'ignore_ament_install']
[3.467s] Level 1:colcon.colcon_core.package_identification:_identify(src/alicia_d_grasp_6d/Models) by extension 'ignore'
[3.467s] Level 1:colcon.colcon_core.package_identification:_identify(src/alicia_d_grasp_6d/Models) ignored
[3.467s] Level 1:colcon.colcon_core.package_identification:_identify(src/alicia_d_grasp_6d/scripts) by extensions ['ignore', 'ignore_ament_install']
[3.468s] Level 1:colcon.colcon_core.package_identification:_identify(src/alicia_d_grasp_6d/scripts) by extension 'ignore'
[3.468s] Level 1:colcon.colcon_core.package_identification:_identify(src/alicia_d_grasp_6d/scripts) by extension 'ignore_ament_install'
[3.468s] Level 1:colcon.colcon_core.package_identification:_identify(src/alicia_d_grasp_6d/scripts) by extensions ['colcon_pkg']
[3.468s] Level 1:colcon.colcon_core.package_identification:_identify(src/alicia_d_grasp_6d/scripts) by extension 'colcon_pkg'
[3.468s] Level 1:colcon.colcon_core.package_identification:_identify(src/alicia_d_grasp_6d/scripts) by extensions ['colcon_meta']
[3.469s] Level 1:colcon.colcon_core.package_identification:_identify(src/alicia_d_grasp_6d/scripts) by extension 'colcon_meta'
[3.469s] Level 1:colcon.colcon_core.package_identification:_identify(src/alicia_d_grasp_6d/scripts) by extensions ['ros']
[3.469s] Level 1:colcon.colcon_core.package_identification:_identify(src/alicia_d_grasp_6d/scripts) by extension 'ros'
[3.469s] Level 1:colcon.colcon_core.package_identification:_identify(src/alicia_d_grasp_6d/scripts) by extensions ['cmake', 'python']
[3.469s] Level 1:colcon.colcon_core.package_identification:_identify(src/alicia_d_grasp_6d/scripts) by extension 'cmake'
[3.469s] Level 1:colcon.colcon_core.package_identification:_identify(src/alicia_d_grasp_6d/scripts) by extension 'python'
[3.469s] Level 1:colcon.colcon_core.package_identification:_identify(src/alicia_d_grasp_6d/scripts) by extensions ['python_setup_py']
[3.469s] Level 1:colcon.colcon_core.package_identification:_identify(src/alicia_d_grasp_6d/scripts) by extension 'python_setup_py'
[3.470s] Level 1:colcon.colcon_core.package_identification:_identify(src/alicia_d_grasp_6d/scripts/intel_rs_d405) by extensions ['ignore', 'ignore_ament_install']
[3.470s] Level 1:colcon.colcon_core.package_identification:_identify(src/alicia_d_grasp_6d/scripts/intel_rs_d405) by extension 'ignore'
[3.470s] Level 1:colcon.colcon_core.package_identification:_identify(src/alicia_d_grasp_6d/scripts/intel_rs_d405) by extension 'ignore_ament_install'
[3.470s] Level 1:colcon.colcon_core.package_identification:_identify(src/alicia_d_grasp_6d/scripts/intel_rs_d405) by extensions ['colcon_pkg']
[3.470s] Level 1:colcon.colcon_core.package_identification:_identify(src/alicia_d_grasp_6d/scripts/intel_rs_d405) by extension 'colcon_pkg'
[3.470s] Level 1:colcon.colcon_core.package_identification:_identify(src/alicia_d_grasp_6d/scripts/intel_rs_d405) by extensions ['colcon_meta']
[3.470s] Level 1:colcon.colcon_core.package_identification:_identify(src/alicia_d_grasp_6d/scripts/intel_rs_d405) by extension 'colcon_meta'
[3.471s] Level 1:colcon.colcon_core.package_identification:_identify(src/alicia_d_grasp_6d/scripts/intel_rs_d405) by extensions ['ros']
[3.471s] Level 1:colcon.colcon_core.package_identification:_identify(src/alicia_d_grasp_6d/scripts/intel_rs_d405) by extension 'ros'
[3.471s] Level 1:colcon.colcon_core.package_identification:_identify(src/alicia_d_grasp_6d/scripts/intel_rs_d405) by extensions ['cmake', 'python']
[3.471s] Level 1:colcon.colcon_core.package_identification:_identify(src/alicia_d_grasp_6d/scripts/intel_rs_d405) by extension 'cmake'
[3.471s] Level 1:colcon.colcon_core.package_identification:_identify(src/alicia_d_grasp_6d/scripts/intel_rs_d405) by extension 'python'
[3.471s] Level 1:colcon.colcon_core.package_identification:_identify(src/alicia_d_grasp_6d/scripts/intel_rs_d405) by extensions ['python_setup_py']
[3.471s] Level 1:colcon.colcon_core.package_identification:_identify(src/alicia_d_grasp_6d/scripts/intel_rs_d405) by extension 'python_setup_py'
[3.471s] Level 1:colcon.colcon_core.package_identification:_identify(src/alicia_d_grasp_6d/scripts/intel_rs_d405/utils) by extensions ['ignore', 'ignore_ament_install']
[3.472s] Level 1:colcon.colcon_core.package_identification:_identify(src/alicia_d_grasp_6d/scripts/intel_rs_d405/utils) by extension 'ignore'
[3.472s] Level 1:colcon.colcon_core.package_identification:_identify(src/alicia_d_grasp_6d/scripts/intel_rs_d405/utils) by extension 'ignore_ament_install'
[3.472s] Level 1:colcon.colcon_core.package_identification:_identify(src/alicia_d_grasp_6d/scripts/intel_rs_d405/utils) by extensions ['colcon_pkg']
[3.472s] Level 1:colcon.colcon_core.package_identification:_identify(src/alicia_d_grasp_6d/scripts/intel_rs_d405/utils) by extension 'colcon_pkg'
[3.472s] Level 1:colcon.colcon_core.package_identification:_identify(src/alicia_d_grasp_6d/scripts/intel_rs_d405/utils) by extensions ['colcon_meta']
[3.472s] Level 1:colcon.colcon_core.package_identification:_identify(src/alicia_d_grasp_6d/scripts/intel_rs_d405/utils) by extension 'colcon_meta'
[3.472s] Level 1:colcon.colcon_core.package_identification:_identify(src/alicia_d_grasp_6d/scripts/intel_rs_d405/utils) by extensions ['ros']
[3.472s] Level 1:colcon.colcon_core.package_identification:_identify(src/alicia_d_grasp_6d/scripts/intel_rs_d405/utils) by extension 'ros'
[3.473s] Level 1:colcon.colcon_core.package_identification:_identify(src/alicia_d_grasp_6d/scripts/intel_rs_d405/utils) by extensions ['cmake', 'python']
[3.473s] Level 1:colcon.colcon_core.package_identification:_identify(src/alicia_d_grasp_6d/scripts/intel_rs_d405/utils) by extension 'cmake'
[3.473s] Level 1:colcon.colcon_core.package_identification:_identify(src/alicia_d_grasp_6d/scripts/intel_rs_d405/utils) by extension 'python'
[3.473s] Level 1:colcon.colcon_core.package_identification:_identify(src/alicia_d_grasp_6d/scripts/intel_rs_d405/utils) by extensions ['python_setup_py']
[3.473s] Level 1:colcon.colcon_core.package_identification:_identify(src/alicia_d_grasp_6d/scripts/intel_rs_d405/utils) by extension 'python_setup_py'
[3.473s] Level 1:colcon.colcon_core.package_identification:_identify(src/alicia_d_grasp_6d/scripts/orbbec_gemini_335) by extensions ['ignore', 'ignore_ament_install']
[3.474s] Level 1:colcon.colcon_core.package_identification:_identify(src/alicia_d_grasp_6d/scripts/orbbec_gemini_335) by extension 'ignore'
[3.474s] Level 1:colcon.colcon_core.package_identification:_identify(src/alicia_d_grasp_6d/scripts/orbbec_gemini_335) by extension 'ignore_ament_install'
[3.474s] Level 1:colcon.colcon_core.package_identification:_identify(src/alicia_d_grasp_6d/scripts/orbbec_gemini_335) by extensions ['colcon_pkg']
[3.475s] Level 1:colcon.colcon_core.package_identification:_identify(src/alicia_d_grasp_6d/scripts/orbbec_gemini_335) by extension 'colcon_pkg'
[3.475s] Level 1:colcon.colcon_core.package_identification:_identify(src/alicia_d_grasp_6d/scripts/orbbec_gemini_335) by extensions ['colcon_meta']
[3.475s] Level 1:colcon.colcon_core.package_identification:_identify(src/alicia_d_grasp_6d/scripts/orbbec_gemini_335) by extension 'colcon_meta'
[3.475s] Level 1:colcon.colcon_core.package_identification:_identify(src/alicia_d_grasp_6d/scripts/orbbec_gemini_335) by extensions ['ros']
[3.475s] Level 1:colcon.colcon_core.package_identification:_identify(src/alicia_d_grasp_6d/scripts/orbbec_gemini_335) by extension 'ros'
[3.476s] Level 1:colcon.colcon_core.package_identification:_identify(src/alicia_d_grasp_6d/scripts/orbbec_gemini_335) by extensions ['cmake', 'python']
[3.476s] Level 1:colcon.colcon_core.package_identification:_identify(src/alicia_d_grasp_6d/scripts/orbbec_gemini_335) by extension 'cmake'
[3.476s] Level 1:colcon.colcon_core.package_identification:_identify(src/alicia_d_grasp_6d/scripts/orbbec_gemini_335) by extension 'python'
[3.476s] Level 1:colcon.colcon_core.package_identification:_identify(src/alicia_d_grasp_6d/scripts/orbbec_gemini_335) by extensions ['python_setup_py']
[3.476s] Level 1:colcon.colcon_core.package_identification:_identify(src/alicia_d_grasp_6d/scripts/orbbec_gemini_335) by extension 'python_setup_py'
[3.477s] Level 1:colcon.colcon_core.package_identification:_identify(src/alicia_d_grasp_6d/scripts/orbbec_gemini_335/utils) by extensions ['ignore', 'ignore_ament_install']
[3.477s] Level 1:colcon.colcon_core.package_identification:_identify(src/alicia_d_grasp_6d/scripts/orbbec_gemini_335/utils) by extension 'ignore'
[3.477s] Level 1:colcon.colcon_core.package_identification:_identify(src/alicia_d_grasp_6d/scripts/orbbec_gemini_335/utils) by extension 'ignore_ament_install'
[3.477s] Level 1:colcon.colcon_core.package_identification:_identify(src/alicia_d_grasp_6d/scripts/orbbec_gemini_335/utils) by extensions ['colcon_pkg']
[3.477s] Level 1:colcon.colcon_core.package_identification:_identify(src/alicia_d_grasp_6d/scripts/orbbec_gemini_335/utils) by extension 'colcon_pkg'
[3.477s] Level 1:colcon.colcon_core.package_identification:_identify(src/alicia_d_grasp_6d/scripts/orbbec_gemini_335/utils) by extensions ['colcon_meta']
[3.477s] Level 1:colcon.colcon_core.package_identification:_identify(src/alicia_d_grasp_6d/scripts/orbbec_gemini_335/utils) by extension 'colcon_meta'
[3.477s] Level 1:colcon.colcon_core.package_identification:_identify(src/alicia_d_grasp_6d/scripts/orbbec_gemini_335/utils) by extensions ['ros']
[3.477s] Level 1:colcon.colcon_core.package_identification:_identify(src/alicia_d_grasp_6d/scripts/orbbec_gemini_335/utils) by extension 'ros'
[3.478s] Level 1:colcon.colcon_core.package_identification:_identify(src/alicia_d_grasp_6d/scripts/orbbec_gemini_335/utils) by extensions ['cmake', 'python']
[3.478s] Level 1:colcon.colcon_core.package_identification:_identify(src/alicia_d_grasp_6d/scripts/orbbec_gemini_335/utils) by extension 'cmake'
[3.478s] Level 1:colcon.colcon_core.package_identification:_identify(src/alicia_d_grasp_6d/scripts/orbbec_gemini_335/utils) by extension 'python'
[3.478s] Level 1:colcon.colcon_core.package_identification:_identify(src/alicia_d_grasp_6d/scripts/orbbec_gemini_335/utils) by extensions ['python_setup_py']
[3.478s] Level 1:colcon.colcon_core.package_identification:_identify(src/alicia_d_grasp_6d/scripts/orbbec_gemini_335/utils) by extension 'python_setup_py'
[3.478s] Level 1:colcon.colcon_core.package_identification:_identify(src/alicia_d_moveit) by extensions ['ignore', 'ignore_ament_install']
[3.479s] Level 1:colcon.colcon_core.package_identification:_identify(src/alicia_d_moveit) by extension 'ignore'
[3.479s] Level 1:colcon.colcon_core.package_identification:_identify(src/alicia_d_moveit) by extension 'ignore_ament_install'
[3.479s] Level 1:colcon.colcon_core.package_identification:_identify(src/alicia_d_moveit) by extensions ['colcon_pkg']
[3.479s] Level 1:colcon.colcon_core.package_identification:_identify(src/alicia_d_moveit) by extension 'colcon_pkg'
[3.479s] Level 1:colcon.colcon_core.package_identification:_identify(src/alicia_d_moveit) by extensions ['colcon_meta']
[3.479s] Level 1:colcon.colcon_core.package_identification:_identify(src/alicia_d_moveit) by extension 'colcon_meta'
[3.479s] Level 1:colcon.colcon_core.package_identification:_identify(src/alicia_d_moveit) by extensions ['ros']
[3.479s] Level 1:colcon.colcon_core.package_identification:_identify(src/alicia_d_moveit) by extension 'ros'
[3.481s] DEBUG:colcon.colcon_core.package_identification:Package 'src/alicia_d_moveit' with type 'ros.ament_cmake' and name 'alicia_d_moveit'
[3.482s] Level 1:colcon.colcon_core.package_identification:_identify(src/alicia_d_pick_coordinator) by extensions ['ignore', 'ignore_ament_install']
[3.482s] Level 1:colcon.colcon_core.package_identification:_identify(src/alicia_d_pick_coordinator) by extension 'ignore'
[3.482s] Level 1:colcon.colcon_core.package_identification:_identify(src/alicia_d_pick_coordinator) by extension 'ignore_ament_install'
[3.483s] Level 1:colcon.colcon_core.package_identification:_identify(src/alicia_d_pick_coordinator) by extensions ['colcon_pkg']
[3.483s] Level 1:colcon.colcon_core.package_identification:_identify(src/alicia_d_pick_coordinator) by extension 'colcon_pkg'
[3.483s] Level 1:colcon.colcon_core.package_identification:_identify(src/alicia_d_pick_coordinator) by extensions ['colcon_meta']
[3.483s] Level 1:colcon.colcon_core.package_identification:_identify(src/alicia_d_pick_coordinator) by extension 'colcon_meta'
[3.483s] Level 1:colcon.colcon_core.package_identification:_identify(src/alicia_d_pick_coordinator) by extensions ['ros']
[3.483s] Level 1:colcon.colcon_core.package_identification:_identify(src/alicia_d_pick_coordinator) by extension 'ros'
[3.485s] DEBUG:colcon.colcon_core.package_identification:Package 'src/alicia_d_pick_coordinator' with type 'ros.ament_cmake' and name 'alicia_d_pick_coordinator'
[3.486s] Level 1:colcon.colcon_core.package_identification:_identify(src/alicia_d_sts_gripper) by extensions ['ignore', 'ignore_ament_install']
[3.486s] Level 1:colcon.colcon_core.package_identification:_identify(src/alicia_d_sts_gripper) by extension 'ignore'
[3.486s] Level 1:colcon.colcon_core.package_identification:_identify(src/alicia_d_sts_gripper) by extension 'ignore_ament_install'
[3.486s] Level 1:colcon.colcon_core.package_identification:_identify(src/alicia_d_sts_gripper) by extensions ['colcon_pkg']
[3.487s] Level 1:colcon.colcon_core.package_identification:_identify(src/alicia_d_sts_gripper) by extension 'colcon_pkg'
[3.487s] Level 1:colcon.colcon_core.package_identification:_identify(src/alicia_d_sts_gripper) by extensions ['colcon_meta']
[3.487s] Level 1:colcon.colcon_core.package_identification:_identify(src/alicia_d_sts_gripper) by extension 'colcon_meta'
[3.487s] Level 1:colcon.colcon_core.package_identification:_identify(src/alicia_d_sts_gripper) by extensions ['ros']
[3.487s] Level 1:colcon.colcon_core.package_identification:_identify(src/alicia_d_sts_gripper) by extension 'ros'
[3.489s] DEBUG:colcon.colcon_core.package_identification:Package 'src/alicia_d_sts_gripper' with type 'ros.ament_cmake' and name 'alicia_d_sts_gripper'
[3.489s] Level 1:colcon.colcon_core.package_identification:_identify(src/alicia_d_thinkgrasp_bridge) by extensions ['ignore', 'ignore_ament_install']
[3.489s] Level 1:colcon.colcon_core.package_identification:_identify(src/alicia_d_thinkgrasp_bridge) by extension 'ignore'
[3.489s] Level 1:colcon.colcon_core.package_identification:_identify(src/alicia_d_thinkgrasp_bridge) by extension 'ignore_ament_install'
[3.490s] Level 1:colcon.colcon_core.package_identification:_identify(src/alicia_d_thinkgrasp_bridge) by extensions ['colcon_pkg']
[3.490s] Level 1:colcon.colcon_core.package_identification:_identify(src/alicia_d_thinkgrasp_bridge) by extension 'colcon_pkg'
[3.490s] Level 1:colcon.colcon_core.package_identification:_identify(src/alicia_d_thinkgrasp_bridge) by extensions ['colcon_meta']
[3.490s] Level 1:colcon.colcon_core.package_identification:_identify(src/alicia_d_thinkgrasp_bridge) by extension 'colcon_meta'
[3.490s] Level 1:colcon.colcon_core.package_identification:_identify(src/alicia_d_thinkgrasp_bridge) by extensions ['ros']
[3.490s] Level 1:colcon.colcon_core.package_identification:_identify(src/alicia_d_thinkgrasp_bridge) by extension 'ros'
[3.493s] DEBUG:colcon.colcon_core.package_identification:Package 'src/alicia_d_thinkgrasp_bridge' with type 'ros.ament_cmake' and name 'alicia_d_thinkgrasp_bridge'
[3.493s] Level 1:colcon.colcon_core.package_identification:_identify(src/docs) by extensions ['ignore', 'ignore_ament_install']
[3.493s] Level 1:colcon.colcon_core.package_identification:_identify(src/docs) by extension 'ignore'
[3.493s] Level 1:colcon.colcon_core.package_identification:_identify(src/docs) by extension 'ignore_ament_install'
[3.494s] Level 1:colcon.colcon_core.package_identification:_identify(src/docs) by extensions ['colcon_pkg']
[3.494s] Level 1:colcon.colcon_core.package_identification:_identify(src/docs) by extension 'colcon_pkg'
[3.494s] Level 1:colcon.colcon_core.package_identification:_identify(src/docs) by extensions ['colcon_meta']
[3.494s] Level 1:colcon.colcon_core.package_identification:_identify(src/docs) by extension 'colcon_meta'
[3.494s] Level 1:colcon.colcon_core.package_identification:_identify(src/docs) by extensions ['ros']
[3.494s] Level 1:colcon.colcon_core.package_identification:_identify(src/docs) by extension 'ros'
[3.495s] Level 1:colcon.colcon_core.package_identification:_identify(src/docs) by extensions ['cmake', 'python']
[3.495s] Level 1:colcon.colcon_core.package_identification:_identify(src/docs) by extension 'cmake'
[3.495s] Level 1:colcon.colcon_core.package_identification:_identify(src/docs) by extension 'python'
[3.495s] Level 1:colcon.colcon_core.package_identification:_identify(src/docs) by extensions ['python_setup_py']
[3.495s] Level 1:colcon.colcon_core.package_identification:_identify(src/docs) by extension 'python_setup_py'
[3.496s] Level 1:colcon.colcon_core.package_identification:_identify(src/examples) by extensions ['ignore', 'ignore_ament_install']
[3.496s] Level 1:colcon.colcon_core.package_identification:_identify(src/examples) by extension 'ignore'
[3.496s] Level 1:colcon.colcon_core.package_identification:_identify(src/examples) by extension 'ignore_ament_install'
[3.496s] Level 1:colcon.colcon_core.package_identification:_identify(src/examples) by extensions ['colcon_pkg']
[3.496s] Level 1:colcon.colcon_core.package_identification:_identify(src/examples) by extension 'colcon_pkg'
[3.497s] Level 1:colcon.colcon_core.package_identification:_identify(src/examples) by extensions ['colcon_meta']
[3.497s] Level 1:colcon.colcon_core.package_identification:_identify(src/examples) by extension 'colcon_meta'
[3.497s] Level 1:colcon.colcon_core.package_identification:_identify(src/examples) by extensions ['ros']
[3.497s] Level 1:colcon.colcon_core.package_identification:_identify(src/examples) by extension 'ros'
[3.497s] Level 1:colcon.colcon_core.package_identification:_identify(src/examples) by extensions ['cmake', 'python']
[3.497s] Level 1:colcon.colcon_core.package_identification:_identify(src/examples) by extension 'cmake'
[3.497s] Level 1:colcon.colcon_core.package_identification:_identify(src/examples) by extension 'python'
[3.497s] Level 1:colcon.colcon_core.package_identification:_identify(src/examples) by extensions ['python_setup_py']
[3.497s] Level 1:colcon.colcon_core.package_identification:_identify(src/examples) by extension 'python_setup_py'
[3.498s] Level 1:colcon.colcon_core.package_identification:_identify(src/imgs) by extensions ['ignore', 'ignore_ament_install']
[3.498s] Level 1:colcon.colcon_core.package_identification:_identify(src/imgs) by extension 'ignore'
[3.498s] Level 1:colcon.colcon_core.package_identification:_identify(src/imgs) by extension 'ignore_ament_install'
[3.498s] Level 1:colcon.colcon_core.package_identification:_identify(src/imgs) by extensions ['colcon_pkg']
[3.498s] Level 1:colcon.colcon_core.package_identification:_identify(src/imgs) by extension 'colcon_pkg'
[3.499s] Level 1:colcon.colcon_core.package_identification:_identify(src/imgs) by extensions ['colcon_meta']
[3.499s] Level 1:colcon.colcon_core.package_identification:_identify(src/imgs) by extension 'colcon_meta'
[3.499s] Level 1:colcon.colcon_core.package_identification:_identify(src/imgs) by extensions ['ros']
[3.499s] Level 1:colcon.colcon_core.package_identification:_identify(src/imgs) by extension 'ros'
[3.499s] Level 1:colcon.colcon_core.package_identification:_identify(src/imgs) by extensions ['cmake', 'python']
[3.499s] Level 1:colcon.colcon_core.package_identification:_identify(src/imgs) by extension 'cmake'
[3.499s] Level 1:colcon.colcon_core.package_identification:_identify(src/imgs) by extension 'python'
[3.500s] Level 1:colcon.colcon_core.package_identification:_identify(src/imgs) by extensions ['python_setup_py']
[3.500s] Level 1:colcon.colcon_core.package_identification:_identify(src/imgs) by extension 'python_setup_py'
[3.500s] Level 1:colcon.colcon_core.package_identification:_identify(tools) by extensions ['ignore', 'ignore_ament_install']
[3.500s] Level 1:colcon.colcon_core.package_identification:_identify(tools) by extension 'ignore'
[3.500s] Level 1:colcon.colcon_core.package_identification:_identify(tools) by extension 'ignore_ament_install'
[3.501s] Level 1:colcon.colcon_core.package_identification:_identify(tools) by extensions ['colcon_pkg']
[3.501s] Level 1:colcon.colcon_core.package_identification:_identify(tools) by extension 'colcon_pkg'
[3.501s] Level 1:colcon.colcon_core.package_identification:_identify(tools) by extensions ['colcon_meta']
[3.501s] Level 1:colcon.colcon_core.package_identification:_identify(tools) by extension 'colcon_meta'
[3.501s] Level 1:colcon.colcon_core.package_identification:_identify(tools) by extensions ['ros']
[3.501s] Level 1:colcon.colcon_core.package_identification:_identify(tools) by extension 'ros'
[3.501s] Level 1:colcon.colcon_core.package_identification:_identify(tools) by extensions ['cmake', 'python']
[3.501s] Level 1:colcon.colcon_core.package_identification:_identify(tools) by extension 'cmake'
[3.501s] Level 1:colcon.colcon_core.package_identification:_identify(tools) by extension 'python'
[3.501s] Level 1:colcon.colcon_core.package_identification:_identify(tools) by extensions ['python_setup_py']
[3.502s] Level 1:colcon.colcon_core.package_identification:_identify(tools) by extension 'python_setup_py'
[3.502s] Level 1:colcon.colcon_core.package_identification:_identify(tools/__pycache__) by extensions ['ignore', 'ignore_ament_install']
[3.502s] Level 1:colcon.colcon_core.package_identification:_identify(tools/__pycache__) by extension 'ignore'
[3.502s] Level 1:colcon.colcon_core.package_identification:_identify(tools/__pycache__) by extension 'ignore_ament_install'
[3.502s] Level 1:colcon.colcon_core.package_identification:_identify(tools/__pycache__) by extensions ['colcon_pkg']
[3.502s] Level 1:colcon.colcon_core.package_identification:_identify(tools/__pycache__) by extension 'colcon_pkg'
[3.502s] Level 1:colcon.colcon_core.package_identification:_identify(tools/__pycache__) by extensions ['colcon_meta']
[3.503s] Level 1:colcon.colcon_core.package_identification:_identify(tools/__pycache__) by extension 'colcon_meta'
[3.503s] Level 1:colcon.colcon_core.package_identification:_identify(tools/__pycache__) by extensions ['ros']
[3.503s] Level 1:colcon.colcon_core.package_identification:_identify(tools/__pycache__) by extension 'ros'
[3.503s] Level 1:colcon.colcon_core.package_identification:_identify(tools/__pycache__) by extensions ['cmake', 'python']
[3.503s] Level 1:colcon.colcon_core.package_identification:_identify(tools/__pycache__) by extension 'cmake'
[3.503s] Level 1:colcon.colcon_core.package_identification:_identify(tools/__pycache__) by extension 'python'
[3.503s] Level 1:colcon.colcon_core.package_identification:_identify(tools/__pycache__) by extensions ['python_setup_py']
[3.503s] Level 1:colcon.colcon_core.package_identification:_identify(tools/__pycache__) by extension 'python_setup_py'
[3.503s] Level 1:colcon.colcon_core.package_discovery:discover_packages(recursive) using defaults
[3.504s] Level 1:colcon.colcon_core.package_discovery:discover_packages(ignore) discover
[3.504s] Level 1:colcon.colcon_core.package_discovery:discover_packages(ignore) using defaults
[3.504s] Level 1:colcon.colcon_core.package_discovery:discover_packages(path) discover
[3.504s] Level 1:colcon.colcon_core.package_discovery:discover_packages(path) using defaults
[3.592s] INFO:colcon.colcon_core.package_selection:Skipping package 'alicia_d_thinkgrasp_bridge' in 'src/alicia_d_thinkgrasp_bridge'
[3.593s] INFO:colcon.colcon_core.package_selection:Skipping package 'alicia_d_sts_gripper' in 'src/alicia_d_sts_gripper'
[3.593s] INFO:colcon.colcon_core.package_selection:Skipping package 'alicia_d_moveit' in 'src/alicia_d_moveit'
[3.593s] INFO:colcon.colcon_core.package_selection:Skipping package 'alicia_d_arm_motion' in 'src/alicia_d_arm_motion'
[3.593s] INFO:colcon.colcon_core.package_selection:Skipping package 'alicia_d_driver' in 'src/alicia_d_driver'
[3.593s] INFO:colcon.colcon_core.package_selection:Skipping package 'alicia_d_descriptions' in 'src/alicia_d_descriptions'
[3.593s] INFO:colcon.colcon_core.package_selection:Skipping package 'alicia_d_cube_sort' in 'src/alicia_d_cube_sort'
[3.593s] INFO:colcon.colcon_core.package_selection:Skipping package 'alicia_d_calibration' in 'src/alicia_d_calibration'
[3.594s] Level 1:colcon.colcon_core.package_discovery:discover_packages(prefix_path) check parameters
[3.594s] Level 1:colcon.colcon_core.package_discovery:discover_packages(prefix_path) discover
[3.600s] DEBUG:colcon.colcon_installed_package_information.package_discovery:Found 383 installed packages in /opt/ros/humble
[3.604s] Level 1:colcon.colcon_core.package_discovery:discover_packages(prefix_path) using defaults
[3.709s] Level 5:colcon.colcon_core.verb:set package 'alicia_d_control_interfaces' build argument 'cmake_args' from command line to 'None'
[3.710s] Level 5:colcon.colcon_core.verb:set package 'alicia_d_control_interfaces' build argument 'cmake_target' from command line to 'None'
[3.710s] Level 5:colcon.colcon_core.verb:set package 'alicia_d_control_interfaces' build argument 'cmake_target_skip_unavailable' from command line to 'False'
[3.710s] Level 5:colcon.colcon_core.verb:set package 'alicia_d_control_interfaces' build argument 'cmake_clean_cache' from command line to 'False'
[3.710s] Level 5:colcon.colcon_core.verb:set package 'alicia_d_control_interfaces' build argument 'cmake_clean_first' from command line to 'False'
[3.710s] Level 5:colcon.colcon_core.verb:set package 'alicia_d_control_interfaces' build argument 'cmake_force_configure' from command line to 'False'
[3.710s] Level 5:colcon.colcon_core.verb:set package 'alicia_d_control_interfaces' build argument 'ament_cmake_args' from command line to 'None'
[3.710s] Level 5:colcon.colcon_core.verb:set package 'alicia_d_control_interfaces' build argument 'catkin_cmake_args' from command line to 'None'
[3.710s] Level 5:colcon.colcon_core.verb:set package 'alicia_d_control_interfaces' build argument 'catkin_skip_building_tests' from command line to 'False'
[3.710s] DEBUG:colcon.colcon_core.verb:Building package 'alicia_d_control_interfaces' with the following arguments: {'ament_cmake_args': None, 'build_base': '/home/Projects/HET/alicia_ws/build/alicia_d_control_interfaces', 'catkin_cmake_args': None, 'catkin_skip_building_tests': False, 'cmake_args': None, 'cmake_clean_cache': False, 'cmake_clean_first': False, 'cmake_force_configure': False, 'cmake_target': None, 'cmake_target_skip_unavailable': False, 'install_base': '/home/Projects/HET/alicia_ws/install/alicia_d_control_interfaces', 'merge_install': False, 'path': '/home/Projects/HET/alicia_ws/src/alicia_d_control_interfaces', 'symlink_install': False, 'test_result_base': None}
[3.711s] Level 5:colcon.colcon_core.verb:set package 'alicia_d_pick_coordinator' build argument 'cmake_args' from command line to 'None'
[3.711s] Level 5:colcon.colcon_core.verb:set package 'alicia_d_pick_coordinator' build argument 'cmake_target' from command line to 'None'
[3.711s] Level 5:colcon.colcon_core.verb:set package 'alicia_d_pick_coordinator' build argument 'cmake_target_skip_unavailable' from command line to 'False'
[3.711s] Level 5:colcon.colcon_core.verb:set package 'alicia_d_pick_coordinator' build argument 'cmake_clean_cache' from command line to 'False'
[3.711s] Level 5:colcon.colcon_core.verb:set package 'alicia_d_pick_coordinator' build argument 'cmake_clean_first' from command line to 'False'
[3.711s] Level 5:colcon.colcon_core.verb:set package 'alicia_d_pick_coordinator' build argument 'cmake_force_configure' from command line to 'False'
[3.711s] Level 5:colcon.colcon_core.verb:set package 'alicia_d_pick_coordinator' build argument 'ament_cmake_args' from command line to 'None'
[3.711s] Level 5:colcon.colcon_core.verb:set package 'alicia_d_pick_coordinator' build argument 'catkin_cmake_args' from command line to 'None'
[3.711s] Level 5:colcon.colcon_core.verb:set package 'alicia_d_pick_coordinator' build argument 'catkin_skip_building_tests' from command line to 'False'
[3.712s] DEBUG:colcon.colcon_core.verb:Building package 'alicia_d_pick_coordinator' with the following arguments: {'ament_cmake_args': None, 'build_base': '/home/Projects/HET/alicia_ws/build/alicia_d_pick_coordinator', 'catkin_cmake_args': None, 'catkin_skip_building_tests': False, 'cmake_args': None, 'cmake_clean_cache': False, 'cmake_clean_first': False, 'cmake_force_configure': False, 'cmake_target': None, 'cmake_target_skip_unavailable': False, 'install_base': '/home/Projects/HET/alicia_ws/install/alicia_d_pick_coordinator', 'merge_install': False, 'path': '/home/Projects/HET/alicia_ws/src/alicia_d_pick_coordinator', 'symlink_install': False, 'test_result_base': None}
[3.712s] INFO:colcon.colcon_core.executor:Executing jobs using 'parallel' executor
[3.714s] DEBUG:colcon.colcon_parallel_executor.executor.parallel:run_until_complete
[3.715s] INFO:colcon.colcon_ros.task.ament_cmake.build:Building ROS package in '/home/Projects/HET/alicia_ws/src/alicia_d_control_interfaces' with build type 'ament_cmake'
[3.715s] INFO:colcon.colcon_cmake.task.cmake.build:Building CMake package in '/home/Projects/HET/alicia_ws/src/alicia_d_control_interfaces'
[3.724s] INFO:colcon.colcon_core.plugin_system:Skipping extension 'colcon_core.shell.bat': Not used on non-Windows systems
[3.725s] INFO:colcon.colcon_core.shell:Skip shell extension 'powershell' for command environment: Not usable outside of PowerShell
[3.725s] DEBUG:colcon.colcon_core.shell:Skip shell extension 'dsv' for command environment
[3.749s] DEBUG:colcon.colcon_core.event_handler.log_command:Invoking command in '/home/Projects/HET/alicia_ws/build/alicia_d_control_interfaces': CMAKE_PREFIX_PATH=/opt/ros/humble /usr/bin/cmake --build /home/Projects/HET/alicia_ws/build/alicia_d_control_interfaces -- -j20 -l20
[4.793s] DEBUG:colcon.colcon_core.event_handler.log_command:Invoked command in '/home/Projects/HET/alicia_ws/build/alicia_d_control_interfaces' returned '0': CMAKE_PREFIX_PATH=/opt/ros/humble /usr/bin/cmake --build /home/Projects/HET/alicia_ws/build/alicia_d_control_interfaces -- -j20 -l20
[4.824s] DEBUG:colcon.colcon_core.event_handler.log_command:Invoking command in '/home/Projects/HET/alicia_ws/build/alicia_d_control_interfaces': CMAKE_PREFIX_PATH=/opt/ros/humble /usr/bin/cmake --install /home/Projects/HET/alicia_ws/build/alicia_d_control_interfaces
[5.010s] Level 1:colcon.colcon_core.environment:create_environment_scripts_only(alicia_d_control_interfaces)
[5.034s] Level 1:colcon.colcon_core.environment:checking '/home/Projects/HET/alicia_ws/install/alicia_d_control_interfaces' for CMake module files
[5.037s] DEBUG:colcon.colcon_core.event_handler.log_command:Invoked command in '/home/Projects/HET/alicia_ws/build/alicia_d_control_interfaces' returned '0': CMAKE_PREFIX_PATH=/opt/ros/humble /usr/bin/cmake --install /home/Projects/HET/alicia_ws/build/alicia_d_control_interfaces
[5.039s] Level 1:colcon.colcon_core.environment:checking '/home/Projects/HET/alicia_ws/install/alicia_d_control_interfaces' for CMake config files
[5.040s] Level 1:colcon.colcon_core.shell:create_environment_hook('alicia_d_control_interfaces', 'cmake_prefix_path')
[5.041s] INFO:colcon.colcon_core.shell:Creating environment hook '/home/Projects/HET/alicia_ws/install/alicia_d_control_interfaces/share/alicia_d_control_interfaces/hook/cmake_prefix_path.ps1'
[5.044s] INFO:colcon.colcon_core.shell:Creating environment descriptor '/home/Projects/HET/alicia_ws/install/alicia_d_control_interfaces/share/alicia_d_control_interfaces/hook/cmake_prefix_path.dsv'
[5.046s] INFO:colcon.colcon_core.shell:Creating environment hook '/home/Projects/HET/alicia_ws/install/alicia_d_control_interfaces/share/alicia_d_control_interfaces/hook/cmake_prefix_path.sh'
[5.049s] Level 1:colcon.colcon_core.environment:checking '/home/Projects/HET/alicia_ws/install/alicia_d_control_interfaces/lib'
[5.050s] Level 1:colcon.colcon_core.shell:create_environment_hook('alicia_d_control_interfaces', 'ld_library_path_lib')
[5.051s] INFO:colcon.colcon_core.shell:Creating environment hook '/home/Projects/HET/alicia_ws/install/alicia_d_control_interfaces/share/alicia_d_control_interfaces/hook/ld_library_path_lib.ps1'
[5.053s] INFO:colcon.colcon_core.shell:Creating environment descriptor '/home/Projects/HET/alicia_ws/install/alicia_d_control_interfaces/share/alicia_d_control_interfaces/hook/ld_library_path_lib.dsv'
[5.054s] INFO:colcon.colcon_core.shell:Creating environment hook '/home/Projects/HET/alicia_ws/install/alicia_d_control_interfaces/share/alicia_d_control_interfaces/hook/ld_library_path_lib.sh'
[5.056s] Level 1:colcon.colcon_core.environment:checking '/home/Projects/HET/alicia_ws/install/alicia_d_control_interfaces/bin'
[5.056s] Level 1:colcon.colcon_core.environment:checking '/home/Projects/HET/alicia_ws/install/alicia_d_control_interfaces/lib/pkgconfig/alicia_d_control_interfaces.pc'
[5.057s] Level 1:colcon.colcon_core.environment:checking '/home/Projects/HET/alicia_ws/install/alicia_d_control_interfaces/lib/python3.10/site-packages'
[5.058s] Level 1:colcon.colcon_core.environment:checking '/home/Projects/HET/alicia_ws/install/alicia_d_control_interfaces/bin'
[5.060s] INFO:colcon.colcon_core.shell:Creating package script '/home/Projects/HET/alicia_ws/install/alicia_d_control_interfaces/share/alicia_d_control_interfaces/package.ps1'
[5.063s] INFO:colcon.colcon_core.shell:Creating package descriptor '/home/Projects/HET/alicia_ws/install/alicia_d_control_interfaces/share/alicia_d_control_interfaces/package.dsv'
[5.066s] INFO:colcon.colcon_core.shell:Creating package script '/home/Projects/HET/alicia_ws/install/alicia_d_control_interfaces/share/alicia_d_control_interfaces/package.sh'
[5.069s] INFO:colcon.colcon_core.shell:Creating package script '/home/Projects/HET/alicia_ws/install/alicia_d_control_interfaces/share/alicia_d_control_interfaces/package.bash'
[5.072s] INFO:colcon.colcon_core.shell:Creating package script '/home/Projects/HET/alicia_ws/install/alicia_d_control_interfaces/share/alicia_d_control_interfaces/package.zsh'
[5.075s] Level 1:colcon.colcon_core.environment:create_file_with_runtime_dependencies(/home/Projects/HET/alicia_ws/install/alicia_d_control_interfaces/share/colcon-core/packages/alicia_d_control_interfaces)
[5.078s] Level 1:colcon.colcon_core.environment:create_environment_scripts_only(alicia_d_control_interfaces)
[5.078s] Level 1:colcon.colcon_core.environment:checking '/home/Projects/HET/alicia_ws/install/alicia_d_control_interfaces' for CMake module files
[5.080s] Level 1:colcon.colcon_core.environment:checking '/home/Projects/HET/alicia_ws/install/alicia_d_control_interfaces' for CMake config files
[5.081s] Level 1:colcon.colcon_core.shell:create_environment_hook('alicia_d_control_interfaces', 'cmake_prefix_path')
[5.081s] INFO:colcon.colcon_core.shell:Creating environment hook '/home/Projects/HET/alicia_ws/install/alicia_d_control_interfaces/share/alicia_d_control_interfaces/hook/cmake_prefix_path.ps1'
[5.083s] INFO:colcon.colcon_core.shell:Creating environment descriptor '/home/Projects/HET/alicia_ws/install/alicia_d_control_interfaces/share/alicia_d_control_interfaces/hook/cmake_prefix_path.dsv'
[5.085s] INFO:colcon.colcon_core.shell:Creating environment hook '/home/Projects/HET/alicia_ws/install/alicia_d_control_interfaces/share/alicia_d_control_interfaces/hook/cmake_prefix_path.sh'
[5.086s] Level 1:colcon.colcon_core.environment:checking '/home/Projects/HET/alicia_ws/install/alicia_d_control_interfaces/lib'
[5.087s] Level 1:colcon.colcon_core.shell:create_environment_hook('alicia_d_control_interfaces', 'ld_library_path_lib')
[5.088s] INFO:colcon.colcon_core.shell:Creating environment hook '/home/Projects/HET/alicia_ws/install/alicia_d_control_interfaces/share/alicia_d_control_interfaces/hook/ld_library_path_lib.ps1'
[5.090s] INFO:colcon.colcon_core.shell:Creating environment descriptor '/home/Projects/HET/alicia_ws/install/alicia_d_control_interfaces/share/alicia_d_control_interfaces/hook/ld_library_path_lib.dsv'
[5.091s] INFO:colcon.colcon_core.shell:Creating environment hook '/home/Projects/HET/alicia_ws/install/alicia_d_control_interfaces/share/alicia_d_control_interfaces/hook/ld_library_path_lib.sh'
[5.092s] Level 1:colcon.colcon_core.environment:checking '/home/Projects/HET/alicia_ws/install/alicia_d_control_interfaces/bin'
[5.093s] Level 1:colcon.colcon_core.environment:checking '/home/Projects/HET/alicia_ws/install/alicia_d_control_interfaces/lib/pkgconfig/alicia_d_control_interfaces.pc'
[5.093s] Level 1:colcon.colcon_core.environment:checking '/home/Projects/HET/alicia_ws/install/alicia_d_control_interfaces/lib/python3.10/site-packages'
[5.095s] Level 1:colcon.colcon_core.environment:checking '/home/Projects/HET/alicia_ws/install/alicia_d_control_interfaces/bin'
[5.096s] INFO:colcon.colcon_core.shell:Creating package script '/home/Projects/HET/alicia_ws/install/alicia_d_control_interfaces/share/alicia_d_control_interfaces/package.ps1'
[5.098s] INFO:colcon.colcon_core.shell:Creating package descriptor '/home/Projects/HET/alicia_ws/install/alicia_d_control_interfaces/share/alicia_d_control_interfaces/package.dsv'
[5.100s] INFO:colcon.colcon_core.shell:Creating package script '/home/Projects/HET/alicia_ws/install/alicia_d_control_interfaces/share/alicia_d_control_interfaces/package.sh'
[5.102s] INFO:colcon.colcon_core.shell:Creating package script '/home/Projects/HET/alicia_ws/install/alicia_d_control_interfaces/share/alicia_d_control_interfaces/package.bash'
[5.104s] INFO:colcon.colcon_core.shell:Creating package script '/home/Projects/HET/alicia_ws/install/alicia_d_control_interfaces/share/alicia_d_control_interfaces/package.zsh'
[5.107s] Level 1:colcon.colcon_core.environment:create_file_with_runtime_dependencies(/home/Projects/HET/alicia_ws/install/alicia_d_control_interfaces/share/colcon-core/packages/alicia_d_control_interfaces)
[5.109s] INFO:colcon.colcon_ros.task.ament_cmake.build:Building ROS package in '/home/Projects/HET/alicia_ws/src/alicia_d_pick_coordinator' with build type 'ament_cmake'
[5.110s] INFO:colcon.colcon_cmake.task.cmake.build:Building CMake package in '/home/Projects/HET/alicia_ws/src/alicia_d_pick_coordinator'
[5.112s] INFO:colcon.colcon_core.shell:Skip shell extension 'powershell' for command environment: Not usable outside of PowerShell
[5.113s] DEBUG:colcon.colcon_core.shell:Skip shell extension 'dsv' for command environment
[35.148s] DEBUG:colcon.colcon_core.event_handler.log_command:Invoking command in '/home/Projects/HET/alicia_ws/build/alicia_d_pick_coordinator': AMENT_PREFIX_PATH=/home/Projects/HET/alicia_ws/install/alicia_d_control_interfaces:${AMENT_PREFIX_PATH} CMAKE_PREFIX_PATH=/home/Projects/HET/alicia_ws/install/alicia_d_control_interfaces:/opt/ros/humble LD_LIBRARY_PATH=/home/Projects/HET/alicia_ws/install/alicia_d_control_interfaces/lib:${LD_LIBRARY_PATH} PYTHONPATH=/home/Projects/HET/alicia_ws/install/alicia_d_control_interfaces/local/lib/python3.10/dist-packages:${PYTHONPATH} /usr/bin/cmake --build /home/Projects/HET/alicia_ws/build/alicia_d_pick_coordinator -- -j20 -l20
[65.167s] DEBUG:colcon.colcon_core.event_handler.log_command:Invoked command in '/home/Projects/HET/alicia_ws/build/alicia_d_pick_coordinator' returned '0': AMENT_PREFIX_PATH=/home/Projects/HET/alicia_ws/install/alicia_d_control_interfaces:${AMENT_PREFIX_PATH} CMAKE_PREFIX_PATH=/home/Projects/HET/alicia_ws/install/alicia_d_control_interfaces:/opt/ros/humble LD_LIBRARY_PATH=/home/Projects/HET/alicia_ws/install/alicia_d_control_interfaces/lib:${LD_LIBRARY_PATH} PYTHONPATH=/home/Projects/HET/alicia_ws/install/alicia_d_control_interfaces/local/lib/python3.10/dist-packages:${PYTHONPATH} /usr/bin/cmake --build /home/Projects/HET/alicia_ws/build/alicia_d_pick_coordinator -- -j20 -l20
[65.178s] DEBUG:colcon.colcon_core.event_handler.log_command:Invoking command in '/home/Projects/HET/alicia_ws/build/alicia_d_pick_coordinator': AMENT_PREFIX_PATH=/home/Projects/HET/alicia_ws/install/alicia_d_control_interfaces:${AMENT_PREFIX_PATH} CMAKE_PREFIX_PATH=/home/Projects/HET/alicia_ws/install/alicia_d_control_interfaces:/opt/ros/humble LD_LIBRARY_PATH=/home/Projects/HET/alicia_ws/install/alicia_d_control_interfaces/lib:${LD_LIBRARY_PATH} PYTHONPATH=/home/Projects/HET/alicia_ws/install/alicia_d_control_interfaces/local/lib/python3.10/dist-packages:${PYTHONPATH} /usr/bin/cmake --install /home/Projects/HET/alicia_ws/build/alicia_d_pick_coordinator
[95.192s] Level 1:colcon.colcon_core.environment:create_environment_scripts_only(alicia_d_pick_coordinator)
[95.194s] Level 1:colcon.colcon_core.environment:checking '/home/Projects/HET/alicia_ws/install/alicia_d_pick_coordinator' for CMake module files
[95.195s] DEBUG:colcon.colcon_core.event_handler.log_command:Invoked command in '/home/Projects/HET/alicia_ws/build/alicia_d_pick_coordinator' returned '0': AMENT_PREFIX_PATH=/home/Projects/HET/alicia_ws/install/alicia_d_control_interfaces:${AMENT_PREFIX_PATH} CMAKE_PREFIX_PATH=/home/Projects/HET/alicia_ws/install/alicia_d_control_interfaces:/opt/ros/humble LD_LIBRARY_PATH=/home/Projects/HET/alicia_ws/install/alicia_d_control_interfaces/lib:${LD_LIBRARY_PATH} PYTHONPATH=/home/Projects/HET/alicia_ws/install/alicia_d_control_interfaces/local/lib/python3.10/dist-packages:${PYTHONPATH} /usr/bin/cmake --install /home/Projects/HET/alicia_ws/build/alicia_d_pick_coordinator
[95.197s] Level 1:colcon.colcon_core.environment:checking '/home/Projects/HET/alicia_ws/install/alicia_d_pick_coordinator' for CMake config files
[95.198s] Level 1:colcon.colcon_core.shell:create_environment_hook('alicia_d_pick_coordinator', 'cmake_prefix_path')
[95.199s] INFO:colcon.colcon_core.shell:Creating environment hook '/home/Projects/HET/alicia_ws/install/alicia_d_pick_coordinator/share/alicia_d_pick_coordinator/hook/cmake_prefix_path.ps1'
[95.201s] INFO:colcon.colcon_core.shell:Creating environment descriptor '/home/Projects/HET/alicia_ws/install/alicia_d_pick_coordinator/share/alicia_d_pick_coordinator/hook/cmake_prefix_path.dsv'
[95.202s] INFO:colcon.colcon_core.shell:Creating environment hook '/home/Projects/HET/alicia_ws/install/alicia_d_pick_coordinator/share/alicia_d_pick_coordinator/hook/cmake_prefix_path.sh'
[95.204s] Level 1:colcon.colcon_core.environment:checking '/home/Projects/HET/alicia_ws/install/alicia_d_pick_coordinator/lib'
[95.204s] Level 1:colcon.colcon_core.environment:checking '/home/Projects/HET/alicia_ws/install/alicia_d_pick_coordinator/bin'
[95.205s] Level 1:colcon.colcon_core.environment:checking '/home/Projects/HET/alicia_ws/install/alicia_d_pick_coordinator/lib/pkgconfig/alicia_d_pick_coordinator.pc'
[95.206s] Level 1:colcon.colcon_core.environment:checking '/home/Projects/HET/alicia_ws/install/alicia_d_pick_coordinator/lib/python3.10/site-packages'
[95.207s] Level 1:colcon.colcon_core.environment:checking '/home/Projects/HET/alicia_ws/install/alicia_d_pick_coordinator/bin'
[95.208s] INFO:colcon.colcon_core.shell:Creating package script '/home/Projects/HET/alicia_ws/install/alicia_d_pick_coordinator/share/alicia_d_pick_coordinator/package.ps1'
[95.210s] INFO:colcon.colcon_core.shell:Creating package descriptor '/home/Projects/HET/alicia_ws/install/alicia_d_pick_coordinator/share/alicia_d_pick_coordinator/package.dsv'
[95.212s] INFO:colcon.colcon_core.shell:Creating package script '/home/Projects/HET/alicia_ws/install/alicia_d_pick_coordinator/share/alicia_d_pick_coordinator/package.sh'
[95.213s] INFO:colcon.colcon_core.shell:Creating package script '/home/Projects/HET/alicia_ws/install/alicia_d_pick_coordinator/share/alicia_d_pick_coordinator/package.bash'
[95.214s] INFO:colcon.colcon_core.shell:Creating package script '/home/Projects/HET/alicia_ws/install/alicia_d_pick_coordinator/share/alicia_d_pick_coordinator/package.zsh'
[95.216s] Level 1:colcon.colcon_core.environment:create_file_with_runtime_dependencies(/home/Projects/HET/alicia_ws/install/alicia_d_pick_coordinator/share/colcon-core/packages/alicia_d_pick_coordinator)
[95.218s] Level 1:colcon.colcon_core.environment:create_environment_scripts_only(alicia_d_pick_coordinator)
[95.219s] Level 1:colcon.colcon_core.environment:checking '/home/Projects/HET/alicia_ws/install/alicia_d_pick_coordinator' for CMake module files
[95.220s] Level 1:colcon.colcon_core.environment:checking '/home/Projects/HET/alicia_ws/install/alicia_d_pick_coordinator' for CMake config files
[95.221s] Level 1:colcon.colcon_core.shell:create_environment_hook('alicia_d_pick_coordinator', 'cmake_prefix_path')
[95.222s] INFO:colcon.colcon_core.shell:Creating environment hook '/home/Projects/HET/alicia_ws/install/alicia_d_pick_coordinator/share/alicia_d_pick_coordinator/hook/cmake_prefix_path.ps1'
[95.225s] INFO:colcon.colcon_core.shell:Creating environment descriptor '/home/Projects/HET/alicia_ws/install/alicia_d_pick_coordinator/share/alicia_d_pick_coordinator/hook/cmake_prefix_path.dsv'
[95.226s] INFO:colcon.colcon_core.shell:Creating environment hook '/home/Projects/HET/alicia_ws/install/alicia_d_pick_coordinator/share/alicia_d_pick_coordinator/hook/cmake_prefix_path.sh'
[95.228s] Level 1:colcon.colcon_core.environment:checking '/home/Projects/HET/alicia_ws/install/alicia_d_pick_coordinator/lib'
[95.228s] Level 1:colcon.colcon_core.environment:checking '/home/Projects/HET/alicia_ws/install/alicia_d_pick_coordinator/bin'
[95.229s] Level 1:colcon.colcon_core.environment:checking '/home/Projects/HET/alicia_ws/install/alicia_d_pick_coordinator/lib/pkgconfig/alicia_d_pick_coordinator.pc'
[95.229s] Level 1:colcon.colcon_core.environment:checking '/home/Projects/HET/alicia_ws/install/alicia_d_pick_coordinator/lib/python3.10/site-packages'
[95.230s] Level 1:colcon.colcon_core.environment:checking '/home/Projects/HET/alicia_ws/install/alicia_d_pick_coordinator/bin'
[95.231s] INFO:colcon.colcon_core.shell:Creating package script '/home/Projects/HET/alicia_ws/install/alicia_d_pick_coordinator/share/alicia_d_pick_coordinator/package.ps1'
[95.233s] INFO:colcon.colcon_core.shell:Creating package descriptor '/home/Projects/HET/alicia_ws/install/alicia_d_pick_coordinator/share/alicia_d_pick_coordinator/package.dsv'
[95.234s] INFO:colcon.colcon_core.shell:Creating package script '/home/Projects/HET/alicia_ws/install/alicia_d_pick_coordinator/share/alicia_d_pick_coordinator/package.sh'
[95.236s] INFO:colcon.colcon_core.shell:Creating package script '/home/Projects/HET/alicia_ws/install/alicia_d_pick_coordinator/share/alicia_d_pick_coordinator/package.bash'
[95.237s] INFO:colcon.colcon_core.shell:Creating package script '/home/Projects/HET/alicia_ws/install/alicia_d_pick_coordinator/share/alicia_d_pick_coordinator/package.zsh'
[95.238s] Level 1:colcon.colcon_core.environment:create_file_with_runtime_dependencies(/home/Projects/HET/alicia_ws/install/alicia_d_pick_coordinator/share/colcon-core/packages/alicia_d_pick_coordinator)
[95.239s] DEBUG:colcon.colcon_parallel_executor.executor.parallel:closing loop
[95.241s] DEBUG:colcon.colcon_parallel_executor.executor.parallel:loop closed
[95.242s] DEBUG:colcon.colcon_parallel_executor.executor.parallel:run_until_complete finished with '0'
[95.242s] DEBUG:colcon.colcon_core.event_reactor:joining thread
[96.048s] INFO:colcon.colcon_core.plugin_system:Skipping extension 'colcon_notification.desktop_notification.notify_send': Could not find 'notify-send'
[96.048s] INFO:colcon.colcon_core.plugin_system:Skipping extension 'colcon_notification.desktop_notification.terminal_notifier': Not used on non-Darwin systems
[96.049s] INFO:colcon.colcon_core.plugin_system:Skipping extension 'colcon_notification.desktop_notification.win32': Not used on non-Windows systems
[96.049s] INFO:colcon.colcon_notification.desktop_notification:Sending desktop notification using 'notify2'
[96.049s] DEBUG:colcon.colcon_notification.desktop_notification.notify2:Failed to initialize notify2: org.freedesktop.DBus.Error.AccessDenied: Failed to connect to socket /run/user/0/bus: Operation not permitted
[96.050s] DEBUG:colcon.colcon_core.event_reactor:joined thread
[96.051s] INFO:colcon.colcon_core.shell:Creating prefix script '/home/Projects/HET/alicia_ws/install/local_setup.ps1'
[96.053s] INFO:colcon.colcon_core.shell:Creating prefix util module '/home/Projects/HET/alicia_ws/install/_local_setup_util_ps1.py'
[96.058s] INFO:colcon.colcon_core.shell:Creating prefix chain script '/home/Projects/HET/alicia_ws/install/setup.ps1'
[96.061s] INFO:colcon.colcon_core.shell:Creating prefix script '/home/Projects/HET/alicia_ws/install/local_setup.sh'
[96.064s] INFO:colcon.colcon_core.shell:Creating prefix util module '/home/Projects/HET/alicia_ws/install/_local_setup_util_sh.py'
[96.066s] INFO:colcon.colcon_core.shell:Creating prefix chain script '/home/Projects/HET/alicia_ws/install/setup.sh'
[96.070s] INFO:colcon.colcon_core.shell:Creating prefix script '/home/Projects/HET/alicia_ws/install/local_setup.bash'
[96.071s] INFO:colcon.colcon_core.shell:Creating prefix chain script '/home/Projects/HET/alicia_ws/install/setup.bash'
[96.074s] INFO:colcon.colcon_core.shell:Creating prefix script '/home/Projects/HET/alicia_ws/install/local_setup.zsh'
[96.075s] INFO:colcon.colcon_core.shell:Creating prefix chain script '/home/Projects/HET/alicia_ws/install/setup.zsh'
