[2.015s] DEBUG:colcon:Command line arguments: ['/usr/bin/colcon', 'build']
[2.016s] DEBUG:colcon:Parsed command line arguments: Namespace(log_base=None, log_level=None, verb_name='build', build_base='build', install_base='install', merge_install=False, symlink_install=False, test_result_base=None, continue_on_error=False, executor='parallel', parallel_workers=20, event_handlers=None, ignore_user_meta=False, metas=['./colcon.meta'], base_paths=['.'], packages_ignore=None, packages_ignore_regex=None, paths=None, packages_up_to=None, packages_up_to_regex=None, packages_above=None, packages_above_and_dependencies=None, packages_above_depth=None, packages_select_by_dep=None, packages_skip_by_dep=None, packages_skip_up_to=None, packages_select_build_failed=False, packages_skip_build_finished=False, packages_select_test_failures=False, packages_skip_test_passed=False, packages_select=None, packages_skip=None, packages_select_regex=None, packages_skip_regex=None, packages_start=None, packages_end=None, allow_overriding=[], cmake_args=None, cmake_target=None, cmake_target_skip_unavailable=False, cmake_clean_cache=False, cmake_clean_first=False, cmake_force_configure=False, ament_cmake_args=None, catkin_cmake_args=None, catkin_skip_building_tests=False, verb_parser=<colcon_defaults.argument_parser.defaults.DefaultArgumentsDecorator object at 0x765b49a13d30>, verb_extension=<colcon_core.verb.build.BuildVerb object at 0x765b49a13820>, main=<bound method BuildVerb.main of <colcon_core.verb.build.BuildVerb object at 0x765b49a13820>>)
[2.350s] Level 1:colcon.colcon_core.package_discovery:discover_packages(colcon_meta) check parameters
[2.350s] Level 1:colcon.colcon_core.package_discovery:discover_packages(recursive) check parameters
[2.351s] Level 1:colcon.colcon_core.package_discovery:discover_packages(ignore) check parameters
[2.351s] Level 1:colcon.colcon_core.package_discovery:discover_packages(path) check parameters
[2.351s] Level 1:colcon.colcon_core.package_discovery:discover_packages(colcon_meta) discover
[2.351s] Level 1:colcon.colcon_core.package_discovery:discover_packages(recursive) discover
[2.351s] INFO:colcon.colcon_core.package_discovery:Crawling recursively for packages in '/home/Projects/HET/alicia_ws'
[2.351s] Level 1:colcon.colcon_core.package_identification:_identify(.) by extensions ['ignore', 'ignore_ament_install']
[2.352s] Level 1:colcon.colcon_core.package_identification:_identify(.) by extension 'ignore'
[2.352s] Level 1:colcon.colcon_core.package_identification:_identify(.) by extension 'ignore_ament_install'
[2.352s] Level 1:colcon.colcon_core.package_identification:_identify(.) by extensions ['colcon_pkg']
[2.352s] Level 1:colcon.colcon_core.package_identification:_identify(.) by extension 'colcon_pkg'
[2.352s] Level 1:colcon.colcon_core.package_identification:_identify(.) by extensions ['colcon_meta']
[2.352s] Level 1:colcon.colcon_core.package_identification:_identify(.) by extension 'colcon_meta'
[2.352s] Level 1:colcon.colcon_core.package_identification:_identify(.) by extensions ['ros']
[2.352s] Level 1:colcon.colcon_core.package_identification:_identify(.) by extension 'ros'
[2.383s] Level 1:colcon.colcon_core.package_identification:_identify(.) by extensions ['cmake', 'python']
[2.383s] Level 1:colcon.colcon_core.package_identification:_identify(.) by extension 'cmake'
[2.384s] Level 1:colcon.colcon_core.package_identification:_identify(.) by extension 'python'
[2.384s] Level 1:colcon.colcon_core.package_identification:_identify(.) by extensions ['python_setup_py']
[2.384s] Level 1:colcon.colcon_core.package_identification:_identify(.) by extension 'python_setup_py'
[2.385s] Level 1:colcon.colcon_core.package_identification:_identify(build) by extensions ['ignore', 'ignore_ament_install']
[2.385s] Level 1:colcon.colcon_core.package_identification:_identify(build) by extension 'ignore'
[2.385s] Level 1:colcon.colcon_core.package_identification:_identify(build) ignored
[2.386s] Level 1:colcon.colcon_core.package_identification:_identify(experiment_logs) by extensions ['ignore', 'ignore_ament_install']
[2.386s] Level 1:colcon.colcon_core.package_identification:_identify(experiment_logs) by extension 'ignore'
[2.387s] Level 1:colcon.colcon_core.package_identification:_identify(experiment_logs) by extension 'ignore_ament_install'
[2.387s] Level 1:colcon.colcon_core.package_identification:_identify(experiment_logs) by extensions ['colcon_pkg']
[2.387s] Level 1:colcon.colcon_core.package_identification:_identify(experiment_logs) by extension 'colcon_pkg'
[2.387s] Level 1:colcon.colcon_core.package_identification:_identify(experiment_logs) by extensions ['colcon_meta']
[2.387s] Level 1:colcon.colcon_core.package_identification:_identify(experiment_logs) by extension 'colcon_meta'
[2.387s] Level 1:colcon.colcon_core.package_identification:_identify(experiment_logs) by extensions ['ros']
[2.388s] Level 1:colcon.colcon_core.package_identification:_identify(experiment_logs) by extension 'ros'
[2.388s] Level 1:colcon.colcon_core.package_identification:_identify(experiment_logs) by extensions ['cmake', 'python']
[2.388s] Level 1:colcon.colcon_core.package_identification:_identify(experiment_logs) by extension 'cmake'
[2.388s] Level 1:colcon.colcon_core.package_identification:_identify(experiment_logs) by extension 'python'
[2.388s] Level 1:colcon.colcon_core.package_identification:_identify(experiment_logs) by extensions ['python_setup_py']
[2.388s] Level 1:colcon.colcon_core.package_identification:_identify(experiment_logs) by extension 'python_setup_py'
[2.389s] Level 1:colcon.colcon_core.package_identification:_identify(experiment_logs/feedback_diagnostics) by extensions ['ignore', 'ignore_ament_install']
[2.389s] Level 1:colcon.colcon_core.package_identification:_identify(experiment_logs/feedback_diagnostics) by extension 'ignore'
[2.389s] Level 1:colcon.colcon_core.package_identification:_identify(experiment_logs/feedback_diagnostics) by extension 'ignore_ament_install'
[2.389s] Level 1:colcon.colcon_core.package_identification:_identify(experiment_logs/feedback_diagnostics) by extensions ['colcon_pkg']
[2.389s] Level 1:colcon.colcon_core.package_identification:_identify(experiment_logs/feedback_diagnostics) by extension 'colcon_pkg'
[2.389s] Level 1:colcon.colcon_core.package_identification:_identify(experiment_logs/feedback_diagnostics) by extensions ['colcon_meta']
[2.389s] Level 1:colcon.colcon_core.package_identification:_identify(experiment_logs/feedback_diagnostics) by extension 'colcon_meta'
[2.390s] Level 1:colcon.colcon_core.package_identification:_identify(experiment_logs/feedback_diagnostics) by extensions ['ros']
[2.390s] Level 1:colcon.colcon_core.package_identification:_identify(experiment_logs/feedback_diagnostics) by extension 'ros'
[2.390s] Level 1:colcon.colcon_core.package_identification:_identify(experiment_logs/feedback_diagnostics) by extensions ['cmake', 'python']
[2.390s] Level 1:colcon.colcon_core.package_identification:_identify(experiment_logs/feedback_diagnostics) by extension 'cmake'
[2.390s] Level 1:colcon.colcon_core.package_identification:_identify(experiment_logs/feedback_diagnostics) by extension 'python'
[2.390s] Level 1:colcon.colcon_core.package_identification:_identify(experiment_logs/feedback_diagnostics) by extensions ['python_setup_py']
[2.390s] Level 1:colcon.colcon_core.package_identification:_identify(experiment_logs/feedback_diagnostics) by extension 'python_setup_py'
[2.391s] Level 1:colcon.colcon_core.package_identification:_identify(experiment_logs/feedback_diagnostics/alicia_feedback_20260530_235550) by extensions ['ignore', 'ignore_ament_install']
[2.391s] Level 1:colcon.colcon_core.package_identification:_identify(experiment_logs/feedback_diagnostics/alicia_feedback_20260530_235550) by extension 'ignore'
[2.391s] Level 1:colcon.colcon_core.package_identification:_identify(experiment_logs/feedback_diagnostics/alicia_feedback_20260530_235550) by extension 'ignore_ament_install'
[2.392s] Level 1:colcon.colcon_core.package_identification:_identify(experiment_logs/feedback_diagnostics/alicia_feedback_20260530_235550) by extensions ['colcon_pkg']
[2.392s] Level 1:colcon.colcon_core.package_identification:_identify(experiment_logs/feedback_diagnostics/alicia_feedback_20260530_235550) by extension 'colcon_pkg'
[2.392s] Level 1:colcon.colcon_core.package_identification:_identify(experiment_logs/feedback_diagnostics/alicia_feedback_20260530_235550) by extensions ['colcon_meta']
[2.392s] Level 1:colcon.colcon_core.package_identification:_identify(experiment_logs/feedback_diagnostics/alicia_feedback_20260530_235550) by extension 'colcon_meta'
[2.392s] Level 1:colcon.colcon_core.package_identification:_identify(experiment_logs/feedback_diagnostics/alicia_feedback_20260530_235550) by extensions ['ros']
[2.392s] Level 1:colcon.colcon_core.package_identification:_identify(experiment_logs/feedback_diagnostics/alicia_feedback_20260530_235550) by extension 'ros'
[2.392s] Level 1:colcon.colcon_core.package_identification:_identify(experiment_logs/feedback_diagnostics/alicia_feedback_20260530_235550) by extensions ['cmake', 'python']
[2.393s] Level 1:colcon.colcon_core.package_identification:_identify(experiment_logs/feedback_diagnostics/alicia_feedback_20260530_235550) by extension 'cmake'
[2.393s] Level 1:colcon.colcon_core.package_identification:_identify(experiment_logs/feedback_diagnostics/alicia_feedback_20260530_235550) by extension 'python'
[2.393s] Level 1:colcon.colcon_core.package_identification:_identify(experiment_logs/feedback_diagnostics/alicia_feedback_20260530_235550) by extensions ['python_setup_py']
[2.393s] Level 1:colcon.colcon_core.package_identification:_identify(experiment_logs/feedback_diagnostics/alicia_feedback_20260530_235550) by extension 'python_setup_py'
[2.393s] Level 1:colcon.colcon_core.package_identification:_identify(experiment_logs/feedback_diagnostics/alicia_feedback_20260531_000949) by extensions ['ignore', 'ignore_ament_install']
[2.394s] Level 1:colcon.colcon_core.package_identification:_identify(experiment_logs/feedback_diagnostics/alicia_feedback_20260531_000949) by extension 'ignore'
[2.394s] Level 1:colcon.colcon_core.package_identification:_identify(experiment_logs/feedback_diagnostics/alicia_feedback_20260531_000949) by extension 'ignore_ament_install'
[2.394s] Level 1:colcon.colcon_core.package_identification:_identify(experiment_logs/feedback_diagnostics/alicia_feedback_20260531_000949) by extensions ['colcon_pkg']
[2.394s] Level 1:colcon.colcon_core.package_identification:_identify(experiment_logs/feedback_diagnostics/alicia_feedback_20260531_000949) by extension 'colcon_pkg'
[2.394s] Level 1:colcon.colcon_core.package_identification:_identify(experiment_logs/feedback_diagnostics/alicia_feedback_20260531_000949) by extensions ['colcon_meta']
[2.395s] Level 1:colcon.colcon_core.package_identification:_identify(experiment_logs/feedback_diagnostics/alicia_feedback_20260531_000949) by extension 'colcon_meta'
[2.395s] Level 1:colcon.colcon_core.package_identification:_identify(experiment_logs/feedback_diagnostics/alicia_feedback_20260531_000949) by extensions ['ros']
[2.395s] Level 1:colcon.colcon_core.package_identification:_identify(experiment_logs/feedback_diagnostics/alicia_feedback_20260531_000949) by extension 'ros'
[2.395s] Level 1:colcon.colcon_core.package_identification:_identify(experiment_logs/feedback_diagnostics/alicia_feedback_20260531_000949) by extensions ['cmake', 'python']
[2.396s] Level 1:colcon.colcon_core.package_identification:_identify(experiment_logs/feedback_diagnostics/alicia_feedback_20260531_000949) by extension 'cmake'
[2.396s] Level 1:colcon.colcon_core.package_identification:_identify(experiment_logs/feedback_diagnostics/alicia_feedback_20260531_000949) by extension 'python'
[2.396s] Level 1:colcon.colcon_core.package_identification:_identify(experiment_logs/feedback_diagnostics/alicia_feedback_20260531_000949) by extensions ['python_setup_py']
[2.396s] Level 1:colcon.colcon_core.package_identification:_identify(experiment_logs/feedback_diagnostics/alicia_feedback_20260531_000949) by extension 'python_setup_py'
[2.396s] Level 1:colcon.colcon_core.package_identification:_identify(experiment_logs/feedback_diagnostics/alicia_feedback_20260602_154605) by extensions ['ignore', 'ignore_ament_install']
[2.397s] Level 1:colcon.colcon_core.package_identification:_identify(experiment_logs/feedback_diagnostics/alicia_feedback_20260602_154605) by extension 'ignore'
[2.397s] Level 1:colcon.colcon_core.package_identification:_identify(experiment_logs/feedback_diagnostics/alicia_feedback_20260602_154605) by extension 'ignore_ament_install'
[2.397s] Level 1:colcon.colcon_core.package_identification:_identify(experiment_logs/feedback_diagnostics/alicia_feedback_20260602_154605) by extensions ['colcon_pkg']
[2.397s] Level 1:colcon.colcon_core.package_identification:_identify(experiment_logs/feedback_diagnostics/alicia_feedback_20260602_154605) by extension 'colcon_pkg'
[2.397s] Level 1:colcon.colcon_core.package_identification:_identify(experiment_logs/feedback_diagnostics/alicia_feedback_20260602_154605) by extensions ['colcon_meta']
[2.397s] Level 1:colcon.colcon_core.package_identification:_identify(experiment_logs/feedback_diagnostics/alicia_feedback_20260602_154605) by extension 'colcon_meta'
[2.398s] Level 1:colcon.colcon_core.package_identification:_identify(experiment_logs/feedback_diagnostics/alicia_feedback_20260602_154605) by extensions ['ros']
[2.398s] Level 1:colcon.colcon_core.package_identification:_identify(experiment_logs/feedback_diagnostics/alicia_feedback_20260602_154605) by extension 'ros'
[2.398s] Level 1:colcon.colcon_core.package_identification:_identify(experiment_logs/feedback_diagnostics/alicia_feedback_20260602_154605) by extensions ['cmake', 'python']
[2.398s] Level 1:colcon.colcon_core.package_identification:_identify(experiment_logs/feedback_diagnostics/alicia_feedback_20260602_154605) by extension 'cmake'
[2.398s] Level 1:colcon.colcon_core.package_identification:_identify(experiment_logs/feedback_diagnostics/alicia_feedback_20260602_154605) by extension 'python'
[2.398s] Level 1:colcon.colcon_core.package_identification:_identify(experiment_logs/feedback_diagnostics/alicia_feedback_20260602_154605) by extensions ['python_setup_py']
[2.398s] Level 1:colcon.colcon_core.package_identification:_identify(experiment_logs/feedback_diagnostics/alicia_feedback_20260602_154605) by extension 'python_setup_py'
[2.399s] Level 1:colcon.colcon_core.package_identification:_identify(experiment_logs/feedback_diagnostics/alicia_feedback_20260602_154702) by extensions ['ignore', 'ignore_ament_install']
[2.399s] Level 1:colcon.colcon_core.package_identification:_identify(experiment_logs/feedback_diagnostics/alicia_feedback_20260602_154702) by extension 'ignore'
[2.399s] Level 1:colcon.colcon_core.package_identification:_identify(experiment_logs/feedback_diagnostics/alicia_feedback_20260602_154702) by extension 'ignore_ament_install'
[2.399s] Level 1:colcon.colcon_core.package_identification:_identify(experiment_logs/feedback_diagnostics/alicia_feedback_20260602_154702) by extensions ['colcon_pkg']
[2.399s] Level 1:colcon.colcon_core.package_identification:_identify(experiment_logs/feedback_diagnostics/alicia_feedback_20260602_154702) by extension 'colcon_pkg'
[2.399s] Level 1:colcon.colcon_core.package_identification:_identify(experiment_logs/feedback_diagnostics/alicia_feedback_20260602_154702) by extensions ['colcon_meta']
[2.400s] Level 1:colcon.colcon_core.package_identification:_identify(experiment_logs/feedback_diagnostics/alicia_feedback_20260602_154702) by extension 'colcon_meta'
[2.400s] Level 1:colcon.colcon_core.package_identification:_identify(experiment_logs/feedback_diagnostics/alicia_feedback_20260602_154702) by extensions ['ros']
[2.400s] Level 1:colcon.colcon_core.package_identification:_identify(experiment_logs/feedback_diagnostics/alicia_feedback_20260602_154702) by extension 'ros'
[2.400s] Level 1:colcon.colcon_core.package_identification:_identify(experiment_logs/feedback_diagnostics/alicia_feedback_20260602_154702) by extensions ['cmake', 'python']
[2.400s] Level 1:colcon.colcon_core.package_identification:_identify(experiment_logs/feedback_diagnostics/alicia_feedback_20260602_154702) by extension 'cmake'
[2.400s] Level 1:colcon.colcon_core.package_identification:_identify(experiment_logs/feedback_diagnostics/alicia_feedback_20260602_154702) by extension 'python'
[2.401s] Level 1:colcon.colcon_core.package_identification:_identify(experiment_logs/feedback_diagnostics/alicia_feedback_20260602_154702) by extensions ['python_setup_py']
[2.401s] Level 1:colcon.colcon_core.package_identification:_identify(experiment_logs/feedback_diagnostics/alicia_feedback_20260602_154702) by extension 'python_setup_py'
[2.401s] Level 1:colcon.colcon_core.package_identification:_identify(experiment_logs/feedback_diagnostics/alicia_feedback_20260602_154723) by extensions ['ignore', 'ignore_ament_install']
[2.402s] Level 1:colcon.colcon_core.package_identification:_identify(experiment_logs/feedback_diagnostics/alicia_feedback_20260602_154723) by extension 'ignore'
[2.402s] Level 1:colcon.colcon_core.package_identification:_identify(experiment_logs/feedback_diagnostics/alicia_feedback_20260602_154723) by extension 'ignore_ament_install'
[2.402s] Level 1:colcon.colcon_core.package_identification:_identify(experiment_logs/feedback_diagnostics/alicia_feedback_20260602_154723) by extensions ['colcon_pkg']
[2.402s] Level 1:colcon.colcon_core.package_identification:_identify(experiment_logs/feedback_diagnostics/alicia_feedback_20260602_154723) by extension 'colcon_pkg'
[2.402s] Level 1:colcon.colcon_core.package_identification:_identify(experiment_logs/feedback_diagnostics/alicia_feedback_20260602_154723) by extensions ['colcon_meta']
[2.402s] Level 1:colcon.colcon_core.package_identification:_identify(experiment_logs/feedback_diagnostics/alicia_feedback_20260602_154723) by extension 'colcon_meta'
[2.403s] Level 1:colcon.colcon_core.package_identification:_identify(experiment_logs/feedback_diagnostics/alicia_feedback_20260602_154723) by extensions ['ros']
[2.403s] Level 1:colcon.colcon_core.package_identification:_identify(experiment_logs/feedback_diagnostics/alicia_feedback_20260602_154723) by extension 'ros'
[2.403s] Level 1:colcon.colcon_core.package_identification:_identify(experiment_logs/feedback_diagnostics/alicia_feedback_20260602_154723) by extensions ['cmake', 'python']
[2.403s] Level 1:colcon.colcon_core.package_identification:_identify(experiment_logs/feedback_diagnostics/alicia_feedback_20260602_154723) by extension 'cmake'
[2.403s] Level 1:colcon.colcon_core.package_identification:_identify(experiment_logs/feedback_diagnostics/alicia_feedback_20260602_154723) by extension 'python'
[2.404s] Level 1:colcon.colcon_core.package_identification:_identify(experiment_logs/feedback_diagnostics/alicia_feedback_20260602_154723) by extensions ['python_setup_py']
[2.404s] Level 1:colcon.colcon_core.package_identification:_identify(experiment_logs/feedback_diagnostics/alicia_feedback_20260602_154723) by extension 'python_setup_py'
[2.404s] Level 1:colcon.colcon_core.package_identification:_identify(experiment_logs/feedback_diagnostics/alicia_feedback_20260602_160741) by extensions ['ignore', 'ignore_ament_install']
[2.404s] Level 1:colcon.colcon_core.package_identification:_identify(experiment_logs/feedback_diagnostics/alicia_feedback_20260602_160741) by extension 'ignore'
[2.405s] Level 1:colcon.colcon_core.package_identification:_identify(experiment_logs/feedback_diagnostics/alicia_feedback_20260602_160741) by extension 'ignore_ament_install'
[2.405s] Level 1:colcon.colcon_core.package_identification:_identify(experiment_logs/feedback_diagnostics/alicia_feedback_20260602_160741) by extensions ['colcon_pkg']
[2.405s] Level 1:colcon.colcon_core.package_identification:_identify(experiment_logs/feedback_diagnostics/alicia_feedback_20260602_160741) by extension 'colcon_pkg'
[2.405s] Level 1:colcon.colcon_core.package_identification:_identify(experiment_logs/feedback_diagnostics/alicia_feedback_20260602_160741) by extensions ['colcon_meta']
[2.405s] Level 1:colcon.colcon_core.package_identification:_identify(experiment_logs/feedback_diagnostics/alicia_feedback_20260602_160741) by extension 'colcon_meta'
[2.406s] Level 1:colcon.colcon_core.package_identification:_identify(experiment_logs/feedback_diagnostics/alicia_feedback_20260602_160741) by extensions ['ros']
[2.406s] Level 1:colcon.colcon_core.package_identification:_identify(experiment_logs/feedback_diagnostics/alicia_feedback_20260602_160741) by extension 'ros'
[2.406s] Level 1:colcon.colcon_core.package_identification:_identify(experiment_logs/feedback_diagnostics/alicia_feedback_20260602_160741) by extensions ['cmake', 'python']
[2.406s] Level 1:colcon.colcon_core.package_identification:_identify(experiment_logs/feedback_diagnostics/alicia_feedback_20260602_160741) by extension 'cmake'
[2.406s] Level 1:colcon.colcon_core.package_identification:_identify(experiment_logs/feedback_diagnostics/alicia_feedback_20260602_160741) by extension 'python'
[2.406s] Level 1:colcon.colcon_core.package_identification:_identify(experiment_logs/feedback_diagnostics/alicia_feedback_20260602_160741) by extensions ['python_setup_py']
[2.406s] Level 1:colcon.colcon_core.package_identification:_identify(experiment_logs/feedback_diagnostics/alicia_feedback_20260602_160741) by extension 'python_setup_py'
[2.407s] Level 1:colcon.colcon_core.package_identification:_identify(experiment_logs/feedback_diagnostics/alicia_feedback_20260602_160914) by extensions ['ignore', 'ignore_ament_install']
[2.407s] Level 1:colcon.colcon_core.package_identification:_identify(experiment_logs/feedback_diagnostics/alicia_feedback_20260602_160914) by extension 'ignore'
[2.407s] Level 1:colcon.colcon_core.package_identification:_identify(experiment_logs/feedback_diagnostics/alicia_feedback_20260602_160914) by extension 'ignore_ament_install'
[2.407s] Level 1:colcon.colcon_core.package_identification:_identify(experiment_logs/feedback_diagnostics/alicia_feedback_20260602_160914) by extensions ['colcon_pkg']
[2.407s] Level 1:colcon.colcon_core.package_identification:_identify(experiment_logs/feedback_diagnostics/alicia_feedback_20260602_160914) by extension 'colcon_pkg'
[2.407s] Level 1:colcon.colcon_core.package_identification:_identify(experiment_logs/feedback_diagnostics/alicia_feedback_20260602_160914) by extensions ['colcon_meta']
[2.408s] Level 1:colcon.colcon_core.package_identification:_identify(experiment_logs/feedback_diagnostics/alicia_feedback_20260602_160914) by extension 'colcon_meta'
[2.408s] Level 1:colcon.colcon_core.package_identification:_identify(experiment_logs/feedback_diagnostics/alicia_feedback_20260602_160914) by extensions ['ros']
[2.408s] Level 1:colcon.colcon_core.package_identification:_identify(experiment_logs/feedback_diagnostics/alicia_feedback_20260602_160914) by extension 'ros'
[2.408s] Level 1:colcon.colcon_core.package_identification:_identify(experiment_logs/feedback_diagnostics/alicia_feedback_20260602_160914) by extensions ['cmake', 'python']
[2.408s] Level 1:colcon.colcon_core.package_identification:_identify(experiment_logs/feedback_diagnostics/alicia_feedback_20260602_160914) by extension 'cmake'
[2.408s] Level 1:colcon.colcon_core.package_identification:_identify(experiment_logs/feedback_diagnostics/alicia_feedback_20260602_160914) by extension 'python'
[2.408s] Level 1:colcon.colcon_core.package_identification:_identify(experiment_logs/feedback_diagnostics/alicia_feedback_20260602_160914) by extensions ['python_setup_py']
[2.408s] Level 1:colcon.colcon_core.package_identification:_identify(experiment_logs/feedback_diagnostics/alicia_feedback_20260602_160914) by extension 'python_setup_py'
[2.409s] Level 1:colcon.colcon_core.package_identification:_identify(experiment_logs/feedback_diagnostics/alicia_feedback_20260602_161215) by extensions ['ignore', 'ignore_ament_install']
[2.409s] Level 1:colcon.colcon_core.package_identification:_identify(experiment_logs/feedback_diagnostics/alicia_feedback_20260602_161215) by extension 'ignore'
[2.409s] Level 1:colcon.colcon_core.package_identification:_identify(experiment_logs/feedback_diagnostics/alicia_feedback_20260602_161215) by extension 'ignore_ament_install'
[2.410s] Level 1:colcon.colcon_core.package_identification:_identify(experiment_logs/feedback_diagnostics/alicia_feedback_20260602_161215) by extensions ['colcon_pkg']
[2.410s] Level 1:colcon.colcon_core.package_identification:_identify(experiment_logs/feedback_diagnostics/alicia_feedback_20260602_161215) by extension 'colcon_pkg'
[2.410s] Level 1:colcon.colcon_core.package_identification:_identify(experiment_logs/feedback_diagnostics/alicia_feedback_20260602_161215) by extensions ['colcon_meta']
[2.410s] Level 1:colcon.colcon_core.package_identification:_identify(experiment_logs/feedback_diagnostics/alicia_feedback_20260602_161215) by extension 'colcon_meta'
[2.410s] Level 1:colcon.colcon_core.package_identification:_identify(experiment_logs/feedback_diagnostics/alicia_feedback_20260602_161215) by extensions ['ros']
[2.410s] Level 1:colcon.colcon_core.package_identification:_identify(experiment_logs/feedback_diagnostics/alicia_feedback_20260602_161215) by extension 'ros'
[2.410s] Level 1:colcon.colcon_core.package_identification:_identify(experiment_logs/feedback_diagnostics/alicia_feedback_20260602_161215) by extensions ['cmake', 'python']
[2.411s] Level 1:colcon.colcon_core.package_identification:_identify(experiment_logs/feedback_diagnostics/alicia_feedback_20260602_161215) by extension 'cmake'
[2.411s] Level 1:colcon.colcon_core.package_identification:_identify(experiment_logs/feedback_diagnostics/alicia_feedback_20260602_161215) by extension 'python'
[2.411s] Level 1:colcon.colcon_core.package_identification:_identify(experiment_logs/feedback_diagnostics/alicia_feedback_20260602_161215) by extensions ['python_setup_py']
[2.411s] Level 1:colcon.colcon_core.package_identification:_identify(experiment_logs/feedback_diagnostics/alicia_feedback_20260602_161215) by extension 'python_setup_py'
[2.411s] Level 1:colcon.colcon_core.package_identification:_identify(experiment_logs/feedback_diagnostics/alicia_feedback_20260602_161500) by extensions ['ignore', 'ignore_ament_install']
[2.411s] Level 1:colcon.colcon_core.package_identification:_identify(experiment_logs/feedback_diagnostics/alicia_feedback_20260602_161500) by extension 'ignore'
[2.411s] Level 1:colcon.colcon_core.package_identification:_identify(experiment_logs/feedback_diagnostics/alicia_feedback_20260602_161500) by extension 'ignore_ament_install'
[2.412s] Level 1:colcon.colcon_core.package_identification:_identify(experiment_logs/feedback_diagnostics/alicia_feedback_20260602_161500) by extensions ['colcon_pkg']
[2.412s] Level 1:colcon.colcon_core.package_identification:_identify(experiment_logs/feedback_diagnostics/alicia_feedback_20260602_161500) by extension 'colcon_pkg'
[2.412s] Level 1:colcon.colcon_core.package_identification:_identify(experiment_logs/feedback_diagnostics/alicia_feedback_20260602_161500) by extensions ['colcon_meta']
[2.412s] Level 1:colcon.colcon_core.package_identification:_identify(experiment_logs/feedback_diagnostics/alicia_feedback_20260602_161500) by extension 'colcon_meta'
[2.412s] Level 1:colcon.colcon_core.package_identification:_identify(experiment_logs/feedback_diagnostics/alicia_feedback_20260602_161500) by extensions ['ros']
[2.412s] Level 1:colcon.colcon_core.package_identification:_identify(experiment_logs/feedback_diagnostics/alicia_feedback_20260602_161500) by extension 'ros'
[2.412s] Level 1:colcon.colcon_core.package_identification:_identify(experiment_logs/feedback_diagnostics/alicia_feedback_20260602_161500) by extensions ['cmake', 'python']
[2.412s] Level 1:colcon.colcon_core.package_identification:_identify(experiment_logs/feedback_diagnostics/alicia_feedback_20260602_161500) by extension 'cmake'
[2.413s] Level 1:colcon.colcon_core.package_identification:_identify(experiment_logs/feedback_diagnostics/alicia_feedback_20260602_161500) by extension 'python'
[2.413s] Level 1:colcon.colcon_core.package_identification:_identify(experiment_logs/feedback_diagnostics/alicia_feedback_20260602_161500) by extensions ['python_setup_py']
[2.413s] Level 1:colcon.colcon_core.package_identification:_identify(experiment_logs/feedback_diagnostics/alicia_feedback_20260602_161500) by extension 'python_setup_py'
[2.413s] Level 1:colcon.colcon_core.package_identification:_identify(experiment_logs/feedback_diagnostics/alicia_feedback_20260602_161548) by extensions ['ignore', 'ignore_ament_install']
[2.413s] Level 1:colcon.colcon_core.package_identification:_identify(experiment_logs/feedback_diagnostics/alicia_feedback_20260602_161548) by extension 'ignore'
[2.414s] Level 1:colcon.colcon_core.package_identification:_identify(experiment_logs/feedback_diagnostics/alicia_feedback_20260602_161548) by extension 'ignore_ament_install'
[2.414s] Level 1:colcon.colcon_core.package_identification:_identify(experiment_logs/feedback_diagnostics/alicia_feedback_20260602_161548) by extensions ['colcon_pkg']
[2.414s] Level 1:colcon.colcon_core.package_identification:_identify(experiment_logs/feedback_diagnostics/alicia_feedback_20260602_161548) by extension 'colcon_pkg'
[2.414s] Level 1:colcon.colcon_core.package_identification:_identify(experiment_logs/feedback_diagnostics/alicia_feedback_20260602_161548) by extensions ['colcon_meta']
[2.414s] Level 1:colcon.colcon_core.package_identification:_identify(experiment_logs/feedback_diagnostics/alicia_feedback_20260602_161548) by extension 'colcon_meta'
[2.414s] Level 1:colcon.colcon_core.package_identification:_identify(experiment_logs/feedback_diagnostics/alicia_feedback_20260602_161548) by extensions ['ros']
[2.414s] Level 1:colcon.colcon_core.package_identification:_identify(experiment_logs/feedback_diagnostics/alicia_feedback_20260602_161548) by extension 'ros'
[2.414s] Level 1:colcon.colcon_core.package_identification:_identify(experiment_logs/feedback_diagnostics/alicia_feedback_20260602_161548) by extensions ['cmake', 'python']
[2.414s] Level 1:colcon.colcon_core.package_identification:_identify(experiment_logs/feedback_diagnostics/alicia_feedback_20260602_161548) by extension 'cmake'
[2.415s] Level 1:colcon.colcon_core.package_identification:_identify(experiment_logs/feedback_diagnostics/alicia_feedback_20260602_161548) by extension 'python'
[2.415s] Level 1:colcon.colcon_core.package_identification:_identify(experiment_logs/feedback_diagnostics/alicia_feedback_20260602_161548) by extensions ['python_setup_py']
[2.415s] Level 1:colcon.colcon_core.package_identification:_identify(experiment_logs/feedback_diagnostics/alicia_feedback_20260602_161548) by extension 'python_setup_py'
[2.415s] Level 1:colcon.colcon_core.package_identification:_identify(experiment_logs/feedback_diagnostics/alicia_feedback_20260602_170312) by extensions ['ignore', 'ignore_ament_install']
[2.415s] Level 1:colcon.colcon_core.package_identification:_identify(experiment_logs/feedback_diagnostics/alicia_feedback_20260602_170312) by extension 'ignore'
[2.415s] Level 1:colcon.colcon_core.package_identification:_identify(experiment_logs/feedback_diagnostics/alicia_feedback_20260602_170312) by extension 'ignore_ament_install'
[2.415s] Level 1:colcon.colcon_core.package_identification:_identify(experiment_logs/feedback_diagnostics/alicia_feedback_20260602_170312) by extensions ['colcon_pkg']
[2.415s] Level 1:colcon.colcon_core.package_identification:_identify(experiment_logs/feedback_diagnostics/alicia_feedback_20260602_170312) by extension 'colcon_pkg'
[2.416s] Level 1:colcon.colcon_core.package_identification:_identify(experiment_logs/feedback_diagnostics/alicia_feedback_20260602_170312) by extensions ['colcon_meta']
[2.416s] Level 1:colcon.colcon_core.package_identification:_identify(experiment_logs/feedback_diagnostics/alicia_feedback_20260602_170312) by extension 'colcon_meta'
[2.416s] Level 1:colcon.colcon_core.package_identification:_identify(experiment_logs/feedback_diagnostics/alicia_feedback_20260602_170312) by extensions ['ros']
[2.416s] Level 1:colcon.colcon_core.package_identification:_identify(experiment_logs/feedback_diagnostics/alicia_feedback_20260602_170312) by extension 'ros'
[2.416s] Level 1:colcon.colcon_core.package_identification:_identify(experiment_logs/feedback_diagnostics/alicia_feedback_20260602_170312) by extensions ['cmake', 'python']
[2.416s] Level 1:colcon.colcon_core.package_identification:_identify(experiment_logs/feedback_diagnostics/alicia_feedback_20260602_170312) by extension 'cmake'
[2.416s] Level 1:colcon.colcon_core.package_identification:_identify(experiment_logs/feedback_diagnostics/alicia_feedback_20260602_170312) by extension 'python'
[2.416s] Level 1:colcon.colcon_core.package_identification:_identify(experiment_logs/feedback_diagnostics/alicia_feedback_20260602_170312) by extensions ['python_setup_py']
[2.417s] Level 1:colcon.colcon_core.package_identification:_identify(experiment_logs/feedback_diagnostics/alicia_feedback_20260602_170312) by extension 'python_setup_py'
[2.417s] Level 1:colcon.colcon_core.package_identification:_identify(experiment_logs/feedback_motion) by extensions ['ignore', 'ignore_ament_install']
[2.417s] Level 1:colcon.colcon_core.package_identification:_identify(experiment_logs/feedback_motion) by extension 'ignore'
[2.417s] Level 1:colcon.colcon_core.package_identification:_identify(experiment_logs/feedback_motion) by extension 'ignore_ament_install'
[2.417s] Level 1:colcon.colcon_core.package_identification:_identify(experiment_logs/feedback_motion) by extensions ['colcon_pkg']
[2.417s] Level 1:colcon.colcon_core.package_identification:_identify(experiment_logs/feedback_motion) by extension 'colcon_pkg'
[2.417s] Level 1:colcon.colcon_core.package_identification:_identify(experiment_logs/feedback_motion) by extensions ['colcon_meta']
[2.418s] Level 1:colcon.colcon_core.package_identification:_identify(experiment_logs/feedback_motion) by extension 'colcon_meta'
[2.418s] Level 1:colcon.colcon_core.package_identification:_identify(experiment_logs/feedback_motion) by extensions ['ros']
[2.418s] Level 1:colcon.colcon_core.package_identification:_identify(experiment_logs/feedback_motion) by extension 'ros'
[2.418s] Level 1:colcon.colcon_core.package_identification:_identify(experiment_logs/feedback_motion) by extensions ['cmake', 'python']
[2.418s] Level 1:colcon.colcon_core.package_identification:_identify(experiment_logs/feedback_motion) by extension 'cmake'
[2.418s] Level 1:colcon.colcon_core.package_identification:_identify(experiment_logs/feedback_motion) by extension 'python'
[2.418s] Level 1:colcon.colcon_core.package_identification:_identify(experiment_logs/feedback_motion) by extensions ['python_setup_py']
[2.418s] Level 1:colcon.colcon_core.package_identification:_identify(experiment_logs/feedback_motion) by extension 'python_setup_py'
[2.419s] Level 1:colcon.colcon_core.package_identification:_identify(experiment_logs/feedback_motion/tiny_feedback_motion_20260531_210724_current_gripper_state) by extensions ['ignore', 'ignore_ament_install']
[2.419s] Level 1:colcon.colcon_core.package_identification:_identify(experiment_logs/feedback_motion/tiny_feedback_motion_20260531_210724_current_gripper_state) by extension 'ignore'
[2.419s] Level 1:colcon.colcon_core.package_identification:_identify(experiment_logs/feedback_motion/tiny_feedback_motion_20260531_210724_current_gripper_state) by extension 'ignore_ament_install'
[2.419s] Level 1:colcon.colcon_core.package_identification:_identify(experiment_logs/feedback_motion/tiny_feedback_motion_20260531_210724_current_gripper_state) by extensions ['colcon_pkg']
[2.419s] Level 1:colcon.colcon_core.package_identification:_identify(experiment_logs/feedback_motion/tiny_feedback_motion_20260531_210724_current_gripper_state) by extension 'colcon_pkg'
[2.420s] Level 1:colcon.colcon_core.package_identification:_identify(experiment_logs/feedback_motion/tiny_feedback_motion_20260531_210724_current_gripper_state) by extensions ['colcon_meta']
[2.420s] Level 1:colcon.colcon_core.package_identification:_identify(experiment_logs/feedback_motion/tiny_feedback_motion_20260531_210724_current_gripper_state) by extension 'colcon_meta'
[2.420s] Level 1:colcon.colcon_core.package_identification:_identify(experiment_logs/feedback_motion/tiny_feedback_motion_20260531_210724_current_gripper_state) by extensions ['ros']
[2.420s] Level 1:colcon.colcon_core.package_identification:_identify(experiment_logs/feedback_motion/tiny_feedback_motion_20260531_210724_current_gripper_state) by extension 'ros'
[2.420s] Level 1:colcon.colcon_core.package_identification:_identify(experiment_logs/feedback_motion/tiny_feedback_motion_20260531_210724_current_gripper_state) by extensions ['cmake', 'python']
[2.421s] Level 1:colcon.colcon_core.package_identification:_identify(experiment_logs/feedback_motion/tiny_feedback_motion_20260531_210724_current_gripper_state) by extension 'cmake'
[2.421s] Level 1:colcon.colcon_core.package_identification:_identify(experiment_logs/feedback_motion/tiny_feedback_motion_20260531_210724_current_gripper_state) by extension 'python'
[2.421s] Level 1:colcon.colcon_core.package_identification:_identify(experiment_logs/feedback_motion/tiny_feedback_motion_20260531_210724_current_gripper_state) by extensions ['python_setup_py']
[2.422s] Level 1:colcon.colcon_core.package_identification:_identify(experiment_logs/feedback_motion/tiny_feedback_motion_20260531_210724_current_gripper_state) by extension 'python_setup_py'
[2.422s] Level 1:colcon.colcon_core.package_identification:_identify(experiment_logs/gripper_debug_state) by extensions ['ignore', 'ignore_ament_install']
[2.422s] Level 1:colcon.colcon_core.package_identification:_identify(experiment_logs/gripper_debug_state) by extension 'ignore'
[2.422s] Level 1:colcon.colcon_core.package_identification:_identify(experiment_logs/gripper_debug_state) by extension 'ignore_ament_install'
[2.423s] Level 1:colcon.colcon_core.package_identification:_identify(experiment_logs/gripper_debug_state) by extensions ['colcon_pkg']
[2.423s] Level 1:colcon.colcon_core.package_identification:_identify(experiment_logs/gripper_debug_state) by extension 'colcon_pkg'
[2.423s] Level 1:colcon.colcon_core.package_identification:_identify(experiment_logs/gripper_debug_state) by extensions ['colcon_meta']
[2.423s] Level 1:colcon.colcon_core.package_identification:_identify(experiment_logs/gripper_debug_state) by extension 'colcon_meta'
[2.423s] Level 1:colcon.colcon_core.package_identification:_identify(experiment_logs/gripper_debug_state) by extensions ['ros']
[2.423s] Level 1:colcon.colcon_core.package_identification:_identify(experiment_logs/gripper_debug_state) by extension 'ros'
[2.424s] Level 1:colcon.colcon_core.package_identification:_identify(experiment_logs/gripper_debug_state) by extensions ['cmake', 'python']
[2.424s] Level 1:colcon.colcon_core.package_identification:_identify(experiment_logs/gripper_debug_state) by extension 'cmake'
[2.424s] Level 1:colcon.colcon_core.package_identification:_identify(experiment_logs/gripper_debug_state) by extension 'python'
[2.424s] Level 1:colcon.colcon_core.package_identification:_identify(experiment_logs/gripper_debug_state) by extensions ['python_setup_py']
[2.424s] Level 1:colcon.colcon_core.package_identification:_identify(experiment_logs/gripper_debug_state) by extension 'python_setup_py'
[2.425s] Level 1:colcon.colcon_core.package_identification:_identify(experiment_logs/gripper_debug_state/gripper_debug_20260604_143305) by extensions ['ignore', 'ignore_ament_install']
[2.425s] Level 1:colcon.colcon_core.package_identification:_identify(experiment_logs/gripper_debug_state/gripper_debug_20260604_143305) by extension 'ignore'
[2.426s] Level 1:colcon.colcon_core.package_identification:_identify(experiment_logs/gripper_debug_state/gripper_debug_20260604_143305) by extension 'ignore_ament_install'
[2.427s] Level 1:colcon.colcon_core.package_identification:_identify(experiment_logs/gripper_debug_state/gripper_debug_20260604_143305) by extensions ['colcon_pkg']
[2.427s] Level 1:colcon.colcon_core.package_identification:_identify(experiment_logs/gripper_debug_state/gripper_debug_20260604_143305) by extension 'colcon_pkg'
[2.427s] Level 1:colcon.colcon_core.package_identification:_identify(experiment_logs/gripper_debug_state/gripper_debug_20260604_143305) by extensions ['colcon_meta']
[2.427s] Level 1:colcon.colcon_core.package_identification:_identify(experiment_logs/gripper_debug_state/gripper_debug_20260604_143305) by extension 'colcon_meta'
[2.427s] Level 1:colcon.colcon_core.package_identification:_identify(experiment_logs/gripper_debug_state/gripper_debug_20260604_143305) by extensions ['ros']
[2.427s] Level 1:colcon.colcon_core.package_identification:_identify(experiment_logs/gripper_debug_state/gripper_debug_20260604_143305) by extension 'ros'
[2.427s] Level 1:colcon.colcon_core.package_identification:_identify(experiment_logs/gripper_debug_state/gripper_debug_20260604_143305) by extensions ['cmake', 'python']
[2.428s] Level 1:colcon.colcon_core.package_identification:_identify(experiment_logs/gripper_debug_state/gripper_debug_20260604_143305) by extension 'cmake'
[2.428s] Level 1:colcon.colcon_core.package_identification:_identify(experiment_logs/gripper_debug_state/gripper_debug_20260604_143305) by extension 'python'
[2.428s] Level 1:colcon.colcon_core.package_identification:_identify(experiment_logs/gripper_debug_state/gripper_debug_20260604_143305) by extensions ['python_setup_py']
[2.428s] Level 1:colcon.colcon_core.package_identification:_identify(experiment_logs/gripper_debug_state/gripper_debug_20260604_143305) by extension 'python_setup_py'
[2.428s] Level 1:colcon.colcon_core.package_identification:_identify(experiment_logs/gripper_debug_state/gripper_debug_20260604_150215) by extensions ['ignore', 'ignore_ament_install']
[2.429s] Level 1:colcon.colcon_core.package_identification:_identify(experiment_logs/gripper_debug_state/gripper_debug_20260604_150215) by extension 'ignore'
[2.429s] Level 1:colcon.colcon_core.package_identification:_identify(experiment_logs/gripper_debug_state/gripper_debug_20260604_150215) by extension 'ignore_ament_install'
[2.429s] Level 1:colcon.colcon_core.package_identification:_identify(experiment_logs/gripper_debug_state/gripper_debug_20260604_150215) by extensions ['colcon_pkg']
[2.429s] Level 1:colcon.colcon_core.package_identification:_identify(experiment_logs/gripper_debug_state/gripper_debug_20260604_150215) by extension 'colcon_pkg'
[2.429s] Level 1:colcon.colcon_core.package_identification:_identify(experiment_logs/gripper_debug_state/gripper_debug_20260604_150215) by extensions ['colcon_meta']
[2.429s] Level 1:colcon.colcon_core.package_identification:_identify(experiment_logs/gripper_debug_state/gripper_debug_20260604_150215) by extension 'colcon_meta'
[2.429s] Level 1:colcon.colcon_core.package_identification:_identify(experiment_logs/gripper_debug_state/gripper_debug_20260604_150215) by extensions ['ros']
[2.429s] Level 1:colcon.colcon_core.package_identification:_identify(experiment_logs/gripper_debug_state/gripper_debug_20260604_150215) by extension 'ros'
[2.429s] Level 1:colcon.colcon_core.package_identification:_identify(experiment_logs/gripper_debug_state/gripper_debug_20260604_150215) by extensions ['cmake', 'python']
[2.430s] Level 1:colcon.colcon_core.package_identification:_identify(experiment_logs/gripper_debug_state/gripper_debug_20260604_150215) by extension 'cmake'
[2.430s] Level 1:colcon.colcon_core.package_identification:_identify(experiment_logs/gripper_debug_state/gripper_debug_20260604_150215) by extension 'python'
[2.430s] Level 1:colcon.colcon_core.package_identification:_identify(experiment_logs/gripper_debug_state/gripper_debug_20260604_150215) by extensions ['python_setup_py']
[2.430s] Level 1:colcon.colcon_core.package_identification:_identify(experiment_logs/gripper_debug_state/gripper_debug_20260604_150215) by extension 'python_setup_py'
[2.430s] Level 1:colcon.colcon_core.package_identification:_identify(experiment_logs/gripper_debug_state/gripper_debug_20260604_150713) by extensions ['ignore', 'ignore_ament_install']
[2.431s] Level 1:colcon.colcon_core.package_identification:_identify(experiment_logs/gripper_debug_state/gripper_debug_20260604_150713) by extension 'ignore'
[2.431s] Level 1:colcon.colcon_core.package_identification:_identify(experiment_logs/gripper_debug_state/gripper_debug_20260604_150713) by extension 'ignore_ament_install'
[2.431s] Level 1:colcon.colcon_core.package_identification:_identify(experiment_logs/gripper_debug_state/gripper_debug_20260604_150713) by extensions ['colcon_pkg']
[2.431s] Level 1:colcon.colcon_core.package_identification:_identify(experiment_logs/gripper_debug_state/gripper_debug_20260604_150713) by extension 'colcon_pkg'
[2.431s] Level 1:colcon.colcon_core.package_identification:_identify(experiment_logs/gripper_debug_state/gripper_debug_20260604_150713) by extensions ['colcon_meta']
[2.432s] Level 1:colcon.colcon_core.package_identification:_identify(experiment_logs/gripper_debug_state/gripper_debug_20260604_150713) by extension 'colcon_meta'
[2.432s] Level 1:colcon.colcon_core.package_identification:_identify(experiment_logs/gripper_debug_state/gripper_debug_20260604_150713) by extensions ['ros']
[2.432s] Level 1:colcon.colcon_core.package_identification:_identify(experiment_logs/gripper_debug_state/gripper_debug_20260604_150713) by extension 'ros'
[2.432s] Level 1:colcon.colcon_core.package_identification:_identify(experiment_logs/gripper_debug_state/gripper_debug_20260604_150713) by extensions ['cmake', 'python']
[2.432s] Level 1:colcon.colcon_core.package_identification:_identify(experiment_logs/gripper_debug_state/gripper_debug_20260604_150713) by extension 'cmake'
[2.432s] Level 1:colcon.colcon_core.package_identification:_identify(experiment_logs/gripper_debug_state/gripper_debug_20260604_150713) by extension 'python'
[2.432s] Level 1:colcon.colcon_core.package_identification:_identify(experiment_logs/gripper_debug_state/gripper_debug_20260604_150713) by extensions ['python_setup_py']
[2.433s] Level 1:colcon.colcon_core.package_identification:_identify(experiment_logs/gripper_debug_state/gripper_debug_20260604_150713) by extension 'python_setup_py'
[2.433s] Level 1:colcon.colcon_core.package_identification:_identify(experiment_logs/gripper_debug_state/gripper_debug_20260604_162128) by extensions ['ignore', 'ignore_ament_install']
[2.434s] Level 1:colcon.colcon_core.package_identification:_identify(experiment_logs/gripper_debug_state/gripper_debug_20260604_162128) by extension 'ignore'
[2.434s] Level 1:colcon.colcon_core.package_identification:_identify(experiment_logs/gripper_debug_state/gripper_debug_20260604_162128) by extension 'ignore_ament_install'
[2.434s] Level 1:colcon.colcon_core.package_identification:_identify(experiment_logs/gripper_debug_state/gripper_debug_20260604_162128) by extensions ['colcon_pkg']
[2.434s] Level 1:colcon.colcon_core.package_identification:_identify(experiment_logs/gripper_debug_state/gripper_debug_20260604_162128) by extension 'colcon_pkg'
[2.434s] Level 1:colcon.colcon_core.package_identification:_identify(experiment_logs/gripper_debug_state/gripper_debug_20260604_162128) by extensions ['colcon_meta']
[2.434s] Level 1:colcon.colcon_core.package_identification:_identify(experiment_logs/gripper_debug_state/gripper_debug_20260604_162128) by extension 'colcon_meta'
[2.434s] Level 1:colcon.colcon_core.package_identification:_identify(experiment_logs/gripper_debug_state/gripper_debug_20260604_162128) by extensions ['ros']
[2.435s] Level 1:colcon.colcon_core.package_identification:_identify(experiment_logs/gripper_debug_state/gripper_debug_20260604_162128) by extension 'ros'
[2.435s] Level 1:colcon.colcon_core.package_identification:_identify(experiment_logs/gripper_debug_state/gripper_debug_20260604_162128) by extensions ['cmake', 'python']
[2.435s] Level 1:colcon.colcon_core.package_identification:_identify(experiment_logs/gripper_debug_state/gripper_debug_20260604_162128) by extension 'cmake'
[2.435s] Level 1:colcon.colcon_core.package_identification:_identify(experiment_logs/gripper_debug_state/gripper_debug_20260604_162128) by extension 'python'
[2.435s] Level 1:colcon.colcon_core.package_identification:_identify(experiment_logs/gripper_debug_state/gripper_debug_20260604_162128) by extensions ['python_setup_py']
[2.435s] Level 1:colcon.colcon_core.package_identification:_identify(experiment_logs/gripper_debug_state/gripper_debug_20260604_162128) by extension 'python_setup_py'
[2.435s] Level 1:colcon.colcon_core.package_identification:_identify(experiment_logs/gripper_debug_state/gripper_debug_20260604_163028) by extensions ['ignore', 'ignore_ament_install']
[2.436s] Level 1:colcon.colcon_core.package_identification:_identify(experiment_logs/gripper_debug_state/gripper_debug_20260604_163028) by extension 'ignore'
[2.436s] Level 1:colcon.colcon_core.package_identification:_identify(experiment_logs/gripper_debug_state/gripper_debug_20260604_163028) by extension 'ignore_ament_install'
[2.436s] Level 1:colcon.colcon_core.package_identification:_identify(experiment_logs/gripper_debug_state/gripper_debug_20260604_163028) by extensions ['colcon_pkg']
[2.436s] Level 1:colcon.colcon_core.package_identification:_identify(experiment_logs/gripper_debug_state/gripper_debug_20260604_163028) by extension 'colcon_pkg'
[2.436s] Level 1:colcon.colcon_core.package_identification:_identify(experiment_logs/gripper_debug_state/gripper_debug_20260604_163028) by extensions ['colcon_meta']
[2.436s] Level 1:colcon.colcon_core.package_identification:_identify(experiment_logs/gripper_debug_state/gripper_debug_20260604_163028) by extension 'colcon_meta'
[2.437s] Level 1:colcon.colcon_core.package_identification:_identify(experiment_logs/gripper_debug_state/gripper_debug_20260604_163028) by extensions ['ros']
[2.437s] Level 1:colcon.colcon_core.package_identification:_identify(experiment_logs/gripper_debug_state/gripper_debug_20260604_163028) by extension 'ros'
[2.437s] Level 1:colcon.colcon_core.package_identification:_identify(experiment_logs/gripper_debug_state/gripper_debug_20260604_163028) by extensions ['cmake', 'python']
[2.438s] Level 1:colcon.colcon_core.package_identification:_identify(experiment_logs/gripper_debug_state/gripper_debug_20260604_163028) by extension 'cmake'
[2.438s] Level 1:colcon.colcon_core.package_identification:_identify(experiment_logs/gripper_debug_state/gripper_debug_20260604_163028) by extension 'python'
[2.438s] Level 1:colcon.colcon_core.package_identification:_identify(experiment_logs/gripper_debug_state/gripper_debug_20260604_163028) by extensions ['python_setup_py']
[2.438s] Level 1:colcon.colcon_core.package_identification:_identify(experiment_logs/gripper_debug_state/gripper_debug_20260604_163028) by extension 'python_setup_py'
[2.438s] Level 1:colcon.colcon_core.package_identification:_identify(experiment_logs/gripper_debug_state/gripper_debug_20260604_164701) by extensions ['ignore', 'ignore_ament_install']
[2.438s] Level 1:colcon.colcon_core.package_identification:_identify(experiment_logs/gripper_debug_state/gripper_debug_20260604_164701) by extension 'ignore'
[2.439s] Level 1:colcon.colcon_core.package_identification:_identify(experiment_logs/gripper_debug_state/gripper_debug_20260604_164701) by extension 'ignore_ament_install'
[2.439s] Level 1:colcon.colcon_core.package_identification:_identify(experiment_logs/gripper_debug_state/gripper_debug_20260604_164701) by extensions ['colcon_pkg']
[2.439s] Level 1:colcon.colcon_core.package_identification:_identify(experiment_logs/gripper_debug_state/gripper_debug_20260604_164701) by extension 'colcon_pkg'
[2.439s] Level 1:colcon.colcon_core.package_identification:_identify(experiment_logs/gripper_debug_state/gripper_debug_20260604_164701) by extensions ['colcon_meta']
[2.439s] Level 1:colcon.colcon_core.package_identification:_identify(experiment_logs/gripper_debug_state/gripper_debug_20260604_164701) by extension 'colcon_meta'
[2.440s] Level 1:colcon.colcon_core.package_identification:_identify(experiment_logs/gripper_debug_state/gripper_debug_20260604_164701) by extensions ['ros']
[2.440s] Level 1:colcon.colcon_core.package_identification:_identify(experiment_logs/gripper_debug_state/gripper_debug_20260604_164701) by extension 'ros'
[2.440s] Level 1:colcon.colcon_core.package_identification:_identify(experiment_logs/gripper_debug_state/gripper_debug_20260604_164701) by extensions ['cmake', 'python']
[2.440s] Level 1:colcon.colcon_core.package_identification:_identify(experiment_logs/gripper_debug_state/gripper_debug_20260604_164701) by extension 'cmake'
[2.440s] Level 1:colcon.colcon_core.package_identification:_identify(experiment_logs/gripper_debug_state/gripper_debug_20260604_164701) by extension 'python'
[2.440s] Level 1:colcon.colcon_core.package_identification:_identify(experiment_logs/gripper_debug_state/gripper_debug_20260604_164701) by extensions ['python_setup_py']
[2.441s] Level 1:colcon.colcon_core.package_identification:_identify(experiment_logs/gripper_debug_state/gripper_debug_20260604_164701) by extension 'python_setup_py'
[2.441s] Level 1:colcon.colcon_core.package_identification:_identify(experiment_logs/simulation) by extensions ['ignore', 'ignore_ament_install']
[2.442s] Level 1:colcon.colcon_core.package_identification:_identify(experiment_logs/simulation) by extension 'ignore'
[2.442s] Level 1:colcon.colcon_core.package_identification:_identify(experiment_logs/simulation) by extension 'ignore_ament_install'
[2.442s] Level 1:colcon.colcon_core.package_identification:_identify(experiment_logs/simulation) by extensions ['colcon_pkg']
[2.442s] Level 1:colcon.colcon_core.package_identification:_identify(experiment_logs/simulation) by extension 'colcon_pkg'
[2.442s] Level 1:colcon.colcon_core.package_identification:_identify(experiment_logs/simulation) by extensions ['colcon_meta']
[2.442s] Level 1:colcon.colcon_core.package_identification:_identify(experiment_logs/simulation) by extension 'colcon_meta'
[2.443s] Level 1:colcon.colcon_core.package_identification:_identify(experiment_logs/simulation) by extensions ['ros']
[2.443s] Level 1:colcon.colcon_core.package_identification:_identify(experiment_logs/simulation) by extension 'ros'
[2.443s] Level 1:colcon.colcon_core.package_identification:_identify(experiment_logs/simulation) by extensions ['cmake', 'python']
[2.443s] Level 1:colcon.colcon_core.package_identification:_identify(experiment_logs/simulation) by extension 'cmake'
[2.443s] Level 1:colcon.colcon_core.package_identification:_identify(experiment_logs/simulation) by extension 'python'
[2.443s] Level 1:colcon.colcon_core.package_identification:_identify(experiment_logs/simulation) by extensions ['python_setup_py']
[2.443s] Level 1:colcon.colcon_core.package_identification:_identify(experiment_logs/simulation) by extension 'python_setup_py'
[2.444s] Level 1:colcon.colcon_core.package_identification:_identify(experiment_logs/simulation/control_layer_20260530_222950) by extensions ['ignore', 'ignore_ament_install']
[2.444s] Level 1:colcon.colcon_core.package_identification:_identify(experiment_logs/simulation/control_layer_20260530_222950) by extension 'ignore'
[2.444s] Level 1:colcon.colcon_core.package_identification:_identify(experiment_logs/simulation/control_layer_20260530_222950) by extension 'ignore_ament_install'
[2.444s] Level 1:colcon.colcon_core.package_identification:_identify(experiment_logs/simulation/control_layer_20260530_222950) by extensions ['colcon_pkg']
[2.444s] Level 1:colcon.colcon_core.package_identification:_identify(experiment_logs/simulation/control_layer_20260530_222950) by extension 'colcon_pkg'
[2.444s] Level 1:colcon.colcon_core.package_identification:_identify(experiment_logs/simulation/control_layer_20260530_222950) by extensions ['colcon_meta']
[2.444s] Level 1:colcon.colcon_core.package_identification:_identify(experiment_logs/simulation/control_layer_20260530_222950) by extension 'colcon_meta'
[2.445s] Level 1:colcon.colcon_core.package_identification:_identify(experiment_logs/simulation/control_layer_20260530_222950) by extensions ['ros']
[2.445s] Level 1:colcon.colcon_core.package_identification:_identify(experiment_logs/simulation/control_layer_20260530_222950) by extension 'ros'
[2.445s] Level 1:colcon.colcon_core.package_identification:_identify(experiment_logs/simulation/control_layer_20260530_222950) by extensions ['cmake', 'python']
[2.445s] Level 1:colcon.colcon_core.package_identification:_identify(experiment_logs/simulation/control_layer_20260530_222950) by extension 'cmake'
[2.445s] Level 1:colcon.colcon_core.package_identification:_identify(experiment_logs/simulation/control_layer_20260530_222950) by extension 'python'
[2.445s] Level 1:colcon.colcon_core.package_identification:_identify(experiment_logs/simulation/control_layer_20260530_222950) by extensions ['python_setup_py']
[2.445s] Level 1:colcon.colcon_core.package_identification:_identify(experiment_logs/simulation/control_layer_20260530_222950) by extension 'python_setup_py'
[2.445s] Level 1:colcon.colcon_core.package_identification:_identify(experiment_logs/simulation/control_layer_20260530_222950/ros_logs) by extensions ['ignore', 'ignore_ament_install']
[2.446s] Level 1:colcon.colcon_core.package_identification:_identify(experiment_logs/simulation/control_layer_20260530_222950/ros_logs) by extension 'ignore'
[2.446s] Level 1:colcon.colcon_core.package_identification:_identify(experiment_logs/simulation/control_layer_20260530_222950/ros_logs) by extension 'ignore_ament_install'
[2.446s] Level 1:colcon.colcon_core.package_identification:_identify(experiment_logs/simulation/control_layer_20260530_222950/ros_logs) by extensions ['colcon_pkg']
[2.446s] Level 1:colcon.colcon_core.package_identification:_identify(experiment_logs/simulation/control_layer_20260530_222950/ros_logs) by extension 'colcon_pkg'
[2.446s] Level 1:colcon.colcon_core.package_identification:_identify(experiment_logs/simulation/control_layer_20260530_222950/ros_logs) by extensions ['colcon_meta']
[2.447s] Level 1:colcon.colcon_core.package_identification:_identify(experiment_logs/simulation/control_layer_20260530_222950/ros_logs) by extension 'colcon_meta'
[2.447s] Level 1:colcon.colcon_core.package_identification:_identify(experiment_logs/simulation/control_layer_20260530_222950/ros_logs) by extensions ['ros']
[2.447s] Level 1:colcon.colcon_core.package_identification:_identify(experiment_logs/simulation/control_layer_20260530_222950/ros_logs) by extension 'ros'
[2.447s] Level 1:colcon.colcon_core.package_identification:_identify(experiment_logs/simulation/control_layer_20260530_222950/ros_logs) by extensions ['cmake', 'python']
[2.447s] Level 1:colcon.colcon_core.package_identification:_identify(experiment_logs/simulation/control_layer_20260530_222950/ros_logs) by extension 'cmake'
[2.447s] Level 1:colcon.colcon_core.package_identification:_identify(experiment_logs/simulation/control_layer_20260530_222950/ros_logs) by extension 'python'
[2.447s] Level 1:colcon.colcon_core.package_identification:_identify(experiment_logs/simulation/control_layer_20260530_222950/ros_logs) by extensions ['python_setup_py']
[2.448s] Level 1:colcon.colcon_core.package_identification:_identify(experiment_logs/simulation/control_layer_20260530_222950/ros_logs) by extension 'python_setup_py'
[2.448s] Level 1:colcon.colcon_core.package_identification:_identify(experiment_logs/simulation/control_layer_20260530_223018) by extensions ['ignore', 'ignore_ament_install']
[2.448s] Level 1:colcon.colcon_core.package_identification:_identify(experiment_logs/simulation/control_layer_20260530_223018) by extension 'ignore'
[2.448s] Level 1:colcon.colcon_core.package_identification:_identify(experiment_logs/simulation/control_layer_20260530_223018) by extension 'ignore_ament_install'
[2.449s] Level 1:colcon.colcon_core.package_identification:_identify(experiment_logs/simulation/control_layer_20260530_223018) by extensions ['colcon_pkg']
[2.449s] Level 1:colcon.colcon_core.package_identification:_identify(experiment_logs/simulation/control_layer_20260530_223018) by extension 'colcon_pkg'
[2.449s] Level 1:colcon.colcon_core.package_identification:_identify(experiment_logs/simulation/control_layer_20260530_223018) by extensions ['colcon_meta']
[2.449s] Level 1:colcon.colcon_core.package_identification:_identify(experiment_logs/simulation/control_layer_20260530_223018) by extension 'colcon_meta'
[2.449s] Level 1:colcon.colcon_core.package_identification:_identify(experiment_logs/simulation/control_layer_20260530_223018) by extensions ['ros']
[2.449s] Level 1:colcon.colcon_core.package_identification:_identify(experiment_logs/simulation/control_layer_20260530_223018) by extension 'ros'
[2.449s] Level 1:colcon.colcon_core.package_identification:_identify(experiment_logs/simulation/control_layer_20260530_223018) by extensions ['cmake', 'python']
[2.449s] Level 1:colcon.colcon_core.package_identification:_identify(experiment_logs/simulation/control_layer_20260530_223018) by extension 'cmake'
[2.449s] Level 1:colcon.colcon_core.package_identification:_identify(experiment_logs/simulation/control_layer_20260530_223018) by extension 'python'
[2.450s] Level 1:colcon.colcon_core.package_identification:_identify(experiment_logs/simulation/control_layer_20260530_223018) by extensions ['python_setup_py']
[2.450s] Level 1:colcon.colcon_core.package_identification:_identify(experiment_logs/simulation/control_layer_20260530_223018) by extension 'python_setup_py'
[2.450s] Level 1:colcon.colcon_core.package_identification:_identify(experiment_logs/simulation/control_layer_20260530_223018/ros_logs) by extensions ['ignore', 'ignore_ament_install']
[2.450s] Level 1:colcon.colcon_core.package_identification:_identify(experiment_logs/simulation/control_layer_20260530_223018/ros_logs) by extension 'ignore'
[2.450s] Level 1:colcon.colcon_core.package_identification:_identify(experiment_logs/simulation/control_layer_20260530_223018/ros_logs) by extension 'ignore_ament_install'
[2.451s] Level 1:colcon.colcon_core.package_identification:_identify(experiment_logs/simulation/control_layer_20260530_223018/ros_logs) by extensions ['colcon_pkg']
[2.451s] Level 1:colcon.colcon_core.package_identification:_identify(experiment_logs/simulation/control_layer_20260530_223018/ros_logs) by extension 'colcon_pkg'
[2.451s] Level 1:colcon.colcon_core.package_identification:_identify(experiment_logs/simulation/control_layer_20260530_223018/ros_logs) by extensions ['colcon_meta']
[2.451s] Level 1:colcon.colcon_core.package_identification:_identify(experiment_logs/simulation/control_layer_20260530_223018/ros_logs) by extension 'colcon_meta'
[2.451s] Level 1:colcon.colcon_core.package_identification:_identify(experiment_logs/simulation/control_layer_20260530_223018/ros_logs) by extensions ['ros']
[2.451s] Level 1:colcon.colcon_core.package_identification:_identify(experiment_logs/simulation/control_layer_20260530_223018/ros_logs) by extension 'ros'
[2.452s] Level 1:colcon.colcon_core.package_identification:_identify(experiment_logs/simulation/control_layer_20260530_223018/ros_logs) by extensions ['cmake', 'python']
[2.452s] Level 1:colcon.colcon_core.package_identification:_identify(experiment_logs/simulation/control_layer_20260530_223018/ros_logs) by extension 'cmake'
[2.452s] Level 1:colcon.colcon_core.package_identification:_identify(experiment_logs/simulation/control_layer_20260530_223018/ros_logs) by extension 'python'
[2.452s] Level 1:colcon.colcon_core.package_identification:_identify(experiment_logs/simulation/control_layer_20260530_223018/ros_logs) by extensions ['python_setup_py']
[2.452s] Level 1:colcon.colcon_core.package_identification:_identify(experiment_logs/simulation/control_layer_20260530_223018/ros_logs) by extension 'python_setup_py'
[2.452s] Level 1:colcon.colcon_core.package_identification:_identify(experiment_logs/simulation/control_layer_20260530_223018/ros_logs/2026-05-30-22-30-19-699237-LAPTOP-EK504TPB-852831) by extensions ['ignore', 'ignore_ament_install']
[2.453s] Level 1:colcon.colcon_core.package_identification:_identify(experiment_logs/simulation/control_layer_20260530_223018/ros_logs/2026-05-30-22-30-19-699237-LAPTOP-EK504TPB-852831) by extension 'ignore'
[2.453s] Level 1:colcon.colcon_core.package_identification:_identify(experiment_logs/simulation/control_layer_20260530_223018/ros_logs/2026-05-30-22-30-19-699237-LAPTOP-EK504TPB-852831) by extension 'ignore_ament_install'
[2.453s] Level 1:colcon.colcon_core.package_identification:_identify(experiment_logs/simulation/control_layer_20260530_223018/ros_logs/2026-05-30-22-30-19-699237-LAPTOP-EK504TPB-852831) by extensions ['colcon_pkg']
[2.453s] Level 1:colcon.colcon_core.package_identification:_identify(experiment_logs/simulation/control_layer_20260530_223018/ros_logs/2026-05-30-22-30-19-699237-LAPTOP-EK504TPB-852831) by extension 'colcon_pkg'
[2.453s] Level 1:colcon.colcon_core.package_identification:_identify(experiment_logs/simulation/control_layer_20260530_223018/ros_logs/2026-05-30-22-30-19-699237-LAPTOP-EK504TPB-852831) by extensions ['colcon_meta']
[2.453s] Level 1:colcon.colcon_core.package_identification:_identify(experiment_logs/simulation/control_layer_20260530_223018/ros_logs/2026-05-30-22-30-19-699237-LAPTOP-EK504TPB-852831) by extension 'colcon_meta'
[2.453s] Level 1:colcon.colcon_core.package_identification:_identify(experiment_logs/simulation/control_layer_20260530_223018/ros_logs/2026-05-30-22-30-19-699237-LAPTOP-EK504TPB-852831) by extensions ['ros']
[2.453s] Level 1:colcon.colcon_core.package_identification:_identify(experiment_logs/simulation/control_layer_20260530_223018/ros_logs/2026-05-30-22-30-19-699237-LAPTOP-EK504TPB-852831) by extension 'ros'
[2.454s] Level 1:colcon.colcon_core.package_identification:_identify(experiment_logs/simulation/control_layer_20260530_223018/ros_logs/2026-05-30-22-30-19-699237-LAPTOP-EK504TPB-852831) by extensions ['cmake', 'python']
[2.454s] Level 1:colcon.colcon_core.package_identification:_identify(experiment_logs/simulation/control_layer_20260530_223018/ros_logs/2026-05-30-22-30-19-699237-LAPTOP-EK504TPB-852831) by extension 'cmake'
[2.454s] Level 1:colcon.colcon_core.package_identification:_identify(experiment_logs/simulation/control_layer_20260530_223018/ros_logs/2026-05-30-22-30-19-699237-LAPTOP-EK504TPB-852831) by extension 'python'
[2.454s] Level 1:colcon.colcon_core.package_identification:_identify(experiment_logs/simulation/control_layer_20260530_223018/ros_logs/2026-05-30-22-30-19-699237-LAPTOP-EK504TPB-852831) by extensions ['python_setup_py']
[2.454s] Level 1:colcon.colcon_core.package_identification:_identify(experiment_logs/simulation/control_layer_20260530_223018/ros_logs/2026-05-30-22-30-19-699237-LAPTOP-EK504TPB-852831) by extension 'python_setup_py'
[2.454s] Level 1:colcon.colcon_core.package_identification:_identify(experiment_logs/simulation/control_layer_20260530_223018/ros_logs/2026-05-30-22-30-57-981443-LAPTOP-EK504TPB-855213) by extensions ['ignore', 'ignore_ament_install']
[2.454s] Level 1:colcon.colcon_core.package_identification:_identify(experiment_logs/simulation/control_layer_20260530_223018/ros_logs/2026-05-30-22-30-57-981443-LAPTOP-EK504TPB-855213) by extension 'ignore'
[2.455s] Level 1:colcon.colcon_core.package_identification:_identify(experiment_logs/simulation/control_layer_20260530_223018/ros_logs/2026-05-30-22-30-57-981443-LAPTOP-EK504TPB-855213) by extension 'ignore_ament_install'
[2.455s] Level 1:colcon.colcon_core.package_identification:_identify(experiment_logs/simulation/control_layer_20260530_223018/ros_logs/2026-05-30-22-30-57-981443-LAPTOP-EK504TPB-855213) by extensions ['colcon_pkg']
[2.455s] Level 1:colcon.colcon_core.package_identification:_identify(experiment_logs/simulation/control_layer_20260530_223018/ros_logs/2026-05-30-22-30-57-981443-LAPTOP-EK504TPB-855213) by extension 'colcon_pkg'
[2.455s] Level 1:colcon.colcon_core.package_identification:_identify(experiment_logs/simulation/control_layer_20260530_223018/ros_logs/2026-05-30-22-30-57-981443-LAPTOP-EK504TPB-855213) by extensions ['colcon_meta']
[2.455s] Level 1:colcon.colcon_core.package_identification:_identify(experiment_logs/simulation/control_layer_20260530_223018/ros_logs/2026-05-30-22-30-57-981443-LAPTOP-EK504TPB-855213) by extension 'colcon_meta'
[2.455s] Level 1:colcon.colcon_core.package_identification:_identify(experiment_logs/simulation/control_layer_20260530_223018/ros_logs/2026-05-30-22-30-57-981443-LAPTOP-EK504TPB-855213) by extensions ['ros']
[2.455s] Level 1:colcon.colcon_core.package_identification:_identify(experiment_logs/simulation/control_layer_20260530_223018/ros_logs/2026-05-30-22-30-57-981443-LAPTOP-EK504TPB-855213) by extension 'ros'
[2.455s] Level 1:colcon.colcon_core.package_identification:_identify(experiment_logs/simulation/control_layer_20260530_223018/ros_logs/2026-05-30-22-30-57-981443-LAPTOP-EK504TPB-855213) by extensions ['cmake', 'python']
[2.455s] Level 1:colcon.colcon_core.package_identification:_identify(experiment_logs/simulation/control_layer_20260530_223018/ros_logs/2026-05-30-22-30-57-981443-LAPTOP-EK504TPB-855213) by extension 'cmake'
[2.456s] Level 1:colcon.colcon_core.package_identification:_identify(experiment_logs/simulation/control_layer_20260530_223018/ros_logs/2026-05-30-22-30-57-981443-LAPTOP-EK504TPB-855213) by extension 'python'
[2.456s] Level 1:colcon.colcon_core.package_identification:_identify(experiment_logs/simulation/control_layer_20260530_223018/ros_logs/2026-05-30-22-30-57-981443-LAPTOP-EK504TPB-855213) by extensions ['python_setup_py']
[2.456s] Level 1:colcon.colcon_core.package_identification:_identify(experiment_logs/simulation/control_layer_20260530_223018/ros_logs/2026-05-30-22-30-57-981443-LAPTOP-EK504TPB-855213) by extension 'python_setup_py'
[2.456s] Level 1:colcon.colcon_core.package_identification:_identify(experiment_logs/simulation/control_layer_20260530_223401) by extensions ['ignore', 'ignore_ament_install']
[2.457s] Level 1:colcon.colcon_core.package_identification:_identify(experiment_logs/simulation/control_layer_20260530_223401) by extension 'ignore'
[2.457s] Level 1:colcon.colcon_core.package_identification:_identify(experiment_logs/simulation/control_layer_20260530_223401) by extension 'ignore_ament_install'
[2.457s] Level 1:colcon.colcon_core.package_identification:_identify(experiment_logs/simulation/control_layer_20260530_223401) by extensions ['colcon_pkg']
[2.457s] Level 1:colcon.colcon_core.package_identification:_identify(experiment_logs/simulation/control_layer_20260530_223401) by extension 'colcon_pkg'
[2.458s] Level 1:colcon.colcon_core.package_identification:_identify(experiment_logs/simulation/control_layer_20260530_223401) by extensions ['colcon_meta']
[2.458s] Level 1:colcon.colcon_core.package_identification:_identify(experiment_logs/simulation/control_layer_20260530_223401) by extension 'colcon_meta'
[2.458s] Level 1:colcon.colcon_core.package_identification:_identify(experiment_logs/simulation/control_layer_20260530_223401) by extensions ['ros']
[2.458s] Level 1:colcon.colcon_core.package_identification:_identify(experiment_logs/simulation/control_layer_20260530_223401) by extension 'ros'
[2.458s] Level 1:colcon.colcon_core.package_identification:_identify(experiment_logs/simulation/control_layer_20260530_223401) by extensions ['cmake', 'python']
[2.458s] Level 1:colcon.colcon_core.package_identification:_identify(experiment_logs/simulation/control_layer_20260530_223401) by extension 'cmake'
[2.459s] Level 1:colcon.colcon_core.package_identification:_identify(experiment_logs/simulation/control_layer_20260530_223401) by extension 'python'
[2.459s] Level 1:colcon.colcon_core.package_identification:_identify(experiment_logs/simulation/control_layer_20260530_223401) by extensions ['python_setup_py']
[2.459s] Level 1:colcon.colcon_core.package_identification:_identify(experiment_logs/simulation/control_layer_20260530_223401) by extension 'python_setup_py'
[2.459s] Level 1:colcon.colcon_core.package_identification:_identify(experiment_logs/simulation/control_layer_20260530_223401/ros_logs) by extensions ['ignore', 'ignore_ament_install']
[2.459s] Level 1:colcon.colcon_core.package_identification:_identify(experiment_logs/simulation/control_layer_20260530_223401/ros_logs) by extension 'ignore'
[2.459s] Level 1:colcon.colcon_core.package_identification:_identify(experiment_logs/simulation/control_layer_20260530_223401/ros_logs) by extension 'ignore_ament_install'
[2.460s] Level 1:colcon.colcon_core.package_identification:_identify(experiment_logs/simulation/control_layer_20260530_223401/ros_logs) by extensions ['colcon_pkg']
[2.460s] Level 1:colcon.colcon_core.package_identification:_identify(experiment_logs/simulation/control_layer_20260530_223401/ros_logs) by extension 'colcon_pkg'
[2.460s] Level 1:colcon.colcon_core.package_identification:_identify(experiment_logs/simulation/control_layer_20260530_223401/ros_logs) by extensions ['colcon_meta']
[2.460s] Level 1:colcon.colcon_core.package_identification:_identify(experiment_logs/simulation/control_layer_20260530_223401/ros_logs) by extension 'colcon_meta'
[2.460s] Level 1:colcon.colcon_core.package_identification:_identify(experiment_logs/simulation/control_layer_20260530_223401/ros_logs) by extensions ['ros']
[2.460s] Level 1:colcon.colcon_core.package_identification:_identify(experiment_logs/simulation/control_layer_20260530_223401/ros_logs) by extension 'ros'
[2.460s] Level 1:colcon.colcon_core.package_identification:_identify(experiment_logs/simulation/control_layer_20260530_223401/ros_logs) by extensions ['cmake', 'python']
[2.460s] Level 1:colcon.colcon_core.package_identification:_identify(experiment_logs/simulation/control_layer_20260530_223401/ros_logs) by extension 'cmake'
[2.461s] Level 1:colcon.colcon_core.package_identification:_identify(experiment_logs/simulation/control_layer_20260530_223401/ros_logs) by extension 'python'
[2.461s] Level 1:colcon.colcon_core.package_identification:_identify(experiment_logs/simulation/control_layer_20260530_223401/ros_logs) by extensions ['python_setup_py']
[2.461s] Level 1:colcon.colcon_core.package_identification:_identify(experiment_logs/simulation/control_layer_20260530_223401/ros_logs) by extension 'python_setup_py'
[2.461s] Level 1:colcon.colcon_core.package_identification:_identify(experiment_logs/simulation/control_layer_20260530_223401/ros_logs/2026-05-30-22-34-02-205947-LAPTOP-EK504TPB-865800) by extensions ['ignore', 'ignore_ament_install']
[2.461s] Level 1:colcon.colcon_core.package_identification:_identify(experiment_logs/simulation/control_layer_20260530_223401/ros_logs/2026-05-30-22-34-02-205947-LAPTOP-EK504TPB-865800) by extension 'ignore'
[2.461s] Level 1:colcon.colcon_core.package_identification:_identify(experiment_logs/simulation/control_layer_20260530_223401/ros_logs/2026-05-30-22-34-02-205947-LAPTOP-EK504TPB-865800) by extension 'ignore_ament_install'
[2.462s] Level 1:colcon.colcon_core.package_identification:_identify(experiment_logs/simulation/control_layer_20260530_223401/ros_logs/2026-05-30-22-34-02-205947-LAPTOP-EK504TPB-865800) by extensions ['colcon_pkg']
[2.462s] Level 1:colcon.colcon_core.package_identification:_identify(experiment_logs/simulation/control_layer_20260530_223401/ros_logs/2026-05-30-22-34-02-205947-LAPTOP-EK504TPB-865800) by extension 'colcon_pkg'
[2.462s] Level 1:colcon.colcon_core.package_identification:_identify(experiment_logs/simulation/control_layer_20260530_223401/ros_logs/2026-05-30-22-34-02-205947-LAPTOP-EK504TPB-865800) by extensions ['colcon_meta']
[2.462s] Level 1:colcon.colcon_core.package_identification:_identify(experiment_logs/simulation/control_layer_20260530_223401/ros_logs/2026-05-30-22-34-02-205947-LAPTOP-EK504TPB-865800) by extension 'colcon_meta'
[2.462s] Level 1:colcon.colcon_core.package_identification:_identify(experiment_logs/simulation/control_layer_20260530_223401/ros_logs/2026-05-30-22-34-02-205947-LAPTOP-EK504TPB-865800) by extensions ['ros']
[2.463s] Level 1:colcon.colcon_core.package_identification:_identify(experiment_logs/simulation/control_layer_20260530_223401/ros_logs/2026-05-30-22-34-02-205947-LAPTOP-EK504TPB-865800) by extension 'ros'
[2.463s] Level 1:colcon.colcon_core.package_identification:_identify(experiment_logs/simulation/control_layer_20260530_223401/ros_logs/2026-05-30-22-34-02-205947-LAPTOP-EK504TPB-865800) by extensions ['cmake', 'python']
[2.463s] Level 1:colcon.colcon_core.package_identification:_identify(experiment_logs/simulation/control_layer_20260530_223401/ros_logs/2026-05-30-22-34-02-205947-LAPTOP-EK504TPB-865800) by extension 'cmake'
[2.463s] Level 1:colcon.colcon_core.package_identification:_identify(experiment_logs/simulation/control_layer_20260530_223401/ros_logs/2026-05-30-22-34-02-205947-LAPTOP-EK504TPB-865800) by extension 'python'
[2.463s] Level 1:colcon.colcon_core.package_identification:_identify(experiment_logs/simulation/control_layer_20260530_223401/ros_logs/2026-05-30-22-34-02-205947-LAPTOP-EK504TPB-865800) by extensions ['python_setup_py']
[2.464s] Level 1:colcon.colcon_core.package_identification:_identify(experiment_logs/simulation/control_layer_20260530_223401/ros_logs/2026-05-30-22-34-02-205947-LAPTOP-EK504TPB-865800) by extension 'python_setup_py'
[2.464s] Level 1:colcon.colcon_core.package_identification:_identify(experiment_logs/simulation/control_layer_20260603_162652) by extensions ['ignore', 'ignore_ament_install']
[2.464s] Level 1:colcon.colcon_core.package_identification:_identify(experiment_logs/simulation/control_layer_20260603_162652) by extension 'ignore'
[2.465s] Level 1:colcon.colcon_core.package_identification:_identify(experiment_logs/simulation/control_layer_20260603_162652) by extension 'ignore_ament_install'
[2.465s] Level 1:colcon.colcon_core.package_identification:_identify(experiment_logs/simulation/control_layer_20260603_162652) by extensions ['colcon_pkg']
[2.465s] Level 1:colcon.colcon_core.package_identification:_identify(experiment_logs/simulation/control_layer_20260603_162652) by extension 'colcon_pkg'
[2.465s] Level 1:colcon.colcon_core.package_identification:_identify(experiment_logs/simulation/control_layer_20260603_162652) by extensions ['colcon_meta']
[2.465s] Level 1:colcon.colcon_core.package_identification:_identify(experiment_logs/simulation/control_layer_20260603_162652) by extension 'colcon_meta'
[2.465s] Level 1:colcon.colcon_core.package_identification:_identify(experiment_logs/simulation/control_layer_20260603_162652) by extensions ['ros']
[2.466s] Level 1:colcon.colcon_core.package_identification:_identify(experiment_logs/simulation/control_layer_20260603_162652) by extension 'ros'
[2.466s] Level 1:colcon.colcon_core.package_identification:_identify(experiment_logs/simulation/control_layer_20260603_162652) by extensions ['cmake', 'python']
[2.466s] Level 1:colcon.colcon_core.package_identification:_identify(experiment_logs/simulation/control_layer_20260603_162652) by extension 'cmake'
[2.466s] Level 1:colcon.colcon_core.package_identification:_identify(experiment_logs/simulation/control_layer_20260603_162652) by extension 'python'
[2.466s] Level 1:colcon.colcon_core.package_identification:_identify(experiment_logs/simulation/control_layer_20260603_162652) by extensions ['python_setup_py']
[2.466s] Level 1:colcon.colcon_core.package_identification:_identify(experiment_logs/simulation/control_layer_20260603_162652) by extension 'python_setup_py'
[2.467s] Level 1:colcon.colcon_core.package_identification:_identify(experiment_logs/simulation/control_layer_20260603_162652/ros_logs) by extensions ['ignore', 'ignore_ament_install']
[2.467s] Level 1:colcon.colcon_core.package_identification:_identify(experiment_logs/simulation/control_layer_20260603_162652/ros_logs) by extension 'ignore'
[2.467s] Level 1:colcon.colcon_core.package_identification:_identify(experiment_logs/simulation/control_layer_20260603_162652/ros_logs) by extension 'ignore_ament_install'
[2.467s] Level 1:colcon.colcon_core.package_identification:_identify(experiment_logs/simulation/control_layer_20260603_162652/ros_logs) by extensions ['colcon_pkg']
[2.467s] Level 1:colcon.colcon_core.package_identification:_identify(experiment_logs/simulation/control_layer_20260603_162652/ros_logs) by extension 'colcon_pkg'
[2.467s] Level 1:colcon.colcon_core.package_identification:_identify(experiment_logs/simulation/control_layer_20260603_162652/ros_logs) by extensions ['colcon_meta']
[2.467s] Level 1:colcon.colcon_core.package_identification:_identify(experiment_logs/simulation/control_layer_20260603_162652/ros_logs) by extension 'colcon_meta'
[2.467s] Level 1:colcon.colcon_core.package_identification:_identify(experiment_logs/simulation/control_layer_20260603_162652/ros_logs) by extensions ['ros']
[2.468s] Level 1:colcon.colcon_core.package_identification:_identify(experiment_logs/simulation/control_layer_20260603_162652/ros_logs) by extension 'ros'
[2.468s] Level 1:colcon.colcon_core.package_identification:_identify(experiment_logs/simulation/control_layer_20260603_162652/ros_logs) by extensions ['cmake', 'python']
[2.468s] Level 1:colcon.colcon_core.package_identification:_identify(experiment_logs/simulation/control_layer_20260603_162652/ros_logs) by extension 'cmake'
[2.468s] Level 1:colcon.colcon_core.package_identification:_identify(experiment_logs/simulation/control_layer_20260603_162652/ros_logs) by extension 'python'
[2.468s] Level 1:colcon.colcon_core.package_identification:_identify(experiment_logs/simulation/control_layer_20260603_162652/ros_logs) by extensions ['python_setup_py']
[2.468s] Level 1:colcon.colcon_core.package_identification:_identify(experiment_logs/simulation/control_layer_20260603_162652/ros_logs) by extension 'python_setup_py'
[2.468s] Level 1:colcon.colcon_core.package_identification:_identify(experiment_logs/simulation/control_layer_20260603_162652/ros_logs/2026-06-03-16-26-53-959147-LAPTOP-EK504TPB-3059020) by extensions ['ignore', 'ignore_ament_install']
[2.469s] Level 1:colcon.colcon_core.package_identification:_identify(experiment_logs/simulation/control_layer_20260603_162652/ros_logs/2026-06-03-16-26-53-959147-LAPTOP-EK504TPB-3059020) by extension 'ignore'
[2.469s] Level 1:colcon.colcon_core.package_identification:_identify(experiment_logs/simulation/control_layer_20260603_162652/ros_logs/2026-06-03-16-26-53-959147-LAPTOP-EK504TPB-3059020) by extension 'ignore_ament_install'
[2.469s] Level 1:colcon.colcon_core.package_identification:_identify(experiment_logs/simulation/control_layer_20260603_162652/ros_logs/2026-06-03-16-26-53-959147-LAPTOP-EK504TPB-3059020) by extensions ['colcon_pkg']
[2.469s] Level 1:colcon.colcon_core.package_identification:_identify(experiment_logs/simulation/control_layer_20260603_162652/ros_logs/2026-06-03-16-26-53-959147-LAPTOP-EK504TPB-3059020) by extension 'colcon_pkg'
[2.469s] Level 1:colcon.colcon_core.package_identification:_identify(experiment_logs/simulation/control_layer_20260603_162652/ros_logs/2026-06-03-16-26-53-959147-LAPTOP-EK504TPB-3059020) by extensions ['colcon_meta']
[2.469s] Level 1:colcon.colcon_core.package_identification:_identify(experiment_logs/simulation/control_layer_20260603_162652/ros_logs/2026-06-03-16-26-53-959147-LAPTOP-EK504TPB-3059020) by extension 'colcon_meta'
[2.469s] Level 1:colcon.colcon_core.package_identification:_identify(experiment_logs/simulation/control_layer_20260603_162652/ros_logs/2026-06-03-16-26-53-959147-LAPTOP-EK504TPB-3059020) by extensions ['ros']
[2.470s] Level 1:colcon.colcon_core.package_identification:_identify(experiment_logs/simulation/control_layer_20260603_162652/ros_logs/2026-06-03-16-26-53-959147-LAPTOP-EK504TPB-3059020) by extension 'ros'
[2.470s] Level 1:colcon.colcon_core.package_identification:_identify(experiment_logs/simulation/control_layer_20260603_162652/ros_logs/2026-06-03-16-26-53-959147-LAPTOP-EK504TPB-3059020) by extensions ['cmake', 'python']
[2.470s] Level 1:colcon.colcon_core.package_identification:_identify(experiment_logs/simulation/control_layer_20260603_162652/ros_logs/2026-06-03-16-26-53-959147-LAPTOP-EK504TPB-3059020) by extension 'cmake'
[2.470s] Level 1:colcon.colcon_core.package_identification:_identify(experiment_logs/simulation/control_layer_20260603_162652/ros_logs/2026-06-03-16-26-53-959147-LAPTOP-EK504TPB-3059020) by extension 'python'
[2.470s] Level 1:colcon.colcon_core.package_identification:_identify(experiment_logs/simulation/control_layer_20260603_162652/ros_logs/2026-06-03-16-26-53-959147-LAPTOP-EK504TPB-3059020) by extensions ['python_setup_py']
[2.470s] Level 1:colcon.colcon_core.package_identification:_identify(experiment_logs/simulation/control_layer_20260603_162652/ros_logs/2026-06-03-16-26-53-959147-LAPTOP-EK504TPB-3059020) by extension 'python_setup_py'
[2.471s] Level 1:colcon.colcon_core.package_identification:_identify(experiment_logs/simulation/control_layer_20260603_162652/ros_logs/2026-06-03-16-27-31-807540-LAPTOP-EK504TPB-3060906) by extensions ['ignore', 'ignore_ament_install']
[2.471s] Level 1:colcon.colcon_core.package_identification:_identify(experiment_logs/simulation/control_layer_20260603_162652/ros_logs/2026-06-03-16-27-31-807540-LAPTOP-EK504TPB-3060906) by extension 'ignore'
[2.471s] Level 1:colcon.colcon_core.package_identification:_identify(experiment_logs/simulation/control_layer_20260603_162652/ros_logs/2026-06-03-16-27-31-807540-LAPTOP-EK504TPB-3060906) by extension 'ignore_ament_install'
[2.471s] Level 1:colcon.colcon_core.package_identification:_identify(experiment_logs/simulation/control_layer_20260603_162652/ros_logs/2026-06-03-16-27-31-807540-LAPTOP-EK504TPB-3060906) by extensions ['colcon_pkg']
[2.471s] Level 1:colcon.colcon_core.package_identification:_identify(experiment_logs/simulation/control_layer_20260603_162652/ros_logs/2026-06-03-16-27-31-807540-LAPTOP-EK504TPB-3060906) by extension 'colcon_pkg'
[2.471s] Level 1:colcon.colcon_core.package_identification:_identify(experiment_logs/simulation/control_layer_20260603_162652/ros_logs/2026-06-03-16-27-31-807540-LAPTOP-EK504TPB-3060906) by extensions ['colcon_meta']
[2.471s] Level 1:colcon.colcon_core.package_identification:_identify(experiment_logs/simulation/control_layer_20260603_162652/ros_logs/2026-06-03-16-27-31-807540-LAPTOP-EK504TPB-3060906) by extension 'colcon_meta'
[2.471s] Level 1:colcon.colcon_core.package_identification:_identify(experiment_logs/simulation/control_layer_20260603_162652/ros_logs/2026-06-03-16-27-31-807540-LAPTOP-EK504TPB-3060906) by extensions ['ros']
[2.472s] Level 1:colcon.colcon_core.package_identification:_identify(experiment_logs/simulation/control_layer_20260603_162652/ros_logs/2026-06-03-16-27-31-807540-LAPTOP-EK504TPB-3060906) by extension 'ros'
[2.472s] Level 1:colcon.colcon_core.package_identification:_identify(experiment_logs/simulation/control_layer_20260603_162652/ros_logs/2026-06-03-16-27-31-807540-LAPTOP-EK504TPB-3060906) by extensions ['cmake', 'python']
[2.472s] Level 1:colcon.colcon_core.package_identification:_identify(experiment_logs/simulation/control_layer_20260603_162652/ros_logs/2026-06-03-16-27-31-807540-LAPTOP-EK504TPB-3060906) by extension 'cmake'
[2.472s] Level 1:colcon.colcon_core.package_identification:_identify(experiment_logs/simulation/control_layer_20260603_162652/ros_logs/2026-06-03-16-27-31-807540-LAPTOP-EK504TPB-3060906) by extension 'python'
[2.472s] Level 1:colcon.colcon_core.package_identification:_identify(experiment_logs/simulation/control_layer_20260603_162652/ros_logs/2026-06-03-16-27-31-807540-LAPTOP-EK504TPB-3060906) by extensions ['python_setup_py']
[2.472s] Level 1:colcon.colcon_core.package_identification:_identify(experiment_logs/simulation/control_layer_20260603_162652/ros_logs/2026-06-03-16-27-31-807540-LAPTOP-EK504TPB-3060906) by extension 'python_setup_py'
[2.473s] Level 1:colcon.colcon_core.package_identification:_identify(experiment_logs/simulation/control_layer_20260603_162652/ros_logs/2026-06-03-16-27-31-817161-LAPTOP-EK504TPB-3060902) by extensions ['ignore', 'ignore_ament_install']
[2.473s] Level 1:colcon.colcon_core.package_identification:_identify(experiment_logs/simulation/control_layer_20260603_162652/ros_logs/2026-06-03-16-27-31-817161-LAPTOP-EK504TPB-3060902) by extension 'ignore'
[2.473s] Level 1:colcon.colcon_core.package_identification:_identify(experiment_logs/simulation/control_layer_20260603_162652/ros_logs/2026-06-03-16-27-31-817161-LAPTOP-EK504TPB-3060902) by extension 'ignore_ament_install'
[2.474s] Level 1:colcon.colcon_core.package_identification:_identify(experiment_logs/simulation/control_layer_20260603_162652/ros_logs/2026-06-03-16-27-31-817161-LAPTOP-EK504TPB-3060902) by extensions ['colcon_pkg']
[2.474s] Level 1:colcon.colcon_core.package_identification:_identify(experiment_logs/simulation/control_layer_20260603_162652/ros_logs/2026-06-03-16-27-31-817161-LAPTOP-EK504TPB-3060902) by extension 'colcon_pkg'
[2.474s] Level 1:colcon.colcon_core.package_identification:_identify(experiment_logs/simulation/control_layer_20260603_162652/ros_logs/2026-06-03-16-27-31-817161-LAPTOP-EK504TPB-3060902) by extensions ['colcon_meta']
[2.474s] Level 1:colcon.colcon_core.package_identification:_identify(experiment_logs/simulation/control_layer_20260603_162652/ros_logs/2026-06-03-16-27-31-817161-LAPTOP-EK504TPB-3060902) by extension 'colcon_meta'
[2.474s] Level 1:colcon.colcon_core.package_identification:_identify(experiment_logs/simulation/control_layer_20260603_162652/ros_logs/2026-06-03-16-27-31-817161-LAPTOP-EK504TPB-3060902) by extensions ['ros']
[2.474s] Level 1:colcon.colcon_core.package_identification:_identify(experiment_logs/simulation/control_layer_20260603_162652/ros_logs/2026-06-03-16-27-31-817161-LAPTOP-EK504TPB-3060902) by extension 'ros'
[2.474s] Level 1:colcon.colcon_core.package_identification:_identify(experiment_logs/simulation/control_layer_20260603_162652/ros_logs/2026-06-03-16-27-31-817161-LAPTOP-EK504TPB-3060902) by extensions ['cmake', 'python']
[2.475s] Level 1:colcon.colcon_core.package_identification:_identify(experiment_logs/simulation/control_layer_20260603_162652/ros_logs/2026-06-03-16-27-31-817161-LAPTOP-EK504TPB-3060902) by extension 'cmake'
[2.475s] Level 1:colcon.colcon_core.package_identification:_identify(experiment_logs/simulation/control_layer_20260603_162652/ros_logs/2026-06-03-16-27-31-817161-LAPTOP-EK504TPB-3060902) by extension 'python'
[2.475s] Level 1:colcon.colcon_core.package_identification:_identify(experiment_logs/simulation/control_layer_20260603_162652/ros_logs/2026-06-03-16-27-31-817161-LAPTOP-EK504TPB-3060902) by extensions ['python_setup_py']
[2.475s] Level 1:colcon.colcon_core.package_identification:_identify(experiment_logs/simulation/control_layer_20260603_162652/ros_logs/2026-06-03-16-27-31-817161-LAPTOP-EK504TPB-3060902) by extension 'python_setup_py'
[2.475s] Level 1:colcon.colcon_core.package_identification:_identify(install) by extensions ['ignore', 'ignore_ament_install']
[2.476s] Level 1:colcon.colcon_core.package_identification:_identify(install) by extension 'ignore'
[2.476s] Level 1:colcon.colcon_core.package_identification:_identify(install) ignored
[2.476s] Level 1:colcon.colcon_core.package_identification:_identify(log) by extensions ['ignore', 'ignore_ament_install']
[2.477s] Level 1:colcon.colcon_core.package_identification:_identify(log) by extension 'ignore'
[2.477s] Level 1:colcon.colcon_core.package_identification:_identify(log) ignored
[2.477s] Level 1:colcon.colcon_core.package_identification:_identify(src) by extensions ['ignore', 'ignore_ament_install']
[2.477s] Level 1:colcon.colcon_core.package_identification:_identify(src) by extension 'ignore'
[2.477s] Level 1:colcon.colcon_core.package_identification:_identify(src) by extension 'ignore_ament_install'
[2.478s] Level 1:colcon.colcon_core.package_identification:_identify(src) by extensions ['colcon_pkg']
[2.478s] Level 1:colcon.colcon_core.package_identification:_identify(src) by extension 'colcon_pkg'
[2.478s] Level 1:colcon.colcon_core.package_identification:_identify(src) by extensions ['colcon_meta']
[2.478s] Level 1:colcon.colcon_core.package_identification:_identify(src) by extension 'colcon_meta'
[2.478s] Level 1:colcon.colcon_core.package_identification:_identify(src) by extensions ['ros']
[2.478s] Level 1:colcon.colcon_core.package_identification:_identify(src) by extension 'ros'
[2.478s] Level 1:colcon.colcon_core.package_identification:_identify(src) by extensions ['cmake', 'python']
[2.478s] Level 1:colcon.colcon_core.package_identification:_identify(src) by extension 'cmake'
[2.478s] Level 1:colcon.colcon_core.package_identification:_identify(src) by extension 'python'
[2.479s] Level 1:colcon.colcon_core.package_identification:_identify(src) by extensions ['python_setup_py']
[2.479s] Level 1:colcon.colcon_core.package_identification:_identify(src) by extension 'python_setup_py'
[2.479s] Level 1:colcon.colcon_core.package_identification:_identify(src/alicia_d_arm_motion) by extensions ['ignore', 'ignore_ament_install']
[2.479s] Level 1:colcon.colcon_core.package_identification:_identify(src/alicia_d_arm_motion) by extension 'ignore'
[2.479s] Level 1:colcon.colcon_core.package_identification:_identify(src/alicia_d_arm_motion) by extension 'ignore_ament_install'
[2.479s] Level 1:colcon.colcon_core.package_identification:_identify(src/alicia_d_arm_motion) by extensions ['colcon_pkg']
[2.479s] Level 1:colcon.colcon_core.package_identification:_identify(src/alicia_d_arm_motion) by extension 'colcon_pkg'
[2.480s] Level 1:colcon.colcon_core.package_identification:_identify(src/alicia_d_arm_motion) by extensions ['colcon_meta']
[2.480s] Level 1:colcon.colcon_core.package_identification:_identify(src/alicia_d_arm_motion) by extension 'colcon_meta'
[2.480s] Level 1:colcon.colcon_core.package_identification:_identify(src/alicia_d_arm_motion) by extensions ['ros']
[2.480s] Level 1:colcon.colcon_core.package_identification:_identify(src/alicia_d_arm_motion) by extension 'ros'
[2.487s] DEBUG:colcon.colcon_core.package_identification:Package 'src/alicia_d_arm_motion' with type 'ros.ament_cmake' and name 'alicia_d_arm_motion'
[2.487s] Level 1:colcon.colcon_core.package_identification:_identify(src/alicia_d_calibration) by extensions ['ignore', 'ignore_ament_install']
[2.488s] Level 1:colcon.colcon_core.package_identification:_identify(src/alicia_d_calibration) by extension 'ignore'
[2.488s] Level 1:colcon.colcon_core.package_identification:_identify(src/alicia_d_calibration) by extension 'ignore_ament_install'
[2.488s] Level 1:colcon.colcon_core.package_identification:_identify(src/alicia_d_calibration) by extensions ['colcon_pkg']
[2.488s] Level 1:colcon.colcon_core.package_identification:_identify(src/alicia_d_calibration) by extension 'colcon_pkg'
[2.488s] Level 1:colcon.colcon_core.package_identification:_identify(src/alicia_d_calibration) by extensions ['colcon_meta']
[2.488s] Level 1:colcon.colcon_core.package_identification:_identify(src/alicia_d_calibration) by extension 'colcon_meta'
[2.489s] Level 1:colcon.colcon_core.package_identification:_identify(src/alicia_d_calibration) by extensions ['ros']
[2.489s] Level 1:colcon.colcon_core.package_identification:_identify(src/alicia_d_calibration) by extension 'ros'
[2.491s] DEBUG:colcon.colcon_core.package_identification:Package 'src/alicia_d_calibration' with type 'ros.ament_cmake' and name 'alicia_d_calibration'
[2.492s] Level 1:colcon.colcon_core.package_identification:_identify(src/alicia_d_control_interfaces) by extensions ['ignore', 'ignore_ament_install']
[2.492s] Level 1:colcon.colcon_core.package_identification:_identify(src/alicia_d_control_interfaces) by extension 'ignore'
[2.493s] Level 1:colcon.colcon_core.package_identification:_identify(src/alicia_d_control_interfaces) by extension 'ignore_ament_install'
[2.493s] Level 1:colcon.colcon_core.package_identification:_identify(src/alicia_d_control_interfaces) by extensions ['colcon_pkg']
[2.493s] Level 1:colcon.colcon_core.package_identification:_identify(src/alicia_d_control_interfaces) by extension 'colcon_pkg'
[2.493s] Level 1:colcon.colcon_core.package_identification:_identify(src/alicia_d_control_interfaces) by extensions ['colcon_meta']
[2.494s] Level 1:colcon.colcon_core.package_identification:_identify(src/alicia_d_control_interfaces) by extension 'colcon_meta'
[2.494s] Level 1:colcon.colcon_core.package_identification:_identify(src/alicia_d_control_interfaces) by extensions ['ros']
[2.494s] Level 1:colcon.colcon_core.package_identification:_identify(src/alicia_d_control_interfaces) by extension 'ros'
[2.496s] DEBUG:colcon.colcon_core.package_identification:Package 'src/alicia_d_control_interfaces' with type 'ros.ament_cmake' and name 'alicia_d_control_interfaces'
[2.496s] Level 1:colcon.colcon_core.package_identification:_identify(src/alicia_d_cube_sort) by extensions ['ignore', 'ignore_ament_install']
[2.496s] Level 1:colcon.colcon_core.package_identification:_identify(src/alicia_d_cube_sort) by extension 'ignore'
[2.497s] Level 1:colcon.colcon_core.package_identification:_identify(src/alicia_d_cube_sort) by extension 'ignore_ament_install'
[2.497s] Level 1:colcon.colcon_core.package_identification:_identify(src/alicia_d_cube_sort) by extensions ['colcon_pkg']
[2.497s] Level 1:colcon.colcon_core.package_identification:_identify(src/alicia_d_cube_sort) by extension 'colcon_pkg'
[2.497s] Level 1:colcon.colcon_core.package_identification:_identify(src/alicia_d_cube_sort) by extensions ['colcon_meta']
[2.497s] Level 1:colcon.colcon_core.package_identification:_identify(src/alicia_d_cube_sort) by extension 'colcon_meta'
[2.498s] Level 1:colcon.colcon_core.package_identification:_identify(src/alicia_d_cube_sort) by extensions ['ros']
[2.498s] Level 1:colcon.colcon_core.package_identification:_identify(src/alicia_d_cube_sort) by extension 'ros'
[2.501s] DEBUG:colcon.colcon_core.package_identification:Package 'src/alicia_d_cube_sort' with type 'ros.ament_cmake' and name 'alicia_d_cube_sort'
[2.501s] Level 1:colcon.colcon_core.package_identification:_identify(src/alicia_d_descriptions) by extensions ['ignore', 'ignore_ament_install']
[2.502s] Level 1:colcon.colcon_core.package_identification:_identify(src/alicia_d_descriptions) by extension 'ignore'
[2.502s] Level 1:colcon.colcon_core.package_identification:_identify(src/alicia_d_descriptions) by extension 'ignore_ament_install'
[2.502s] Level 1:colcon.colcon_core.package_identification:_identify(src/alicia_d_descriptions) by extensions ['colcon_pkg']
[2.502s] Level 1:colcon.colcon_core.package_identification:_identify(src/alicia_d_descriptions) by extension 'colcon_pkg'
[2.502s] Level 1:colcon.colcon_core.package_identification:_identify(src/alicia_d_descriptions) by extensions ['colcon_meta']
[2.502s] Level 1:colcon.colcon_core.package_identification:_identify(src/alicia_d_descriptions) by extension 'colcon_meta'
[2.502s] Level 1:colcon.colcon_core.package_identification:_identify(src/alicia_d_descriptions) by extensions ['ros']
[2.502s] Level 1:colcon.colcon_core.package_identification:_identify(src/alicia_d_descriptions) by extension 'ros'
[2.504s] DEBUG:colcon.colcon_core.package_identification:Package 'src/alicia_d_descriptions' with type 'ros.ament_cmake' and name 'alicia_d_descriptions'
[2.504s] Level 1:colcon.colcon_core.package_identification:_identify(src/alicia_d_driver) by extensions ['ignore', 'ignore_ament_install']
[2.504s] Level 1:colcon.colcon_core.package_identification:_identify(src/alicia_d_driver) by extension 'ignore'
[2.505s] Level 1:colcon.colcon_core.package_identification:_identify(src/alicia_d_driver) by extension 'ignore_ament_install'
[2.505s] Level 1:colcon.colcon_core.package_identification:_identify(src/alicia_d_driver) by extensions ['colcon_pkg']
[2.505s] Level 1:colcon.colcon_core.package_identification:_identify(src/alicia_d_driver) by extension 'colcon_pkg'
[2.505s] Level 1:colcon.colcon_core.package_identification:_identify(src/alicia_d_driver) by extensions ['colcon_meta']
[2.505s] Level 1:colcon.colcon_core.package_identification:_identify(src/alicia_d_driver) by extension 'colcon_meta'
[2.506s] Level 1:colcon.colcon_core.package_identification:_identify(src/alicia_d_driver) by extensions ['ros']
[2.506s] Level 1:colcon.colcon_core.package_identification:_identify(src/alicia_d_driver) by extension 'ros'
[2.508s] DEBUG:colcon.colcon_core.package_identification:Package 'src/alicia_d_driver' with type 'ros.ament_cmake' and name 'alicia_d_driver'
[2.508s] Level 1:colcon.colcon_core.package_identification:_identify(src/alicia_d_grasp_6d) by extensions ['ignore', 'ignore_ament_install']
[2.509s] Level 1:colcon.colcon_core.package_identification:_identify(src/alicia_d_grasp_6d) by extension 'ignore'
[2.509s] Level 1:colcon.colcon_core.package_identification:_identify(src/alicia_d_grasp_6d) by extension 'ignore_ament_install'
[2.509s] Level 1:colcon.colcon_core.package_identification:_identify(src/alicia_d_grasp_6d) by extensions ['colcon_pkg']
[2.509s] Level 1:colcon.colcon_core.package_identification:_identify(src/alicia_d_grasp_6d) by extension 'colcon_pkg'
[2.509s] Level 1:colcon.colcon_core.package_identification:_identify(src/alicia_d_grasp_6d) by extensions ['colcon_meta']
[2.509s] Level 1:colcon.colcon_core.package_identification:_identify(src/alicia_d_grasp_6d) by extension 'colcon_meta'
[2.509s] Level 1:colcon.colcon_core.package_identification:_identify(src/alicia_d_grasp_6d) by extensions ['ros']
[2.509s] Level 1:colcon.colcon_core.package_identification:_identify(src/alicia_d_grasp_6d) by extension 'ros'
[2.510s] Level 1:colcon.colcon_core.package_identification:_identify(src/alicia_d_grasp_6d) by extensions ['cmake', 'python']
[2.510s] Level 1:colcon.colcon_core.package_identification:_identify(src/alicia_d_grasp_6d) by extension 'cmake'
[2.510s] Level 1:colcon.colcon_core.package_identification:_identify(src/alicia_d_grasp_6d) by extension 'python'
[2.510s] Level 1:colcon.colcon_core.package_identification:_identify(src/alicia_d_grasp_6d) by extensions ['python_setup_py']
[2.510s] Level 1:colcon.colcon_core.package_identification:_identify(src/alicia_d_grasp_6d) by extension 'python_setup_py'
[2.510s] Level 1:colcon.colcon_core.package_identification:_identify(src/alicia_d_grasp_6d/Models) by extensions ['ignore', 'ignore_ament_install']
[2.510s] Level 1:colcon.colcon_core.package_identification:_identify(src/alicia_d_grasp_6d/Models) by extension 'ignore'
[2.511s] Level 1:colcon.colcon_core.package_identification:_identify(src/alicia_d_grasp_6d/Models) ignored
[2.511s] Level 1:colcon.colcon_core.package_identification:_identify(src/alicia_d_grasp_6d/scripts) by extensions ['ignore', 'ignore_ament_install']
[2.511s] Level 1:colcon.colcon_core.package_identification:_identify(src/alicia_d_grasp_6d/scripts) by extension 'ignore'
[2.511s] Level 1:colcon.colcon_core.package_identification:_identify(src/alicia_d_grasp_6d/scripts) by extension 'ignore_ament_install'
[2.511s] Level 1:colcon.colcon_core.package_identification:_identify(src/alicia_d_grasp_6d/scripts) by extensions ['colcon_pkg']
[2.512s] Level 1:colcon.colcon_core.package_identification:_identify(src/alicia_d_grasp_6d/scripts) by extension 'colcon_pkg'
[2.512s] Level 1:colcon.colcon_core.package_identification:_identify(src/alicia_d_grasp_6d/scripts) by extensions ['colcon_meta']
[2.512s] Level 1:colcon.colcon_core.package_identification:_identify(src/alicia_d_grasp_6d/scripts) by extension 'colcon_meta'
[2.512s] Level 1:colcon.colcon_core.package_identification:_identify(src/alicia_d_grasp_6d/scripts) by extensions ['ros']
[2.512s] Level 1:colcon.colcon_core.package_identification:_identify(src/alicia_d_grasp_6d/scripts) by extension 'ros'
[2.512s] Level 1:colcon.colcon_core.package_identification:_identify(src/alicia_d_grasp_6d/scripts) by extensions ['cmake', 'python']
[2.512s] Level 1:colcon.colcon_core.package_identification:_identify(src/alicia_d_grasp_6d/scripts) by extension 'cmake'
[2.512s] Level 1:colcon.colcon_core.package_identification:_identify(src/alicia_d_grasp_6d/scripts) by extension 'python'
[2.513s] Level 1:colcon.colcon_core.package_identification:_identify(src/alicia_d_grasp_6d/scripts) by extensions ['python_setup_py']
[2.513s] Level 1:colcon.colcon_core.package_identification:_identify(src/alicia_d_grasp_6d/scripts) by extension 'python_setup_py'
[2.513s] Level 1:colcon.colcon_core.package_identification:_identify(src/alicia_d_grasp_6d/scripts/intel_rs_d405) by extensions ['ignore', 'ignore_ament_install']
[2.513s] Level 1:colcon.colcon_core.package_identification:_identify(src/alicia_d_grasp_6d/scripts/intel_rs_d405) by extension 'ignore'
[2.513s] Level 1:colcon.colcon_core.package_identification:_identify(src/alicia_d_grasp_6d/scripts/intel_rs_d405) by extension 'ignore_ament_install'
[2.514s] Level 1:colcon.colcon_core.package_identification:_identify(src/alicia_d_grasp_6d/scripts/intel_rs_d405) by extensions ['colcon_pkg']
[2.514s] Level 1:colcon.colcon_core.package_identification:_identify(src/alicia_d_grasp_6d/scripts/intel_rs_d405) by extension 'colcon_pkg'
[2.514s] Level 1:colcon.colcon_core.package_identification:_identify(src/alicia_d_grasp_6d/scripts/intel_rs_d405) by extensions ['colcon_meta']
[2.514s] Level 1:colcon.colcon_core.package_identification:_identify(src/alicia_d_grasp_6d/scripts/intel_rs_d405) by extension 'colcon_meta'
[2.514s] Level 1:colcon.colcon_core.package_identification:_identify(src/alicia_d_grasp_6d/scripts/intel_rs_d405) by extensions ['ros']
[2.514s] Level 1:colcon.colcon_core.package_identification:_identify(src/alicia_d_grasp_6d/scripts/intel_rs_d405) by extension 'ros'
[2.514s] Level 1:colcon.colcon_core.package_identification:_identify(src/alicia_d_grasp_6d/scripts/intel_rs_d405) by extensions ['cmake', 'python']
[2.514s] Level 1:colcon.colcon_core.package_identification:_identify(src/alicia_d_grasp_6d/scripts/intel_rs_d405) by extension 'cmake'
[2.514s] Level 1:colcon.colcon_core.package_identification:_identify(src/alicia_d_grasp_6d/scripts/intel_rs_d405) by extension 'python'
[2.514s] Level 1:colcon.colcon_core.package_identification:_identify(src/alicia_d_grasp_6d/scripts/intel_rs_d405) by extensions ['python_setup_py']
[2.515s] Level 1:colcon.colcon_core.package_identification:_identify(src/alicia_d_grasp_6d/scripts/intel_rs_d405) by extension 'python_setup_py'
[2.515s] Level 1:colcon.colcon_core.package_identification:_identify(src/alicia_d_grasp_6d/scripts/intel_rs_d405/utils) by extensions ['ignore', 'ignore_ament_install']
[2.515s] Level 1:colcon.colcon_core.package_identification:_identify(src/alicia_d_grasp_6d/scripts/intel_rs_d405/utils) by extension 'ignore'
[2.515s] Level 1:colcon.colcon_core.package_identification:_identify(src/alicia_d_grasp_6d/scripts/intel_rs_d405/utils) by extension 'ignore_ament_install'
[2.515s] Level 1:colcon.colcon_core.package_identification:_identify(src/alicia_d_grasp_6d/scripts/intel_rs_d405/utils) by extensions ['colcon_pkg']
[2.515s] Level 1:colcon.colcon_core.package_identification:_identify(src/alicia_d_grasp_6d/scripts/intel_rs_d405/utils) by extension 'colcon_pkg'
[2.516s] Level 1:colcon.colcon_core.package_identification:_identify(src/alicia_d_grasp_6d/scripts/intel_rs_d405/utils) by extensions ['colcon_meta']
[2.516s] Level 1:colcon.colcon_core.package_identification:_identify(src/alicia_d_grasp_6d/scripts/intel_rs_d405/utils) by extension 'colcon_meta'
[2.516s] Level 1:colcon.colcon_core.package_identification:_identify(src/alicia_d_grasp_6d/scripts/intel_rs_d405/utils) by extensions ['ros']
[2.516s] Level 1:colcon.colcon_core.package_identification:_identify(src/alicia_d_grasp_6d/scripts/intel_rs_d405/utils) by extension 'ros'
[2.516s] Level 1:colcon.colcon_core.package_identification:_identify(src/alicia_d_grasp_6d/scripts/intel_rs_d405/utils) by extensions ['cmake', 'python']
[2.516s] Level 1:colcon.colcon_core.package_identification:_identify(src/alicia_d_grasp_6d/scripts/intel_rs_d405/utils) by extension 'cmake'
[2.516s] Level 1:colcon.colcon_core.package_identification:_identify(src/alicia_d_grasp_6d/scripts/intel_rs_d405/utils) by extension 'python'
[2.516s] Level 1:colcon.colcon_core.package_identification:_identify(src/alicia_d_grasp_6d/scripts/intel_rs_d405/utils) by extensions ['python_setup_py']
[2.516s] Level 1:colcon.colcon_core.package_identification:_identify(src/alicia_d_grasp_6d/scripts/intel_rs_d405/utils) by extension 'python_setup_py'
[2.517s] Level 1:colcon.colcon_core.package_identification:_identify(src/alicia_d_grasp_6d/scripts/orbbec_gemini_335) by extensions ['ignore', 'ignore_ament_install']
[2.517s] Level 1:colcon.colcon_core.package_identification:_identify(src/alicia_d_grasp_6d/scripts/orbbec_gemini_335) by extension 'ignore'
[2.517s] Level 1:colcon.colcon_core.package_identification:_identify(src/alicia_d_grasp_6d/scripts/orbbec_gemini_335) by extension 'ignore_ament_install'
[2.517s] Level 1:colcon.colcon_core.package_identification:_identify(src/alicia_d_grasp_6d/scripts/orbbec_gemini_335) by extensions ['colcon_pkg']
[2.518s] Level 1:colcon.colcon_core.package_identification:_identify(src/alicia_d_grasp_6d/scripts/orbbec_gemini_335) by extension 'colcon_pkg'
[2.518s] Level 1:colcon.colcon_core.package_identification:_identify(src/alicia_d_grasp_6d/scripts/orbbec_gemini_335) by extensions ['colcon_meta']
[2.518s] Level 1:colcon.colcon_core.package_identification:_identify(src/alicia_d_grasp_6d/scripts/orbbec_gemini_335) by extension 'colcon_meta'
[2.518s] Level 1:colcon.colcon_core.package_identification:_identify(src/alicia_d_grasp_6d/scripts/orbbec_gemini_335) by extensions ['ros']
[2.518s] Level 1:colcon.colcon_core.package_identification:_identify(src/alicia_d_grasp_6d/scripts/orbbec_gemini_335) by extension 'ros'
[2.518s] Level 1:colcon.colcon_core.package_identification:_identify(src/alicia_d_grasp_6d/scripts/orbbec_gemini_335) by extensions ['cmake', 'python']
[2.518s] Level 1:colcon.colcon_core.package_identification:_identify(src/alicia_d_grasp_6d/scripts/orbbec_gemini_335) by extension 'cmake'
[2.518s] Level 1:colcon.colcon_core.package_identification:_identify(src/alicia_d_grasp_6d/scripts/orbbec_gemini_335) by extension 'python'
[2.519s] Level 1:colcon.colcon_core.package_identification:_identify(src/alicia_d_grasp_6d/scripts/orbbec_gemini_335) by extensions ['python_setup_py']
[2.519s] Level 1:colcon.colcon_core.package_identification:_identify(src/alicia_d_grasp_6d/scripts/orbbec_gemini_335) by extension 'python_setup_py'
[2.519s] Level 1:colcon.colcon_core.package_identification:_identify(src/alicia_d_grasp_6d/scripts/orbbec_gemini_335/utils) by extensions ['ignore', 'ignore_ament_install']
[2.519s] Level 1:colcon.colcon_core.package_identification:_identify(src/alicia_d_grasp_6d/scripts/orbbec_gemini_335/utils) by extension 'ignore'
[2.520s] Level 1:colcon.colcon_core.package_identification:_identify(src/alicia_d_grasp_6d/scripts/orbbec_gemini_335/utils) by extension 'ignore_ament_install'
[2.520s] Level 1:colcon.colcon_core.package_identification:_identify(src/alicia_d_grasp_6d/scripts/orbbec_gemini_335/utils) by extensions ['colcon_pkg']
[2.520s] Level 1:colcon.colcon_core.package_identification:_identify(src/alicia_d_grasp_6d/scripts/orbbec_gemini_335/utils) by extension 'colcon_pkg'
[2.520s] Level 1:colcon.colcon_core.package_identification:_identify(src/alicia_d_grasp_6d/scripts/orbbec_gemini_335/utils) by extensions ['colcon_meta']
[2.520s] Level 1:colcon.colcon_core.package_identification:_identify(src/alicia_d_grasp_6d/scripts/orbbec_gemini_335/utils) by extension 'colcon_meta'
[2.520s] Level 1:colcon.colcon_core.package_identification:_identify(src/alicia_d_grasp_6d/scripts/orbbec_gemini_335/utils) by extensions ['ros']
[2.520s] Level 1:colcon.colcon_core.package_identification:_identify(src/alicia_d_grasp_6d/scripts/orbbec_gemini_335/utils) by extension 'ros'
[2.521s] Level 1:colcon.colcon_core.package_identification:_identify(src/alicia_d_grasp_6d/scripts/orbbec_gemini_335/utils) by extensions ['cmake', 'python']
[2.521s] Level 1:colcon.colcon_core.package_identification:_identify(src/alicia_d_grasp_6d/scripts/orbbec_gemini_335/utils) by extension 'cmake'
[2.521s] Level 1:colcon.colcon_core.package_identification:_identify(src/alicia_d_grasp_6d/scripts/orbbec_gemini_335/utils) by extension 'python'
[2.521s] Level 1:colcon.colcon_core.package_identification:_identify(src/alicia_d_grasp_6d/scripts/orbbec_gemini_335/utils) by extensions ['python_setup_py']
[2.521s] Level 1:colcon.colcon_core.package_identification:_identify(src/alicia_d_grasp_6d/scripts/orbbec_gemini_335/utils) by extension 'python_setup_py'
[2.521s] Level 1:colcon.colcon_core.package_identification:_identify(src/alicia_d_moveit) by extensions ['ignore', 'ignore_ament_install']
[2.522s] Level 1:colcon.colcon_core.package_identification:_identify(src/alicia_d_moveit) by extension 'ignore'
[2.522s] Level 1:colcon.colcon_core.package_identification:_identify(src/alicia_d_moveit) by extension 'ignore_ament_install'
[2.522s] Level 1:colcon.colcon_core.package_identification:_identify(src/alicia_d_moveit) by extensions ['colcon_pkg']
[2.522s] Level 1:colcon.colcon_core.package_identification:_identify(src/alicia_d_moveit) by extension 'colcon_pkg'
[2.522s] Level 1:colcon.colcon_core.package_identification:_identify(src/alicia_d_moveit) by extensions ['colcon_meta']
[2.522s] Level 1:colcon.colcon_core.package_identification:_identify(src/alicia_d_moveit) by extension 'colcon_meta'
[2.522s] Level 1:colcon.colcon_core.package_identification:_identify(src/alicia_d_moveit) by extensions ['ros']
[2.522s] Level 1:colcon.colcon_core.package_identification:_identify(src/alicia_d_moveit) by extension 'ros'
[2.524s] DEBUG:colcon.colcon_core.package_identification:Package 'src/alicia_d_moveit' with type 'ros.ament_cmake' and name 'alicia_d_moveit'
[2.525s] Level 1:colcon.colcon_core.package_identification:_identify(src/alicia_d_pick_coordinator) by extensions ['ignore', 'ignore_ament_install']
[2.525s] Level 1:colcon.colcon_core.package_identification:_identify(src/alicia_d_pick_coordinator) by extension 'ignore'
[2.525s] Level 1:colcon.colcon_core.package_identification:_identify(src/alicia_d_pick_coordinator) by extension 'ignore_ament_install'
[2.525s] Level 1:colcon.colcon_core.package_identification:_identify(src/alicia_d_pick_coordinator) by extensions ['colcon_pkg']
[2.525s] Level 1:colcon.colcon_core.package_identification:_identify(src/alicia_d_pick_coordinator) by extension 'colcon_pkg'
[2.526s] Level 1:colcon.colcon_core.package_identification:_identify(src/alicia_d_pick_coordinator) by extensions ['colcon_meta']
[2.526s] Level 1:colcon.colcon_core.package_identification:_identify(src/alicia_d_pick_coordinator) by extension 'colcon_meta'
[2.526s] Level 1:colcon.colcon_core.package_identification:_identify(src/alicia_d_pick_coordinator) by extensions ['ros']
[2.526s] Level 1:colcon.colcon_core.package_identification:_identify(src/alicia_d_pick_coordinator) by extension 'ros'
[2.527s] DEBUG:colcon.colcon_core.package_identification:Package 'src/alicia_d_pick_coordinator' with type 'ros.ament_cmake' and name 'alicia_d_pick_coordinator'
[2.528s] Level 1:colcon.colcon_core.package_identification:_identify(src/alicia_d_sts_gripper) by extensions ['ignore', 'ignore_ament_install']
[2.528s] Level 1:colcon.colcon_core.package_identification:_identify(src/alicia_d_sts_gripper) by extension 'ignore'
[2.528s] Level 1:colcon.colcon_core.package_identification:_identify(src/alicia_d_sts_gripper) by extension 'ignore_ament_install'
[2.528s] Level 1:colcon.colcon_core.package_identification:_identify(src/alicia_d_sts_gripper) by extensions ['colcon_pkg']
[2.528s] Level 1:colcon.colcon_core.package_identification:_identify(src/alicia_d_sts_gripper) by extension 'colcon_pkg'
[2.528s] Level 1:colcon.colcon_core.package_identification:_identify(src/alicia_d_sts_gripper) by extensions ['colcon_meta']
[2.528s] Level 1:colcon.colcon_core.package_identification:_identify(src/alicia_d_sts_gripper) by extension 'colcon_meta'
[2.529s] Level 1:colcon.colcon_core.package_identification:_identify(src/alicia_d_sts_gripper) by extensions ['ros']
[2.529s] Level 1:colcon.colcon_core.package_identification:_identify(src/alicia_d_sts_gripper) by extension 'ros'
[2.531s] DEBUG:colcon.colcon_core.package_identification:Package 'src/alicia_d_sts_gripper' with type 'ros.ament_cmake' and name 'alicia_d_sts_gripper'
[2.531s] Level 1:colcon.colcon_core.package_identification:_identify(src/alicia_d_thinkgrasp_bridge) by extensions ['ignore', 'ignore_ament_install']
[2.531s] Level 1:colcon.colcon_core.package_identification:_identify(src/alicia_d_thinkgrasp_bridge) by extension 'ignore'
[2.531s] Level 1:colcon.colcon_core.package_identification:_identify(src/alicia_d_thinkgrasp_bridge) by extension 'ignore_ament_install'
[2.532s] Level 1:colcon.colcon_core.package_identification:_identify(src/alicia_d_thinkgrasp_bridge) by extensions ['colcon_pkg']
[2.532s] Level 1:colcon.colcon_core.package_identification:_identify(src/alicia_d_thinkgrasp_bridge) by extension 'colcon_pkg'
[2.532s] Level 1:colcon.colcon_core.package_identification:_identify(src/alicia_d_thinkgrasp_bridge) by extensions ['colcon_meta']
[2.532s] Level 1:colcon.colcon_core.package_identification:_identify(src/alicia_d_thinkgrasp_bridge) by extension 'colcon_meta'
[2.532s] Level 1:colcon.colcon_core.package_identification:_identify(src/alicia_d_thinkgrasp_bridge) by extensions ['ros']
[2.532s] Level 1:colcon.colcon_core.package_identification:_identify(src/alicia_d_thinkgrasp_bridge) by extension 'ros'
[2.534s] DEBUG:colcon.colcon_core.package_identification:Package 'src/alicia_d_thinkgrasp_bridge' with type 'ros.ament_cmake' and name 'alicia_d_thinkgrasp_bridge'
[2.534s] Level 1:colcon.colcon_core.package_identification:_identify(src/docs) by extensions ['ignore', 'ignore_ament_install']
[2.534s] Level 1:colcon.colcon_core.package_identification:_identify(src/docs) by extension 'ignore'
[2.534s] Level 1:colcon.colcon_core.package_identification:_identify(src/docs) by extension 'ignore_ament_install'
[2.535s] Level 1:colcon.colcon_core.package_identification:_identify(src/docs) by extensions ['colcon_pkg']
[2.535s] Level 1:colcon.colcon_core.package_identification:_identify(src/docs) by extension 'colcon_pkg'
[2.535s] Level 1:colcon.colcon_core.package_identification:_identify(src/docs) by extensions ['colcon_meta']
[2.535s] Level 1:colcon.colcon_core.package_identification:_identify(src/docs) by extension 'colcon_meta'
[2.535s] Level 1:colcon.colcon_core.package_identification:_identify(src/docs) by extensions ['ros']
[2.535s] Level 1:colcon.colcon_core.package_identification:_identify(src/docs) by extension 'ros'
[2.535s] Level 1:colcon.colcon_core.package_identification:_identify(src/docs) by extensions ['cmake', 'python']
[2.536s] Level 1:colcon.colcon_core.package_identification:_identify(src/docs) by extension 'cmake'
[2.536s] Level 1:colcon.colcon_core.package_identification:_identify(src/docs) by extension 'python'
[2.536s] Level 1:colcon.colcon_core.package_identification:_identify(src/docs) by extensions ['python_setup_py']
[2.536s] Level 1:colcon.colcon_core.package_identification:_identify(src/docs) by extension 'python_setup_py'
[2.537s] Level 1:colcon.colcon_core.package_identification:_identify(src/examples) by extensions ['ignore', 'ignore_ament_install']
[2.537s] Level 1:colcon.colcon_core.package_identification:_identify(src/examples) by extension 'ignore'
[2.538s] Level 1:colcon.colcon_core.package_identification:_identify(src/examples) by extension 'ignore_ament_install'
[2.538s] Level 1:colcon.colcon_core.package_identification:_identify(src/examples) by extensions ['colcon_pkg']
[2.538s] Level 1:colcon.colcon_core.package_identification:_identify(src/examples) by extension 'colcon_pkg'
[2.538s] Level 1:colcon.colcon_core.package_identification:_identify(src/examples) by extensions ['colcon_meta']
[2.538s] Level 1:colcon.colcon_core.package_identification:_identify(src/examples) by extension 'colcon_meta'
[2.538s] Level 1:colcon.colcon_core.package_identification:_identify(src/examples) by extensions ['ros']
[2.538s] Level 1:colcon.colcon_core.package_identification:_identify(src/examples) by extension 'ros'
[2.539s] Level 1:colcon.colcon_core.package_identification:_identify(src/examples) by extensions ['cmake', 'python']
[2.539s] Level 1:colcon.colcon_core.package_identification:_identify(src/examples) by extension 'cmake'
[2.539s] Level 1:colcon.colcon_core.package_identification:_identify(src/examples) by extension 'python'
[2.539s] Level 1:colcon.colcon_core.package_identification:_identify(src/examples) by extensions ['python_setup_py']
[2.539s] Level 1:colcon.colcon_core.package_identification:_identify(src/examples) by extension 'python_setup_py'
[2.539s] Level 1:colcon.colcon_core.package_identification:_identify(src/imgs) by extensions ['ignore', 'ignore_ament_install']
[2.540s] Level 1:colcon.colcon_core.package_identification:_identify(src/imgs) by extension 'ignore'
[2.540s] Level 1:colcon.colcon_core.package_identification:_identify(src/imgs) by extension 'ignore_ament_install'
[2.540s] Level 1:colcon.colcon_core.package_identification:_identify(src/imgs) by extensions ['colcon_pkg']
[2.540s] Level 1:colcon.colcon_core.package_identification:_identify(src/imgs) by extension 'colcon_pkg'
[2.540s] Level 1:colcon.colcon_core.package_identification:_identify(src/imgs) by extensions ['colcon_meta']
[2.540s] Level 1:colcon.colcon_core.package_identification:_identify(src/imgs) by extension 'colcon_meta'
[2.540s] Level 1:colcon.colcon_core.package_identification:_identify(src/imgs) by extensions ['ros']
[2.541s] Level 1:colcon.colcon_core.package_identification:_identify(src/imgs) by extension 'ros'
[2.541s] Level 1:colcon.colcon_core.package_identification:_identify(src/imgs) by extensions ['cmake', 'python']
[2.541s] Level 1:colcon.colcon_core.package_identification:_identify(src/imgs) by extension 'cmake'
[2.541s] Level 1:colcon.colcon_core.package_identification:_identify(src/imgs) by extension 'python'
[2.542s] Level 1:colcon.colcon_core.package_identification:_identify(src/imgs) by extensions ['python_setup_py']
[2.542s] Level 1:colcon.colcon_core.package_identification:_identify(src/imgs) by extension 'python_setup_py'
[2.542s] Level 1:colcon.colcon_core.package_identification:_identify(tools) by extensions ['ignore', 'ignore_ament_install']
[2.543s] Level 1:colcon.colcon_core.package_identification:_identify(tools) by extension 'ignore'
[2.543s] Level 1:colcon.colcon_core.package_identification:_identify(tools) by extension 'ignore_ament_install'
[2.543s] Level 1:colcon.colcon_core.package_identification:_identify(tools) by extensions ['colcon_pkg']
[2.543s] Level 1:colcon.colcon_core.package_identification:_identify(tools) by extension 'colcon_pkg'
[2.543s] Level 1:colcon.colcon_core.package_identification:_identify(tools) by extensions ['colcon_meta']
[2.543s] Level 1:colcon.colcon_core.package_identification:_identify(tools) by extension 'colcon_meta'
[2.544s] Level 1:colcon.colcon_core.package_identification:_identify(tools) by extensions ['ros']
[2.544s] Level 1:colcon.colcon_core.package_identification:_identify(tools) by extension 'ros'
[2.544s] Level 1:colcon.colcon_core.package_identification:_identify(tools) by extensions ['cmake', 'python']
[2.544s] Level 1:colcon.colcon_core.package_identification:_identify(tools) by extension 'cmake'
[2.544s] Level 1:colcon.colcon_core.package_identification:_identify(tools) by extension 'python'
[2.544s] Level 1:colcon.colcon_core.package_identification:_identify(tools) by extensions ['python_setup_py']
[2.545s] Level 1:colcon.colcon_core.package_identification:_identify(tools) by extension 'python_setup_py'
[2.545s] Level 1:colcon.colcon_core.package_identification:_identify(tools/__pycache__) by extensions ['ignore', 'ignore_ament_install']
[2.546s] Level 1:colcon.colcon_core.package_identification:_identify(tools/__pycache__) by extension 'ignore'
[2.546s] Level 1:colcon.colcon_core.package_identification:_identify(tools/__pycache__) by extension 'ignore_ament_install'
[2.546s] Level 1:colcon.colcon_core.package_identification:_identify(tools/__pycache__) by extensions ['colcon_pkg']
[2.546s] Level 1:colcon.colcon_core.package_identification:_identify(tools/__pycache__) by extension 'colcon_pkg'
[2.546s] Level 1:colcon.colcon_core.package_identification:_identify(tools/__pycache__) by extensions ['colcon_meta']
[2.546s] Level 1:colcon.colcon_core.package_identification:_identify(tools/__pycache__) by extension 'colcon_meta'
[2.547s] Level 1:colcon.colcon_core.package_identification:_identify(tools/__pycache__) by extensions ['ros']
[2.547s] Level 1:colcon.colcon_core.package_identification:_identify(tools/__pycache__) by extension 'ros'
[2.547s] Level 1:colcon.colcon_core.package_identification:_identify(tools/__pycache__) by extensions ['cmake', 'python']
[2.547s] Level 1:colcon.colcon_core.package_identification:_identify(tools/__pycache__) by extension 'cmake'
[2.547s] Level 1:colcon.colcon_core.package_identification:_identify(tools/__pycache__) by extension 'python'
[2.548s] Level 1:colcon.colcon_core.package_identification:_identify(tools/__pycache__) by extensions ['python_setup_py']
[2.548s] Level 1:colcon.colcon_core.package_identification:_identify(tools/__pycache__) by extension 'python_setup_py'
[2.548s] Level 1:colcon.colcon_core.package_discovery:discover_packages(recursive) using defaults
[2.548s] Level 1:colcon.colcon_core.package_discovery:discover_packages(ignore) discover
[2.548s] Level 1:colcon.colcon_core.package_discovery:discover_packages(ignore) using defaults
[2.548s] Level 1:colcon.colcon_core.package_discovery:discover_packages(path) discover
[2.548s] Level 1:colcon.colcon_core.package_discovery:discover_packages(path) using defaults
[2.624s] Level 1:colcon.colcon_core.package_discovery:discover_packages(prefix_path) check parameters
[2.625s] Level 1:colcon.colcon_core.package_discovery:discover_packages(prefix_path) discover
[2.630s] DEBUG:colcon.colcon_installed_package_information.package_discovery:Found 383 installed packages in /opt/ros/humble
[2.634s] Level 1:colcon.colcon_core.package_discovery:discover_packages(prefix_path) using defaults
[2.744s] Level 5:colcon.colcon_core.verb:set package 'alicia_d_calibration' build argument 'cmake_args' from command line to 'None'
[2.744s] Level 5:colcon.colcon_core.verb:set package 'alicia_d_calibration' build argument 'cmake_target' from command line to 'None'
[2.744s] Level 5:colcon.colcon_core.verb:set package 'alicia_d_calibration' build argument 'cmake_target_skip_unavailable' from command line to 'False'
[2.744s] Level 5:colcon.colcon_core.verb:set package 'alicia_d_calibration' build argument 'cmake_clean_cache' from command line to 'False'
[2.744s] Level 5:colcon.colcon_core.verb:set package 'alicia_d_calibration' build argument 'cmake_clean_first' from command line to 'False'
[2.744s] Level 5:colcon.colcon_core.verb:set package 'alicia_d_calibration' build argument 'cmake_force_configure' from command line to 'False'
[2.744s] Level 5:colcon.colcon_core.verb:set package 'alicia_d_calibration' build argument 'ament_cmake_args' from command line to 'None'
[2.745s] Level 5:colcon.colcon_core.verb:set package 'alicia_d_calibration' build argument 'catkin_cmake_args' from command line to 'None'
[2.745s] Level 5:colcon.colcon_core.verb:set package 'alicia_d_calibration' build argument 'catkin_skip_building_tests' from command line to 'False'
[2.745s] DEBUG:colcon.colcon_core.verb:Building package 'alicia_d_calibration' with the following arguments: {'ament_cmake_args': None, 'build_base': '/home/Projects/HET/alicia_ws/build/alicia_d_calibration', 'catkin_cmake_args': None, 'catkin_skip_building_tests': False, 'cmake_args': None, 'cmake_clean_cache': False, 'cmake_clean_first': False, 'cmake_force_configure': False, 'cmake_target': None, 'cmake_target_skip_unavailable': False, 'install_base': '/home/Projects/HET/alicia_ws/install/alicia_d_calibration', 'merge_install': False, 'path': '/home/Projects/HET/alicia_ws/src/alicia_d_calibration', 'symlink_install': False, 'test_result_base': None}
[2.746s] Level 5:colcon.colcon_core.verb:set package 'alicia_d_control_interfaces' build argument 'cmake_args' from command line to 'None'
[2.746s] Level 5:colcon.colcon_core.verb:set package 'alicia_d_control_interfaces' build argument 'cmake_target' from command line to 'None'
[2.746s] Level 5:colcon.colcon_core.verb:set package 'alicia_d_control_interfaces' build argument 'cmake_target_skip_unavailable' from command line to 'False'
[2.746s] Level 5:colcon.colcon_core.verb:set package 'alicia_d_control_interfaces' build argument 'cmake_clean_cache' from command line to 'False'
[2.746s] Level 5:colcon.colcon_core.verb:set package 'alicia_d_control_interfaces' build argument 'cmake_clean_first' from command line to 'False'
[2.746s] Level 5:colcon.colcon_core.verb:set package 'alicia_d_control_interfaces' build argument 'cmake_force_configure' from command line to 'False'
[2.746s] Level 5:colcon.colcon_core.verb:set package 'alicia_d_control_interfaces' build argument 'ament_cmake_args' from command line to 'None'
[2.746s] Level 5:colcon.colcon_core.verb:set package 'alicia_d_control_interfaces' build argument 'catkin_cmake_args' from command line to 'None'
[2.746s] Level 5:colcon.colcon_core.verb:set package 'alicia_d_control_interfaces' build argument 'catkin_skip_building_tests' from command line to 'False'
[2.747s] DEBUG:colcon.colcon_core.verb:Building package 'alicia_d_control_interfaces' with the following arguments: {'ament_cmake_args': None, 'build_base': '/home/Projects/HET/alicia_ws/build/alicia_d_control_interfaces', 'catkin_cmake_args': None, 'catkin_skip_building_tests': False, 'cmake_args': None, 'cmake_clean_cache': False, 'cmake_clean_first': False, 'cmake_force_configure': False, 'cmake_target': None, 'cmake_target_skip_unavailable': False, 'install_base': '/home/Projects/HET/alicia_ws/install/alicia_d_control_interfaces', 'merge_install': False, 'path': '/home/Projects/HET/alicia_ws/src/alicia_d_control_interfaces', 'symlink_install': False, 'test_result_base': None}
[2.748s] Level 5:colcon.colcon_core.verb:set package 'alicia_d_cube_sort' build argument 'cmake_args' from command line to 'None'
[2.748s] Level 5:colcon.colcon_core.verb:set package 'alicia_d_cube_sort' build argument 'cmake_target' from command line to 'None'
[2.748s] Level 5:colcon.colcon_core.verb:set package 'alicia_d_cube_sort' build argument 'cmake_target_skip_unavailable' from command line to 'False'
[2.748s] Level 5:colcon.colcon_core.verb:set package 'alicia_d_cube_sort' build argument 'cmake_clean_cache' from command line to 'False'
[2.748s] Level 5:colcon.colcon_core.verb:set package 'alicia_d_cube_sort' build argument 'cmake_clean_first' from command line to 'False'
[2.748s] Level 5:colcon.colcon_core.verb:set package 'alicia_d_cube_sort' build argument 'cmake_force_configure' from command line to 'False'
[2.748s] Level 5:colcon.colcon_core.verb:set package 'alicia_d_cube_sort' build argument 'ament_cmake_args' from command line to 'None'
[2.748s] Level 5:colcon.colcon_core.verb:set package 'alicia_d_cube_sort' build argument 'catkin_cmake_args' from command line to 'None'
[2.748s] Level 5:colcon.colcon_core.verb:set package 'alicia_d_cube_sort' build argument 'catkin_skip_building_tests' from command line to 'False'
[2.748s] DEBUG:colcon.colcon_core.verb:Building package 'alicia_d_cube_sort' with the following arguments: {'ament_cmake_args': None, 'build_base': '/home/Projects/HET/alicia_ws/build/alicia_d_cube_sort', 'catkin_cmake_args': None, 'catkin_skip_building_tests': False, 'cmake_args': None, 'cmake_clean_cache': False, 'cmake_clean_first': False, 'cmake_force_configure': False, 'cmake_target': None, 'cmake_target_skip_unavailable': False, 'install_base': '/home/Projects/HET/alicia_ws/install/alicia_d_cube_sort', 'merge_install': False, 'path': '/home/Projects/HET/alicia_ws/src/alicia_d_cube_sort', 'symlink_install': False, 'test_result_base': None}
[2.749s] Level 5:colcon.colcon_core.verb:set package 'alicia_d_descriptions' build argument 'cmake_args' from command line to 'None'
[2.749s] Level 5:colcon.colcon_core.verb:set package 'alicia_d_descriptions' build argument 'cmake_target' from command line to 'None'
[2.749s] Level 5:colcon.colcon_core.verb:set package 'alicia_d_descriptions' build argument 'cmake_target_skip_unavailable' from command line to 'False'
[2.749s] Level 5:colcon.colcon_core.verb:set package 'alicia_d_descriptions' build argument 'cmake_clean_cache' from command line to 'False'
[2.749s] Level 5:colcon.colcon_core.verb:set package 'alicia_d_descriptions' build argument 'cmake_clean_first' from command line to 'False'
[2.749s] Level 5:colcon.colcon_core.verb:set package 'alicia_d_descriptions' build argument 'cmake_force_configure' from command line to 'False'
[2.749s] Level 5:colcon.colcon_core.verb:set package 'alicia_d_descriptions' build argument 'ament_cmake_args' from command line to 'None'
[2.749s] Level 5:colcon.colcon_core.verb:set package 'alicia_d_descriptions' build argument 'catkin_cmake_args' from command line to 'None'
[2.750s] Level 5:colcon.colcon_core.verb:set package 'alicia_d_descriptions' build argument 'catkin_skip_building_tests' from command line to 'False'
[2.750s] DEBUG:colcon.colcon_core.verb:Building package 'alicia_d_descriptions' with the following arguments: {'ament_cmake_args': None, 'build_base': '/home/Projects/HET/alicia_ws/build/alicia_d_descriptions', 'catkin_cmake_args': None, 'catkin_skip_building_tests': False, 'cmake_args': None, 'cmake_clean_cache': False, 'cmake_clean_first': False, 'cmake_force_configure': False, 'cmake_target': None, 'cmake_target_skip_unavailable': False, 'install_base': '/home/Projects/HET/alicia_ws/install/alicia_d_descriptions', 'merge_install': False, 'path': '/home/Projects/HET/alicia_ws/src/alicia_d_descriptions', 'symlink_install': False, 'test_result_base': None}
[2.750s] Level 5:colcon.colcon_core.verb:set package 'alicia_d_driver' build argument 'cmake_args' from command line to 'None'
[2.750s] Level 5:colcon.colcon_core.verb:set package 'alicia_d_driver' build argument 'cmake_target' from command line to 'None'
[2.750s] Level 5:colcon.colcon_core.verb:set package 'alicia_d_driver' build argument 'cmake_target_skip_unavailable' from command line to 'False'
[2.751s] Level 5:colcon.colcon_core.verb:set package 'alicia_d_driver' build argument 'cmake_clean_cache' from command line to 'False'
[2.751s] Level 5:colcon.colcon_core.verb:set package 'alicia_d_driver' build argument 'cmake_clean_first' from command line to 'False'
[2.751s] Level 5:colcon.colcon_core.verb:set package 'alicia_d_driver' build argument 'cmake_force_configure' from command line to 'False'
[2.751s] Level 5:colcon.colcon_core.verb:set package 'alicia_d_driver' build argument 'ament_cmake_args' from command line to 'None'
[2.751s] Level 5:colcon.colcon_core.verb:set package 'alicia_d_driver' build argument 'catkin_cmake_args' from command line to 'None'
[2.751s] Level 5:colcon.colcon_core.verb:set package 'alicia_d_driver' build argument 'catkin_skip_building_tests' from command line to 'False'
[2.751s] DEBUG:colcon.colcon_core.verb:Building package 'alicia_d_driver' with the following arguments: {'ament_cmake_args': None, 'build_base': '/home/Projects/HET/alicia_ws/build/alicia_d_driver', 'catkin_cmake_args': None, 'catkin_skip_building_tests': False, 'cmake_args': None, 'cmake_clean_cache': False, 'cmake_clean_first': False, 'cmake_force_configure': False, 'cmake_target': None, 'cmake_target_skip_unavailable': False, 'install_base': '/home/Projects/HET/alicia_ws/install/alicia_d_driver', 'merge_install': False, 'path': '/home/Projects/HET/alicia_ws/src/alicia_d_driver', 'symlink_install': False, 'test_result_base': None}
[2.752s] Level 5:colcon.colcon_core.verb:set package 'alicia_d_arm_motion' build argument 'cmake_args' from command line to 'None'
[2.752s] Level 5:colcon.colcon_core.verb:set package 'alicia_d_arm_motion' build argument 'cmake_target' from command line to 'None'
[2.752s] Level 5:colcon.colcon_core.verb:set package 'alicia_d_arm_motion' build argument 'cmake_target_skip_unavailable' from command line to 'False'
[2.752s] Level 5:colcon.colcon_core.verb:set package 'alicia_d_arm_motion' build argument 'cmake_clean_cache' from command line to 'False'
[2.752s] Level 5:colcon.colcon_core.verb:set package 'alicia_d_arm_motion' build argument 'cmake_clean_first' from command line to 'False'
[2.752s] Level 5:colcon.colcon_core.verb:set package 'alicia_d_arm_motion' build argument 'cmake_force_configure' from command line to 'False'
[2.752s] Level 5:colcon.colcon_core.verb:set package 'alicia_d_arm_motion' build argument 'ament_cmake_args' from command line to 'None'
[2.752s] Level 5:colcon.colcon_core.verb:set package 'alicia_d_arm_motion' build argument 'catkin_cmake_args' from command line to 'None'
[2.752s] Level 5:colcon.colcon_core.verb:set package 'alicia_d_arm_motion' build argument 'catkin_skip_building_tests' from command line to 'False'
[2.753s] DEBUG:colcon.colcon_core.verb:Building package 'alicia_d_arm_motion' with the following arguments: {'ament_cmake_args': None, 'build_base': '/home/Projects/HET/alicia_ws/build/alicia_d_arm_motion', 'catkin_cmake_args': None, 'catkin_skip_building_tests': False, 'cmake_args': None, 'cmake_clean_cache': False, 'cmake_clean_first': False, 'cmake_force_configure': False, 'cmake_target': None, 'cmake_target_skip_unavailable': False, 'install_base': '/home/Projects/HET/alicia_ws/install/alicia_d_arm_motion', 'merge_install': False, 'path': '/home/Projects/HET/alicia_ws/src/alicia_d_arm_motion', 'symlink_install': False, 'test_result_base': None}
[2.754s] Level 5:colcon.colcon_core.verb:set package 'alicia_d_moveit' build argument 'cmake_args' from command line to 'None'
[2.754s] Level 5:colcon.colcon_core.verb:set package 'alicia_d_moveit' build argument 'cmake_target' from command line to 'None'
[2.754s] Level 5:colcon.colcon_core.verb:set package 'alicia_d_moveit' build argument 'cmake_target_skip_unavailable' from command line to 'False'
[2.754s] Level 5:colcon.colcon_core.verb:set package 'alicia_d_moveit' build argument 'cmake_clean_cache' from command line to 'False'
[2.754s] Level 5:colcon.colcon_core.verb:set package 'alicia_d_moveit' build argument 'cmake_clean_first' from command line to 'False'
[2.754s] Level 5:colcon.colcon_core.verb:set package 'alicia_d_moveit' build argument 'cmake_force_configure' from command line to 'False'
[2.754s] Level 5:colcon.colcon_core.verb:set package 'alicia_d_moveit' build argument 'ament_cmake_args' from command line to 'None'
[2.754s] Level 5:colcon.colcon_core.verb:set package 'alicia_d_moveit' build argument 'catkin_cmake_args' from command line to 'None'
[2.754s] Level 5:colcon.colcon_core.verb:set package 'alicia_d_moveit' build argument 'catkin_skip_building_tests' from command line to 'False'
[2.754s] DEBUG:colcon.colcon_core.verb:Building package 'alicia_d_moveit' with the following arguments: {'ament_cmake_args': None, 'build_base': '/home/Projects/HET/alicia_ws/build/alicia_d_moveit', 'catkin_cmake_args': None, 'catkin_skip_building_tests': False, 'cmake_args': None, 'cmake_clean_cache': False, 'cmake_clean_first': False, 'cmake_force_configure': False, 'cmake_target': None, 'cmake_target_skip_unavailable': False, 'install_base': '/home/Projects/HET/alicia_ws/install/alicia_d_moveit', 'merge_install': False, 'path': '/home/Projects/HET/alicia_ws/src/alicia_d_moveit', 'symlink_install': False, 'test_result_base': None}
[2.755s] Level 5:colcon.colcon_core.verb:set package 'alicia_d_pick_coordinator' build argument 'cmake_args' from command line to 'None'
[2.755s] Level 5:colcon.colcon_core.verb:set package 'alicia_d_pick_coordinator' build argument 'cmake_target' from command line to 'None'
[2.755s] Level 5:colcon.colcon_core.verb:set package 'alicia_d_pick_coordinator' build argument 'cmake_target_skip_unavailable' from command line to 'False'
[2.756s] Level 5:colcon.colcon_core.verb:set package 'alicia_d_pick_coordinator' build argument 'cmake_clean_cache' from command line to 'False'
[2.756s] Level 5:colcon.colcon_core.verb:set package 'alicia_d_pick_coordinator' build argument 'cmake_clean_first' from command line to 'False'
[2.756s] Level 5:colcon.colcon_core.verb:set package 'alicia_d_pick_coordinator' build argument 'cmake_force_configure' from command line to 'False'
[2.756s] Level 5:colcon.colcon_core.verb:set package 'alicia_d_pick_coordinator' build argument 'ament_cmake_args' from command line to 'None'
[2.756s] Level 5:colcon.colcon_core.verb:set package 'alicia_d_pick_coordinator' build argument 'catkin_cmake_args' from command line to 'None'
[2.756s] Level 5:colcon.colcon_core.verb:set package 'alicia_d_pick_coordinator' build argument 'catkin_skip_building_tests' from command line to 'False'
[2.756s] DEBUG:colcon.colcon_core.verb:Building package 'alicia_d_pick_coordinator' with the following arguments: {'ament_cmake_args': None, 'build_base': '/home/Projects/HET/alicia_ws/build/alicia_d_pick_coordinator', 'catkin_cmake_args': None, 'catkin_skip_building_tests': False, 'cmake_args': None, 'cmake_clean_cache': False, 'cmake_clean_first': False, 'cmake_force_configure': False, 'cmake_target': None, 'cmake_target_skip_unavailable': False, 'install_base': '/home/Projects/HET/alicia_ws/install/alicia_d_pick_coordinator', 'merge_install': False, 'path': '/home/Projects/HET/alicia_ws/src/alicia_d_pick_coordinator', 'symlink_install': False, 'test_result_base': None}
[2.757s] Level 5:colcon.colcon_core.verb:set package 'alicia_d_sts_gripper' build argument 'cmake_args' from command line to 'None'
[2.757s] Level 5:colcon.colcon_core.verb:set package 'alicia_d_sts_gripper' build argument 'cmake_target' from command line to 'None'
[2.757s] Level 5:colcon.colcon_core.verb:set package 'alicia_d_sts_gripper' build argument 'cmake_target_skip_unavailable' from command line to 'False'
[2.757s] Level 5:colcon.colcon_core.verb:set package 'alicia_d_sts_gripper' build argument 'cmake_clean_cache' from command line to 'False'
[2.757s] Level 5:colcon.colcon_core.verb:set package 'alicia_d_sts_gripper' build argument 'cmake_clean_first' from command line to 'False'
[2.757s] Level 5:colcon.colcon_core.verb:set package 'alicia_d_sts_gripper' build argument 'cmake_force_configure' from command line to 'False'
[2.757s] Level 5:colcon.colcon_core.verb:set package 'alicia_d_sts_gripper' build argument 'ament_cmake_args' from command line to 'None'
[2.758s] Level 5:colcon.colcon_core.verb:set package 'alicia_d_sts_gripper' build argument 'catkin_cmake_args' from command line to 'None'
[2.758s] Level 5:colcon.colcon_core.verb:set package 'alicia_d_sts_gripper' build argument 'catkin_skip_building_tests' from command line to 'False'
[2.758s] DEBUG:colcon.colcon_core.verb:Building package 'alicia_d_sts_gripper' with the following arguments: {'ament_cmake_args': None, 'build_base': '/home/Projects/HET/alicia_ws/build/alicia_d_sts_gripper', 'catkin_cmake_args': None, 'catkin_skip_building_tests': False, 'cmake_args': None, 'cmake_clean_cache': False, 'cmake_clean_first': False, 'cmake_force_configure': False, 'cmake_target': None, 'cmake_target_skip_unavailable': False, 'install_base': '/home/Projects/HET/alicia_ws/install/alicia_d_sts_gripper', 'merge_install': False, 'path': '/home/Projects/HET/alicia_ws/src/alicia_d_sts_gripper', 'symlink_install': False, 'test_result_base': None}
[2.759s] Level 5:colcon.colcon_core.verb:set package 'alicia_d_thinkgrasp_bridge' build argument 'cmake_args' from command line to 'None'
[2.759s] Level 5:colcon.colcon_core.verb:set package 'alicia_d_thinkgrasp_bridge' build argument 'cmake_target' from command line to 'None'
[2.759s] Level 5:colcon.colcon_core.verb:set package 'alicia_d_thinkgrasp_bridge' build argument 'cmake_target_skip_unavailable' from command line to 'False'
[2.759s] Level 5:colcon.colcon_core.verb:set package 'alicia_d_thinkgrasp_bridge' build argument 'cmake_clean_cache' from command line to 'False'
[2.759s] Level 5:colcon.colcon_core.verb:set package 'alicia_d_thinkgrasp_bridge' build argument 'cmake_clean_first' from command line to 'False'
[2.759s] Level 5:colcon.colcon_core.verb:set package 'alicia_d_thinkgrasp_bridge' build argument 'cmake_force_configure' from command line to 'False'
[2.759s] Level 5:colcon.colcon_core.verb:set package 'alicia_d_thinkgrasp_bridge' build argument 'ament_cmake_args' from command line to 'None'
[2.759s] Level 5:colcon.colcon_core.verb:set package 'alicia_d_thinkgrasp_bridge' build argument 'catkin_cmake_args' from command line to 'None'
[2.759s] Level 5:colcon.colcon_core.verb:set package 'alicia_d_thinkgrasp_bridge' build argument 'catkin_skip_building_tests' from command line to 'False'
[2.759s] DEBUG:colcon.colcon_core.verb:Building package 'alicia_d_thinkgrasp_bridge' with the following arguments: {'ament_cmake_args': None, 'build_base': '/home/Projects/HET/alicia_ws/build/alicia_d_thinkgrasp_bridge', 'catkin_cmake_args': None, 'catkin_skip_building_tests': False, 'cmake_args': None, 'cmake_clean_cache': False, 'cmake_clean_first': False, 'cmake_force_configure': False, 'cmake_target': None, 'cmake_target_skip_unavailable': False, 'install_base': '/home/Projects/HET/alicia_ws/install/alicia_d_thinkgrasp_bridge', 'merge_install': False, 'path': '/home/Projects/HET/alicia_ws/src/alicia_d_thinkgrasp_bridge', 'symlink_install': False, 'test_result_base': None}
[2.760s] INFO:colcon.colcon_core.executor:Executing jobs using 'parallel' executor
[2.763s] DEBUG:colcon.colcon_parallel_executor.executor.parallel:run_until_complete
[2.764s] INFO:colcon.colcon_ros.task.ament_cmake.build:Building ROS package in '/home/Projects/HET/alicia_ws/src/alicia_d_control_interfaces' with build type 'ament_cmake'
[2.764s] INFO:colcon.colcon_cmake.task.cmake.build:Building CMake package in '/home/Projects/HET/alicia_ws/src/alicia_d_control_interfaces'
[2.774s] INFO:colcon.colcon_core.plugin_system:Skipping extension 'colcon_core.shell.bat': Not used on non-Windows systems
[2.775s] INFO:colcon.colcon_core.shell:Skip shell extension 'powershell' for command environment: Not usable outside of PowerShell
[2.775s] DEBUG:colcon.colcon_core.shell:Skip shell extension 'dsv' for command environment
[2.784s] INFO:colcon.colcon_ros.task.ament_cmake.build:Building ROS package in '/home/Projects/HET/alicia_ws/src/alicia_d_descriptions' with build type 'ament_cmake'
[2.785s] INFO:colcon.colcon_cmake.task.cmake.build:Building CMake package in '/home/Projects/HET/alicia_ws/src/alicia_d_descriptions'
[2.786s] INFO:colcon.colcon_core.shell:Skip shell extension 'powershell' for command environment: Not usable outside of PowerShell
[2.786s] DEBUG:colcon.colcon_core.shell:Skip shell extension 'dsv' for command environment
[2.794s] INFO:colcon.colcon_ros.task.ament_cmake.build:Building ROS package in '/home/Projects/HET/alicia_ws/src/alicia_d_driver' with build type 'ament_cmake'
[2.794s] INFO:colcon.colcon_cmake.task.cmake.build:Building CMake package in '/home/Projects/HET/alicia_ws/src/alicia_d_driver'
[2.796s] INFO:colcon.colcon_core.shell:Skip shell extension 'powershell' for command environment: Not usable outside of PowerShell
[2.796s] DEBUG:colcon.colcon_core.shell:Skip shell extension 'dsv' for command environment
[2.804s] INFO:colcon.colcon_ros.task.ament_cmake.build:Building ROS package in '/home/Projects/HET/alicia_ws/src/alicia_d_calibration' with build type 'ament_cmake'
[2.805s] INFO:colcon.colcon_cmake.task.cmake.build:Building CMake package in '/home/Projects/HET/alicia_ws/src/alicia_d_calibration'
[2.807s] INFO:colcon.colcon_core.shell:Skip shell extension 'powershell' for command environment: Not usable outside of PowerShell
[2.807s] DEBUG:colcon.colcon_core.shell:Skip shell extension 'dsv' for command environment
[2.815s] INFO:colcon.colcon_ros.task.ament_cmake.build:Building ROS package in '/home/Projects/HET/alicia_ws/src/alicia_d_cube_sort' with build type 'ament_cmake'
[2.815s] INFO:colcon.colcon_cmake.task.cmake.build:Building CMake package in '/home/Projects/HET/alicia_ws/src/alicia_d_cube_sort'
[2.817s] INFO:colcon.colcon_core.shell:Skip shell extension 'powershell' for command environment: Not usable outside of PowerShell
[2.817s] DEBUG:colcon.colcon_core.shell:Skip shell extension 'dsv' for command environment
[2.845s] DEBUG:colcon.colcon_core.event_handler.log_command:Invoking command in '/home/Projects/HET/alicia_ws/build/alicia_d_control_interfaces': CMAKE_PREFIX_PATH=/opt/ros/humble /usr/bin/cmake --build /home/Projects/HET/alicia_ws/build/alicia_d_control_interfaces -- -j20 -l20
[2.856s] DEBUG:colcon.colcon_core.event_handler.log_command:Invoking command in '/home/Projects/HET/alicia_ws/build/alicia_d_descriptions': CMAKE_PREFIX_PATH=/opt/ros/humble /usr/bin/cmake --build /home/Projects/HET/alicia_ws/build/alicia_d_descriptions -- -j20 -l20
[2.872s] DEBUG:colcon.colcon_core.event_handler.log_command:Invoking command in '/home/Projects/HET/alicia_ws/build/alicia_d_driver': CMAKE_PREFIX_PATH=/opt/ros/humble /usr/bin/cmake --build /home/Projects/HET/alicia_ws/build/alicia_d_driver -- -j20 -l20
[2.886s] DEBUG:colcon.colcon_core.event_handler.log_command:Invoking command in '/home/Projects/HET/alicia_ws/build/alicia_d_calibration': CMAKE_PREFIX_PATH=/opt/ros/humble /usr/bin/cmake --build /home/Projects/HET/alicia_ws/build/alicia_d_calibration -- -j20 -l20
[2.902s] DEBUG:colcon.colcon_core.event_handler.log_command:Invoking command in '/home/Projects/HET/alicia_ws/build/alicia_d_cube_sort': CMAKE_PREFIX_PATH=/opt/ros/humble /usr/bin/cmake --build /home/Projects/HET/alicia_ws/build/alicia_d_cube_sort -- -j20 -l20
[2.961s] DEBUG:colcon.colcon_core.event_handler.log_command:Invoked command in '/home/Projects/HET/alicia_ws/build/alicia_d_descriptions' returned '0': CMAKE_PREFIX_PATH=/opt/ros/humble /usr/bin/cmake --build /home/Projects/HET/alicia_ws/build/alicia_d_descriptions -- -j20 -l20
[2.991s] DEBUG:colcon.colcon_core.event_handler.log_command:Invoking command in '/home/Projects/HET/alicia_ws/build/alicia_d_descriptions': CMAKE_PREFIX_PATH=/opt/ros/humble /usr/bin/cmake --install /home/Projects/HET/alicia_ws/build/alicia_d_descriptions
[3.025s] Level 1:colcon.colcon_core.environment:create_environment_scripts_only(alicia_d_descriptions)
[3.050s] Level 1:colcon.colcon_core.environment:checking '/home/Projects/HET/alicia_ws/install/alicia_d_descriptions' for CMake module files
[3.062s] Level 1:colcon.colcon_core.environment:checking '/home/Projects/HET/alicia_ws/install/alicia_d_descriptions' for CMake config files
[3.070s] Level 1:colcon.colcon_core.shell:create_environment_hook('alicia_d_descriptions', 'cmake_prefix_path')
[3.071s] INFO:colcon.colcon_core.shell:Creating environment hook '/home/Projects/HET/alicia_ws/install/alicia_d_descriptions/share/alicia_d_descriptions/hook/cmake_prefix_path.ps1'
[3.073s] DEBUG:colcon.colcon_core.event_handler.log_command:Invoked command in '/home/Projects/HET/alicia_ws/build/alicia_d_descriptions' returned '0': CMAKE_PREFIX_PATH=/opt/ros/humble /usr/bin/cmake --install /home/Projects/HET/alicia_ws/build/alicia_d_descriptions
[3.079s] INFO:colcon.colcon_core.shell:Creating environment descriptor '/home/Projects/HET/alicia_ws/install/alicia_d_descriptions/share/alicia_d_descriptions/hook/cmake_prefix_path.dsv'
[3.081s] INFO:colcon.colcon_core.shell:Creating environment hook '/home/Projects/HET/alicia_ws/install/alicia_d_descriptions/share/alicia_d_descriptions/hook/cmake_prefix_path.sh'
[3.084s] Level 1:colcon.colcon_core.environment:checking '/home/Projects/HET/alicia_ws/install/alicia_d_descriptions/lib'
[3.085s] Level 1:colcon.colcon_core.environment:checking '/home/Projects/HET/alicia_ws/install/alicia_d_descriptions/bin'
[3.086s] Level 1:colcon.colcon_core.environment:checking '/home/Projects/HET/alicia_ws/install/alicia_d_descriptions/lib/pkgconfig/alicia_d_descriptions.pc'
[3.087s] Level 1:colcon.colcon_core.environment:checking '/home/Projects/HET/alicia_ws/install/alicia_d_descriptions/lib/python3.10/site-packages'
[3.089s] Level 1:colcon.colcon_core.environment:checking '/home/Projects/HET/alicia_ws/install/alicia_d_descriptions/bin'
[3.090s] INFO:colcon.colcon_core.shell:Creating package script '/home/Projects/HET/alicia_ws/install/alicia_d_descriptions/share/alicia_d_descriptions/package.ps1'
[3.093s] INFO:colcon.colcon_core.shell:Creating package descriptor '/home/Projects/HET/alicia_ws/install/alicia_d_descriptions/share/alicia_d_descriptions/package.dsv'
[3.095s] INFO:colcon.colcon_core.shell:Creating package script '/home/Projects/HET/alicia_ws/install/alicia_d_descriptions/share/alicia_d_descriptions/package.sh'
[3.100s] INFO:colcon.colcon_core.shell:Creating package script '/home/Projects/HET/alicia_ws/install/alicia_d_descriptions/share/alicia_d_descriptions/package.bash'
[3.106s] INFO:colcon.colcon_core.shell:Creating package script '/home/Projects/HET/alicia_ws/install/alicia_d_descriptions/share/alicia_d_descriptions/package.zsh'
[3.110s] Level 1:colcon.colcon_core.environment:create_file_with_runtime_dependencies(/home/Projects/HET/alicia_ws/install/alicia_d_descriptions/share/colcon-core/packages/alicia_d_descriptions)
[3.113s] Level 1:colcon.colcon_core.environment:create_environment_scripts_only(alicia_d_descriptions)
[3.114s] Level 1:colcon.colcon_core.environment:checking '/home/Projects/HET/alicia_ws/install/alicia_d_descriptions' for CMake module files
[3.115s] Level 1:colcon.colcon_core.environment:checking '/home/Projects/HET/alicia_ws/install/alicia_d_descriptions' for CMake config files
[3.116s] Level 1:colcon.colcon_core.shell:create_environment_hook('alicia_d_descriptions', 'cmake_prefix_path')
[3.117s] INFO:colcon.colcon_core.shell:Creating environment hook '/home/Projects/HET/alicia_ws/install/alicia_d_descriptions/share/alicia_d_descriptions/hook/cmake_prefix_path.ps1'
[3.119s] INFO:colcon.colcon_core.shell:Creating environment descriptor '/home/Projects/HET/alicia_ws/install/alicia_d_descriptions/share/alicia_d_descriptions/hook/cmake_prefix_path.dsv'
[3.120s] INFO:colcon.colcon_core.shell:Creating environment hook '/home/Projects/HET/alicia_ws/install/alicia_d_descriptions/share/alicia_d_descriptions/hook/cmake_prefix_path.sh'
[3.121s] Level 1:colcon.colcon_core.environment:checking '/home/Projects/HET/alicia_ws/install/alicia_d_descriptions/lib'
[3.122s] Level 1:colcon.colcon_core.environment:checking '/home/Projects/HET/alicia_ws/install/alicia_d_descriptions/bin'
[3.122s] Level 1:colcon.colcon_core.environment:checking '/home/Projects/HET/alicia_ws/install/alicia_d_descriptions/lib/pkgconfig/alicia_d_descriptions.pc'
[3.122s] Level 1:colcon.colcon_core.environment:checking '/home/Projects/HET/alicia_ws/install/alicia_d_descriptions/lib/python3.10/site-packages'
[3.123s] Level 1:colcon.colcon_core.environment:checking '/home/Projects/HET/alicia_ws/install/alicia_d_descriptions/bin'
[3.124s] INFO:colcon.colcon_core.shell:Creating package script '/home/Projects/HET/alicia_ws/install/alicia_d_descriptions/share/alicia_d_descriptions/package.ps1'
[3.126s] INFO:colcon.colcon_core.shell:Creating package descriptor '/home/Projects/HET/alicia_ws/install/alicia_d_descriptions/share/alicia_d_descriptions/package.dsv'
[3.127s] INFO:colcon.colcon_core.shell:Creating package script '/home/Projects/HET/alicia_ws/install/alicia_d_descriptions/share/alicia_d_descriptions/package.sh'
[3.129s] INFO:colcon.colcon_core.shell:Creating package script '/home/Projects/HET/alicia_ws/install/alicia_d_descriptions/share/alicia_d_descriptions/package.bash'
[3.130s] INFO:colcon.colcon_core.shell:Creating package script '/home/Projects/HET/alicia_ws/install/alicia_d_descriptions/share/alicia_d_descriptions/package.zsh'
[3.131s] Level 1:colcon.colcon_core.environment:create_file_with_runtime_dependencies(/home/Projects/HET/alicia_ws/install/alicia_d_descriptions/share/colcon-core/packages/alicia_d_descriptions)
[3.212s] DEBUG:colcon.colcon_core.event_handler.log_command:Invoked command in '/home/Projects/HET/alicia_ws/build/alicia_d_driver' returned '0': CMAKE_PREFIX_PATH=/opt/ros/humble /usr/bin/cmake --build /home/Projects/HET/alicia_ws/build/alicia_d_driver -- -j20 -l20
[3.218s] DEBUG:colcon.colcon_core.event_handler.log_command:Invoking command in '/home/Projects/HET/alicia_ws/build/alicia_d_driver': CMAKE_PREFIX_PATH=/opt/ros/humble /usr/bin/cmake --install /home/Projects/HET/alicia_ws/build/alicia_d_driver
[3.250s] Level 1:colcon.colcon_core.environment:create_environment_scripts_only(alicia_d_driver)
[3.251s] Level 1:colcon.colcon_core.environment:checking '/home/Projects/HET/alicia_ws/install/alicia_d_driver' for CMake module files
[3.253s] DEBUG:colcon.colcon_core.event_handler.log_command:Invoked command in '/home/Projects/HET/alicia_ws/build/alicia_d_driver' returned '0': CMAKE_PREFIX_PATH=/opt/ros/humble /usr/bin/cmake --install /home/Projects/HET/alicia_ws/build/alicia_d_driver
[3.255s] Level 1:colcon.colcon_core.environment:checking '/home/Projects/HET/alicia_ws/install/alicia_d_driver' for CMake config files
[3.255s] Level 1:colcon.colcon_core.shell:create_environment_hook('alicia_d_driver', 'cmake_prefix_path')
[3.256s] INFO:colcon.colcon_core.shell:Creating environment hook '/home/Projects/HET/alicia_ws/install/alicia_d_driver/share/alicia_d_driver/hook/cmake_prefix_path.ps1'
[3.258s] INFO:colcon.colcon_core.shell:Creating environment descriptor '/home/Projects/HET/alicia_ws/install/alicia_d_driver/share/alicia_d_driver/hook/cmake_prefix_path.dsv'
[3.259s] INFO:colcon.colcon_core.shell:Creating environment hook '/home/Projects/HET/alicia_ws/install/alicia_d_driver/share/alicia_d_driver/hook/cmake_prefix_path.sh'
[3.260s] Level 1:colcon.colcon_core.environment:checking '/home/Projects/HET/alicia_ws/install/alicia_d_driver/lib'
[3.260s] Level 1:colcon.colcon_core.shell:create_environment_hook('alicia_d_driver', 'ld_library_path_lib')
[3.261s] INFO:colcon.colcon_core.shell:Creating environment hook '/home/Projects/HET/alicia_ws/install/alicia_d_driver/share/alicia_d_driver/hook/ld_library_path_lib.ps1'
[3.263s] INFO:colcon.colcon_core.shell:Creating environment descriptor '/home/Projects/HET/alicia_ws/install/alicia_d_driver/share/alicia_d_driver/hook/ld_library_path_lib.dsv'
[3.264s] INFO:colcon.colcon_core.shell:Creating environment hook '/home/Projects/HET/alicia_ws/install/alicia_d_driver/share/alicia_d_driver/hook/ld_library_path_lib.sh'
[3.264s] Level 1:colcon.colcon_core.environment:checking '/home/Projects/HET/alicia_ws/install/alicia_d_driver/bin'
[3.265s] Level 1:colcon.colcon_core.environment:checking '/home/Projects/HET/alicia_ws/install/alicia_d_driver/lib/pkgconfig/alicia_d_driver.pc'
[3.265s] Level 1:colcon.colcon_core.environment:checking '/home/Projects/HET/alicia_ws/install/alicia_d_driver/lib/python3.10/site-packages'
[3.266s] Level 1:colcon.colcon_core.environment:checking '/home/Projects/HET/alicia_ws/install/alicia_d_driver/bin'
[3.267s] INFO:colcon.colcon_core.shell:Creating package script '/home/Projects/HET/alicia_ws/install/alicia_d_driver/share/alicia_d_driver/package.ps1'
[3.268s] INFO:colcon.colcon_core.shell:Creating package descriptor '/home/Projects/HET/alicia_ws/install/alicia_d_driver/share/alicia_d_driver/package.dsv'
[3.269s] INFO:colcon.colcon_core.shell:Creating package script '/home/Projects/HET/alicia_ws/install/alicia_d_driver/share/alicia_d_driver/package.sh'
[3.270s] INFO:colcon.colcon_core.shell:Creating package script '/home/Projects/HET/alicia_ws/install/alicia_d_driver/share/alicia_d_driver/package.bash'
[3.271s] INFO:colcon.colcon_core.shell:Creating package script '/home/Projects/HET/alicia_ws/install/alicia_d_driver/share/alicia_d_driver/package.zsh'
[3.272s] Level 1:colcon.colcon_core.environment:create_file_with_runtime_dependencies(/home/Projects/HET/alicia_ws/install/alicia_d_driver/share/colcon-core/packages/alicia_d_driver)
[3.273s] Level 1:colcon.colcon_core.environment:create_environment_scripts_only(alicia_d_driver)
[3.273s] Level 1:colcon.colcon_core.environment:checking '/home/Projects/HET/alicia_ws/install/alicia_d_driver' for CMake module files
[3.275s] Level 1:colcon.colcon_core.environment:checking '/home/Projects/HET/alicia_ws/install/alicia_d_driver' for CMake config files
[3.276s] Level 1:colcon.colcon_core.shell:create_environment_hook('alicia_d_driver', 'cmake_prefix_path')
[3.277s] INFO:colcon.colcon_core.shell:Creating environment hook '/home/Projects/HET/alicia_ws/install/alicia_d_driver/share/alicia_d_driver/hook/cmake_prefix_path.ps1'
[3.278s] INFO:colcon.colcon_core.shell:Creating environment descriptor '/home/Projects/HET/alicia_ws/install/alicia_d_driver/share/alicia_d_driver/hook/cmake_prefix_path.dsv'
[3.280s] INFO:colcon.colcon_core.shell:Creating environment hook '/home/Projects/HET/alicia_ws/install/alicia_d_driver/share/alicia_d_driver/hook/cmake_prefix_path.sh'
[3.283s] Level 1:colcon.colcon_core.environment:checking '/home/Projects/HET/alicia_ws/install/alicia_d_driver/lib'
[3.283s] Level 1:colcon.colcon_core.shell:create_environment_hook('alicia_d_driver', 'ld_library_path_lib')
[3.284s] INFO:colcon.colcon_core.shell:Creating environment hook '/home/Projects/HET/alicia_ws/install/alicia_d_driver/share/alicia_d_driver/hook/ld_library_path_lib.ps1'
[3.285s] INFO:colcon.colcon_core.shell:Creating environment descriptor '/home/Projects/HET/alicia_ws/install/alicia_d_driver/share/alicia_d_driver/hook/ld_library_path_lib.dsv'
[3.286s] INFO:colcon.colcon_core.shell:Creating environment hook '/home/Projects/HET/alicia_ws/install/alicia_d_driver/share/alicia_d_driver/hook/ld_library_path_lib.sh'
[3.288s] Level 1:colcon.colcon_core.environment:checking '/home/Projects/HET/alicia_ws/install/alicia_d_driver/bin'
[3.288s] Level 1:colcon.colcon_core.environment:checking '/home/Projects/HET/alicia_ws/install/alicia_d_driver/lib/pkgconfig/alicia_d_driver.pc'
[3.288s] Level 1:colcon.colcon_core.environment:checking '/home/Projects/HET/alicia_ws/install/alicia_d_driver/lib/python3.10/site-packages'
[3.289s] Level 1:colcon.colcon_core.environment:checking '/home/Projects/HET/alicia_ws/install/alicia_d_driver/bin'
[3.290s] INFO:colcon.colcon_core.shell:Creating package script '/home/Projects/HET/alicia_ws/install/alicia_d_driver/share/alicia_d_driver/package.ps1'
[3.291s] INFO:colcon.colcon_core.shell:Creating package descriptor '/home/Projects/HET/alicia_ws/install/alicia_d_driver/share/alicia_d_driver/package.dsv'
[3.293s] INFO:colcon.colcon_core.shell:Creating package script '/home/Projects/HET/alicia_ws/install/alicia_d_driver/share/alicia_d_driver/package.sh'
[3.295s] INFO:colcon.colcon_core.shell:Creating package script '/home/Projects/HET/alicia_ws/install/alicia_d_driver/share/alicia_d_driver/package.bash'
[3.297s] INFO:colcon.colcon_core.shell:Creating package script '/home/Projects/HET/alicia_ws/install/alicia_d_driver/share/alicia_d_driver/package.zsh'
[3.298s] Level 1:colcon.colcon_core.environment:create_file_with_runtime_dependencies(/home/Projects/HET/alicia_ws/install/alicia_d_driver/share/colcon-core/packages/alicia_d_driver)
[3.300s] INFO:colcon.colcon_ros.task.ament_cmake.build:Building ROS package in '/home/Projects/HET/alicia_ws/src/alicia_d_moveit' with build type 'ament_cmake'
[3.300s] INFO:colcon.colcon_cmake.task.cmake.build:Building CMake package in '/home/Projects/HET/alicia_ws/src/alicia_d_moveit'
[3.302s] INFO:colcon.colcon_core.shell:Skip shell extension 'powershell' for command environment: Not usable outside of PowerShell
[3.302s] DEBUG:colcon.colcon_core.shell:Skip shell extension 'dsv' for command environment
[3.787s] DEBUG:colcon.colcon_core.event_handler.log_command:Invoked command in '/home/Projects/HET/alicia_ws/build/alicia_d_cube_sort' returned '0': CMAKE_PREFIX_PATH=/opt/ros/humble /usr/bin/cmake --build /home/Projects/HET/alicia_ws/build/alicia_d_cube_sort -- -j20 -l20
[3.791s] DEBUG:colcon.colcon_core.event_handler.log_command:Invoking command in '/home/Projects/HET/alicia_ws/build/alicia_d_cube_sort': CMAKE_PREFIX_PATH=/opt/ros/humble /usr/bin/cmake --install /home/Projects/HET/alicia_ws/build/alicia_d_cube_sort
[3.825s] DEBUG:colcon.colcon_core.event_handler.log_command:Invoked command in '/home/Projects/HET/alicia_ws/build/alicia_d_control_interfaces' returned '0': CMAKE_PREFIX_PATH=/opt/ros/humble /usr/bin/cmake --build /home/Projects/HET/alicia_ws/build/alicia_d_control_interfaces -- -j20 -l20
[3.832s] DEBUG:colcon.colcon_core.event_handler.log_command:Invoking command in '/home/Projects/HET/alicia_ws/build/alicia_d_control_interfaces': CMAKE_PREFIX_PATH=/opt/ros/humble /usr/bin/cmake --install /home/Projects/HET/alicia_ws/build/alicia_d_control_interfaces
[3.834s] DEBUG:colcon.colcon_core.event_handler.log_command:Invoked command in '/home/Projects/HET/alicia_ws/build/alicia_d_calibration' returned '0': CMAKE_PREFIX_PATH=/opt/ros/humble /usr/bin/cmake --build /home/Projects/HET/alicia_ws/build/alicia_d_calibration -- -j20 -l20
[3.836s] DEBUG:colcon.colcon_core.event_handler.log_command:Invoking command in '/home/Projects/HET/alicia_ws/build/alicia_d_calibration': CMAKE_PREFIX_PATH=/opt/ros/humble /usr/bin/cmake --install /home/Projects/HET/alicia_ws/build/alicia_d_calibration
[3.910s] Level 1:colcon.colcon_core.environment:create_environment_scripts_only(alicia_d_cube_sort)
[3.911s] Level 1:colcon.colcon_core.environment:checking '/home/Projects/HET/alicia_ws/install/alicia_d_cube_sort' for CMake module files
[3.915s] DEBUG:colcon.colcon_core.event_handler.log_command:Invoked command in '/home/Projects/HET/alicia_ws/build/alicia_d_cube_sort' returned '0': CMAKE_PREFIX_PATH=/opt/ros/humble /usr/bin/cmake --install /home/Projects/HET/alicia_ws/build/alicia_d_cube_sort
[3.917s] Level 1:colcon.colcon_core.environment:checking '/home/Projects/HET/alicia_ws/install/alicia_d_cube_sort' for CMake config files
[3.917s] Level 1:colcon.colcon_core.shell:create_environment_hook('alicia_d_cube_sort', 'cmake_prefix_path')
[3.918s] INFO:colcon.colcon_core.shell:Creating environment hook '/home/Projects/HET/alicia_ws/install/alicia_d_cube_sort/share/alicia_d_cube_sort/hook/cmake_prefix_path.ps1'
[3.919s] INFO:colcon.colcon_core.shell:Creating environment descriptor '/home/Projects/HET/alicia_ws/install/alicia_d_cube_sort/share/alicia_d_cube_sort/hook/cmake_prefix_path.dsv'
[3.920s] INFO:colcon.colcon_core.shell:Creating environment hook '/home/Projects/HET/alicia_ws/install/alicia_d_cube_sort/share/alicia_d_cube_sort/hook/cmake_prefix_path.sh'
[3.924s] Level 1:colcon.colcon_core.environment:checking '/home/Projects/HET/alicia_ws/install/alicia_d_cube_sort/lib'
[3.924s] Level 1:colcon.colcon_core.environment:checking '/home/Projects/HET/alicia_ws/install/alicia_d_cube_sort/bin'
[3.924s] Level 1:colcon.colcon_core.environment:checking '/home/Projects/HET/alicia_ws/install/alicia_d_cube_sort/lib/pkgconfig/alicia_d_cube_sort.pc'
[3.925s] Level 1:colcon.colcon_core.environment:checking '/home/Projects/HET/alicia_ws/install/alicia_d_cube_sort/lib/python3.10/site-packages'
[3.926s] Level 1:colcon.colcon_core.environment:checking '/home/Projects/HET/alicia_ws/install/alicia_d_cube_sort/bin'
[3.927s] INFO:colcon.colcon_core.shell:Creating package script '/home/Projects/HET/alicia_ws/install/alicia_d_cube_sort/share/alicia_d_cube_sort/package.ps1'
[3.929s] INFO:colcon.colcon_core.shell:Creating package descriptor '/home/Projects/HET/alicia_ws/install/alicia_d_cube_sort/share/alicia_d_cube_sort/package.dsv'
[3.931s] INFO:colcon.colcon_core.shell:Creating package script '/home/Projects/HET/alicia_ws/install/alicia_d_cube_sort/share/alicia_d_cube_sort/package.sh'
[3.933s] INFO:colcon.colcon_core.shell:Creating package script '/home/Projects/HET/alicia_ws/install/alicia_d_cube_sort/share/alicia_d_cube_sort/package.bash'
[3.938s] INFO:colcon.colcon_core.shell:Creating package script '/home/Projects/HET/alicia_ws/install/alicia_d_cube_sort/share/alicia_d_cube_sort/package.zsh'
[3.942s] Level 1:colcon.colcon_core.environment:create_file_with_runtime_dependencies(/home/Projects/HET/alicia_ws/install/alicia_d_cube_sort/share/colcon-core/packages/alicia_d_cube_sort)
[3.946s] Level 1:colcon.colcon_core.environment:create_environment_scripts_only(alicia_d_cube_sort)
[3.947s] Level 1:colcon.colcon_core.environment:checking '/home/Projects/HET/alicia_ws/install/alicia_d_cube_sort' for CMake module files
[3.963s] Level 1:colcon.colcon_core.environment:checking '/home/Projects/HET/alicia_ws/install/alicia_d_cube_sort' for CMake config files
[3.970s] Level 1:colcon.colcon_core.shell:create_environment_hook('alicia_d_cube_sort', 'cmake_prefix_path')
[3.971s] INFO:colcon.colcon_core.shell:Creating environment hook '/home/Projects/HET/alicia_ws/install/alicia_d_cube_sort/share/alicia_d_cube_sort/hook/cmake_prefix_path.ps1'
[3.974s] INFO:colcon.colcon_core.shell:Creating environment descriptor '/home/Projects/HET/alicia_ws/install/alicia_d_cube_sort/share/alicia_d_cube_sort/hook/cmake_prefix_path.dsv'
[3.978s] INFO:colcon.colcon_core.shell:Creating environment hook '/home/Projects/HET/alicia_ws/install/alicia_d_cube_sort/share/alicia_d_cube_sort/hook/cmake_prefix_path.sh'
[3.983s] Level 1:colcon.colcon_core.environment:checking '/home/Projects/HET/alicia_ws/install/alicia_d_cube_sort/lib'
[3.984s] Level 1:colcon.colcon_core.environment:checking '/home/Projects/HET/alicia_ws/install/alicia_d_cube_sort/bin'
[3.984s] Level 1:colcon.colcon_core.environment:checking '/home/Projects/HET/alicia_ws/install/alicia_d_cube_sort/lib/pkgconfig/alicia_d_cube_sort.pc'
[3.986s] Level 1:colcon.colcon_core.environment:checking '/home/Projects/HET/alicia_ws/install/alicia_d_cube_sort/lib/python3.10/site-packages'
[3.987s] Level 1:colcon.colcon_core.environment:checking '/home/Projects/HET/alicia_ws/install/alicia_d_cube_sort/bin'
[3.988s] INFO:colcon.colcon_core.shell:Creating package script '/home/Projects/HET/alicia_ws/install/alicia_d_cube_sort/share/alicia_d_cube_sort/package.ps1'
[3.993s] INFO:colcon.colcon_core.shell:Creating package descriptor '/home/Projects/HET/alicia_ws/install/alicia_d_cube_sort/share/alicia_d_cube_sort/package.dsv'
[3.997s] INFO:colcon.colcon_core.shell:Creating package script '/home/Projects/HET/alicia_ws/install/alicia_d_cube_sort/share/alicia_d_cube_sort/package.sh'
[4.000s] INFO:colcon.colcon_core.shell:Creating package script '/home/Projects/HET/alicia_ws/install/alicia_d_cube_sort/share/alicia_d_cube_sort/package.bash'
[4.004s] INFO:colcon.colcon_core.shell:Creating package script '/home/Projects/HET/alicia_ws/install/alicia_d_cube_sort/share/alicia_d_cube_sort/package.zsh'
[4.008s] Level 1:colcon.colcon_core.environment:create_file_with_runtime_dependencies(/home/Projects/HET/alicia_ws/install/alicia_d_cube_sort/share/colcon-core/packages/alicia_d_cube_sort)
[4.014s] Level 1:colcon.colcon_core.environment:create_environment_scripts_only(alicia_d_calibration)
[4.016s] Level 1:colcon.colcon_core.environment:checking '/home/Projects/HET/alicia_ws/install/alicia_d_calibration' for CMake module files
[4.021s] Level 1:colcon.colcon_core.environment:checking '/home/Projects/HET/alicia_ws/install/alicia_d_calibration' for CMake config files
[4.026s] Level 1:colcon.colcon_core.shell:create_environment_hook('alicia_d_calibration', 'cmake_prefix_path')
[4.027s] INFO:colcon.colcon_core.shell:Creating environment hook '/home/Projects/HET/alicia_ws/install/alicia_d_calibration/share/alicia_d_calibration/hook/cmake_prefix_path.ps1'
[4.032s] INFO:colcon.colcon_core.shell:Creating environment descriptor '/home/Projects/HET/alicia_ws/install/alicia_d_calibration/share/alicia_d_calibration/hook/cmake_prefix_path.dsv'
[4.036s] INFO:colcon.colcon_core.shell:Creating environment hook '/home/Projects/HET/alicia_ws/install/alicia_d_calibration/share/alicia_d_calibration/hook/cmake_prefix_path.sh'
[4.042s] Level 1:colcon.colcon_core.environment:checking '/home/Projects/HET/alicia_ws/install/alicia_d_calibration/lib'
[4.043s] Level 1:colcon.colcon_core.environment:checking '/home/Projects/HET/alicia_ws/install/alicia_d_calibration/bin'
[4.043s] Level 1:colcon.colcon_core.environment:checking '/home/Projects/HET/alicia_ws/install/alicia_d_calibration/lib/pkgconfig/alicia_d_calibration.pc'
[4.045s] Level 1:colcon.colcon_core.environment:checking '/home/Projects/HET/alicia_ws/install/alicia_d_calibration/lib/python3.10/site-packages'
[4.046s] Level 1:colcon.colcon_core.environment:checking '/home/Projects/HET/alicia_ws/install/alicia_d_calibration/bin'
[4.046s] DEBUG:colcon.colcon_core.event_handler.log_command:Invoked command in '/home/Projects/HET/alicia_ws/build/alicia_d_calibration' returned '0': CMAKE_PREFIX_PATH=/opt/ros/humble /usr/bin/cmake --install /home/Projects/HET/alicia_ws/build/alicia_d_calibration
[4.047s] INFO:colcon.colcon_core.shell:Creating package script '/home/Projects/HET/alicia_ws/install/alicia_d_calibration/share/alicia_d_calibration/package.ps1'
[4.050s] INFO:colcon.colcon_core.shell:Creating package descriptor '/home/Projects/HET/alicia_ws/install/alicia_d_calibration/share/alicia_d_calibration/package.dsv'
[4.051s] INFO:colcon.colcon_core.shell:Creating package script '/home/Projects/HET/alicia_ws/install/alicia_d_calibration/share/alicia_d_calibration/package.sh'
[4.053s] INFO:colcon.colcon_core.shell:Creating package script '/home/Projects/HET/alicia_ws/install/alicia_d_calibration/share/alicia_d_calibration/package.bash'
[4.055s] INFO:colcon.colcon_core.shell:Creating package script '/home/Projects/HET/alicia_ws/install/alicia_d_calibration/share/alicia_d_calibration/package.zsh'
[4.056s] Level 1:colcon.colcon_core.environment:create_file_with_runtime_dependencies(/home/Projects/HET/alicia_ws/install/alicia_d_calibration/share/colcon-core/packages/alicia_d_calibration)
[4.058s] Level 1:colcon.colcon_core.environment:create_environment_scripts_only(alicia_d_calibration)
[4.059s] Level 1:colcon.colcon_core.environment:checking '/home/Projects/HET/alicia_ws/install/alicia_d_calibration' for CMake module files
[4.060s] Level 1:colcon.colcon_core.environment:checking '/home/Projects/HET/alicia_ws/install/alicia_d_calibration' for CMake config files
[4.061s] Level 1:colcon.colcon_core.shell:create_environment_hook('alicia_d_calibration', 'cmake_prefix_path')
[4.062s] INFO:colcon.colcon_core.shell:Creating environment hook '/home/Projects/HET/alicia_ws/install/alicia_d_calibration/share/alicia_d_calibration/hook/cmake_prefix_path.ps1'
[4.063s] INFO:colcon.colcon_core.shell:Creating environment descriptor '/home/Projects/HET/alicia_ws/install/alicia_d_calibration/share/alicia_d_calibration/hook/cmake_prefix_path.dsv'
[4.065s] INFO:colcon.colcon_core.shell:Creating environment hook '/home/Projects/HET/alicia_ws/install/alicia_d_calibration/share/alicia_d_calibration/hook/cmake_prefix_path.sh'
[4.068s] Level 1:colcon.colcon_core.environment:checking '/home/Projects/HET/alicia_ws/install/alicia_d_calibration/lib'
[4.068s] Level 1:colcon.colcon_core.environment:checking '/home/Projects/HET/alicia_ws/install/alicia_d_calibration/bin'
[4.069s] Level 1:colcon.colcon_core.environment:checking '/home/Projects/HET/alicia_ws/install/alicia_d_calibration/lib/pkgconfig/alicia_d_calibration.pc'
[4.069s] Level 1:colcon.colcon_core.environment:checking '/home/Projects/HET/alicia_ws/install/alicia_d_calibration/lib/python3.10/site-packages'
[4.070s] Level 1:colcon.colcon_core.environment:checking '/home/Projects/HET/alicia_ws/install/alicia_d_calibration/bin'
[4.071s] INFO:colcon.colcon_core.shell:Creating package script '/home/Projects/HET/alicia_ws/install/alicia_d_calibration/share/alicia_d_calibration/package.ps1'
[4.073s] INFO:colcon.colcon_core.shell:Creating package descriptor '/home/Projects/HET/alicia_ws/install/alicia_d_calibration/share/alicia_d_calibration/package.dsv'
[4.075s] INFO:colcon.colcon_core.shell:Creating package script '/home/Projects/HET/alicia_ws/install/alicia_d_calibration/share/alicia_d_calibration/package.sh'
[4.077s] INFO:colcon.colcon_core.shell:Creating package script '/home/Projects/HET/alicia_ws/install/alicia_d_calibration/share/alicia_d_calibration/package.bash'
[4.080s] INFO:colcon.colcon_core.shell:Creating package script '/home/Projects/HET/alicia_ws/install/alicia_d_calibration/share/alicia_d_calibration/package.zsh'
[4.082s] Level 1:colcon.colcon_core.environment:create_file_with_runtime_dependencies(/home/Projects/HET/alicia_ws/install/alicia_d_calibration/share/colcon-core/packages/alicia_d_calibration)
[4.084s] Level 1:colcon.colcon_core.environment:create_environment_scripts_only(alicia_d_control_interfaces)
[4.086s] Level 1:colcon.colcon_core.environment:checking '/home/Projects/HET/alicia_ws/install/alicia_d_control_interfaces' for CMake module files
[4.091s] DEBUG:colcon.colcon_core.event_handler.log_command:Invoked command in '/home/Projects/HET/alicia_ws/build/alicia_d_control_interfaces' returned '0': CMAKE_PREFIX_PATH=/opt/ros/humble /usr/bin/cmake --install /home/Projects/HET/alicia_ws/build/alicia_d_control_interfaces
[4.092s] Level 1:colcon.colcon_core.environment:checking '/home/Projects/HET/alicia_ws/install/alicia_d_control_interfaces' for CMake config files
[4.092s] Level 1:colcon.colcon_core.shell:create_environment_hook('alicia_d_control_interfaces', 'cmake_prefix_path')
[4.093s] INFO:colcon.colcon_core.shell:Creating environment hook '/home/Projects/HET/alicia_ws/install/alicia_d_control_interfaces/share/alicia_d_control_interfaces/hook/cmake_prefix_path.ps1'
[4.095s] INFO:colcon.colcon_core.shell:Creating environment descriptor '/home/Projects/HET/alicia_ws/install/alicia_d_control_interfaces/share/alicia_d_control_interfaces/hook/cmake_prefix_path.dsv'
[4.096s] INFO:colcon.colcon_core.shell:Creating environment hook '/home/Projects/HET/alicia_ws/install/alicia_d_control_interfaces/share/alicia_d_control_interfaces/hook/cmake_prefix_path.sh'
[4.097s] Level 1:colcon.colcon_core.environment:checking '/home/Projects/HET/alicia_ws/install/alicia_d_control_interfaces/lib'
[4.098s] Level 1:colcon.colcon_core.shell:create_environment_hook('alicia_d_control_interfaces', 'ld_library_path_lib')
[4.098s] INFO:colcon.colcon_core.shell:Creating environment hook '/home/Projects/HET/alicia_ws/install/alicia_d_control_interfaces/share/alicia_d_control_interfaces/hook/ld_library_path_lib.ps1'
[4.100s] INFO:colcon.colcon_core.shell:Creating environment descriptor '/home/Projects/HET/alicia_ws/install/alicia_d_control_interfaces/share/alicia_d_control_interfaces/hook/ld_library_path_lib.dsv'
[4.101s] INFO:colcon.colcon_core.shell:Creating environment hook '/home/Projects/HET/alicia_ws/install/alicia_d_control_interfaces/share/alicia_d_control_interfaces/hook/ld_library_path_lib.sh'
[4.103s] Level 1:colcon.colcon_core.environment:checking '/home/Projects/HET/alicia_ws/install/alicia_d_control_interfaces/bin'
[4.104s] Level 1:colcon.colcon_core.environment:checking '/home/Projects/HET/alicia_ws/install/alicia_d_control_interfaces/lib/pkgconfig/alicia_d_control_interfaces.pc'
[4.104s] Level 1:colcon.colcon_core.environment:checking '/home/Projects/HET/alicia_ws/install/alicia_d_control_interfaces/lib/python3.10/site-packages'
[4.105s] Level 1:colcon.colcon_core.environment:checking '/home/Projects/HET/alicia_ws/install/alicia_d_control_interfaces/bin'
[4.107s] INFO:colcon.colcon_core.shell:Creating package script '/home/Projects/HET/alicia_ws/install/alicia_d_control_interfaces/share/alicia_d_control_interfaces/package.ps1'
[4.109s] INFO:colcon.colcon_core.shell:Creating package descriptor '/home/Projects/HET/alicia_ws/install/alicia_d_control_interfaces/share/alicia_d_control_interfaces/package.dsv'
[4.110s] INFO:colcon.colcon_core.shell:Creating package script '/home/Projects/HET/alicia_ws/install/alicia_d_control_interfaces/share/alicia_d_control_interfaces/package.sh'
[4.111s] INFO:colcon.colcon_core.shell:Creating package script '/home/Projects/HET/alicia_ws/install/alicia_d_control_interfaces/share/alicia_d_control_interfaces/package.bash'
[4.112s] INFO:colcon.colcon_core.shell:Creating package script '/home/Projects/HET/alicia_ws/install/alicia_d_control_interfaces/share/alicia_d_control_interfaces/package.zsh'
[4.114s] Level 1:colcon.colcon_core.environment:create_file_with_runtime_dependencies(/home/Projects/HET/alicia_ws/install/alicia_d_control_interfaces/share/colcon-core/packages/alicia_d_control_interfaces)
[4.115s] Level 1:colcon.colcon_core.environment:create_environment_scripts_only(alicia_d_control_interfaces)
[4.116s] Level 1:colcon.colcon_core.environment:checking '/home/Projects/HET/alicia_ws/install/alicia_d_control_interfaces' for CMake module files
[4.117s] Level 1:colcon.colcon_core.environment:checking '/home/Projects/HET/alicia_ws/install/alicia_d_control_interfaces' for CMake config files
[4.118s] Level 1:colcon.colcon_core.shell:create_environment_hook('alicia_d_control_interfaces', 'cmake_prefix_path')
[4.119s] INFO:colcon.colcon_core.shell:Creating environment hook '/home/Projects/HET/alicia_ws/install/alicia_d_control_interfaces/share/alicia_d_control_interfaces/hook/cmake_prefix_path.ps1'
[4.120s] INFO:colcon.colcon_core.shell:Creating environment descriptor '/home/Projects/HET/alicia_ws/install/alicia_d_control_interfaces/share/alicia_d_control_interfaces/hook/cmake_prefix_path.dsv'
[4.121s] INFO:colcon.colcon_core.shell:Creating environment hook '/home/Projects/HET/alicia_ws/install/alicia_d_control_interfaces/share/alicia_d_control_interfaces/hook/cmake_prefix_path.sh'
[4.123s] Level 1:colcon.colcon_core.environment:checking '/home/Projects/HET/alicia_ws/install/alicia_d_control_interfaces/lib'
[4.124s] Level 1:colcon.colcon_core.shell:create_environment_hook('alicia_d_control_interfaces', 'ld_library_path_lib')
[4.124s] INFO:colcon.colcon_core.shell:Creating environment hook '/home/Projects/HET/alicia_ws/install/alicia_d_control_interfaces/share/alicia_d_control_interfaces/hook/ld_library_path_lib.ps1'
[4.126s] INFO:colcon.colcon_core.shell:Creating environment descriptor '/home/Projects/HET/alicia_ws/install/alicia_d_control_interfaces/share/alicia_d_control_interfaces/hook/ld_library_path_lib.dsv'
[4.128s] INFO:colcon.colcon_core.shell:Creating environment hook '/home/Projects/HET/alicia_ws/install/alicia_d_control_interfaces/share/alicia_d_control_interfaces/hook/ld_library_path_lib.sh'
[4.130s] Level 1:colcon.colcon_core.environment:checking '/home/Projects/HET/alicia_ws/install/alicia_d_control_interfaces/bin'
[4.130s] Level 1:colcon.colcon_core.environment:checking '/home/Projects/HET/alicia_ws/install/alicia_d_control_interfaces/lib/pkgconfig/alicia_d_control_interfaces.pc'
[4.131s] Level 1:colcon.colcon_core.environment:checking '/home/Projects/HET/alicia_ws/install/alicia_d_control_interfaces/lib/python3.10/site-packages'
[4.132s] Level 1:colcon.colcon_core.environment:checking '/home/Projects/HET/alicia_ws/install/alicia_d_control_interfaces/bin'
[4.133s] INFO:colcon.colcon_core.shell:Creating package script '/home/Projects/HET/alicia_ws/install/alicia_d_control_interfaces/share/alicia_d_control_interfaces/package.ps1'
[4.136s] INFO:colcon.colcon_core.shell:Creating package descriptor '/home/Projects/HET/alicia_ws/install/alicia_d_control_interfaces/share/alicia_d_control_interfaces/package.dsv'
[4.138s] INFO:colcon.colcon_core.shell:Creating package script '/home/Projects/HET/alicia_ws/install/alicia_d_control_interfaces/share/alicia_d_control_interfaces/package.sh'
[4.140s] INFO:colcon.colcon_core.shell:Creating package script '/home/Projects/HET/alicia_ws/install/alicia_d_control_interfaces/share/alicia_d_control_interfaces/package.bash'
[4.141s] INFO:colcon.colcon_core.shell:Creating package script '/home/Projects/HET/alicia_ws/install/alicia_d_control_interfaces/share/alicia_d_control_interfaces/package.zsh'
[4.143s] Level 1:colcon.colcon_core.environment:create_file_with_runtime_dependencies(/home/Projects/HET/alicia_ws/install/alicia_d_control_interfaces/share/colcon-core/packages/alicia_d_control_interfaces)
[4.145s] INFO:colcon.colcon_ros.task.ament_cmake.build:Building ROS package in '/home/Projects/HET/alicia_ws/src/alicia_d_arm_motion' with build type 'ament_cmake'
[4.146s] INFO:colcon.colcon_cmake.task.cmake.build:Building CMake package in '/home/Projects/HET/alicia_ws/src/alicia_d_arm_motion'
[4.147s] INFO:colcon.colcon_core.shell:Skip shell extension 'powershell' for command environment: Not usable outside of PowerShell
[4.148s] DEBUG:colcon.colcon_core.shell:Skip shell extension 'dsv' for command environment
[4.158s] INFO:colcon.colcon_ros.task.ament_cmake.build:Building ROS package in '/home/Projects/HET/alicia_ws/src/alicia_d_pick_coordinator' with build type 'ament_cmake'
[4.158s] INFO:colcon.colcon_cmake.task.cmake.build:Building CMake package in '/home/Projects/HET/alicia_ws/src/alicia_d_pick_coordinator'
[4.159s] INFO:colcon.colcon_core.shell:Skip shell extension 'powershell' for command environment: Not usable outside of PowerShell
[4.160s] DEBUG:colcon.colcon_core.shell:Skip shell extension 'dsv' for command environment
[4.169s] INFO:colcon.colcon_ros.task.ament_cmake.build:Building ROS package in '/home/Projects/HET/alicia_ws/src/alicia_d_sts_gripper' with build type 'ament_cmake'
[4.169s] INFO:colcon.colcon_cmake.task.cmake.build:Building CMake package in '/home/Projects/HET/alicia_ws/src/alicia_d_sts_gripper'
[4.170s] INFO:colcon.colcon_core.shell:Skip shell extension 'powershell' for command environment: Not usable outside of PowerShell
[4.171s] DEBUG:colcon.colcon_core.shell:Skip shell extension 'dsv' for command environment
[4.181s] INFO:colcon.colcon_ros.task.ament_cmake.build:Building ROS package in '/home/Projects/HET/alicia_ws/src/alicia_d_thinkgrasp_bridge' with build type 'ament_cmake'
[4.181s] INFO:colcon.colcon_cmake.task.cmake.build:Building CMake package in '/home/Projects/HET/alicia_ws/src/alicia_d_thinkgrasp_bridge'
[4.182s] INFO:colcon.colcon_core.shell:Skip shell extension 'powershell' for command environment: Not usable outside of PowerShell
[4.183s] DEBUG:colcon.colcon_core.shell:Skip shell extension 'dsv' for command environment
[5.684s] DEBUG:colcon.colcon_core.event_handler.log_command:Invoking command in '/home/Projects/HET/alicia_ws/build/alicia_d_sts_gripper': AMENT_PREFIX_PATH=/home/Projects/HET/alicia_ws/install/alicia_d_control_interfaces:${AMENT_PREFIX_PATH} CMAKE_PREFIX_PATH=/home/Projects/HET/alicia_ws/install/alicia_d_control_interfaces:/opt/ros/humble LD_LIBRARY_PATH=/home/Projects/HET/alicia_ws/install/alicia_d_control_interfaces/lib:${LD_LIBRARY_PATH} PYTHONPATH=/home/Projects/HET/alicia_ws/install/alicia_d_control_interfaces/local/lib/python3.10/dist-packages:${PYTHONPATH} /usr/bin/cmake --build /home/Projects/HET/alicia_ws/build/alicia_d_sts_gripper -- -j20 -l20
[5.693s] DEBUG:colcon.colcon_core.event_handler.log_command:Invoking command in '/home/Projects/HET/alicia_ws/build/alicia_d_thinkgrasp_bridge': AMENT_PREFIX_PATH=/home/Projects/HET/alicia_ws/install/alicia_d_control_interfaces:${AMENT_PREFIX_PATH} CMAKE_PREFIX_PATH=/home/Projects/HET/alicia_ws/install/alicia_d_control_interfaces:/opt/ros/humble LD_LIBRARY_PATH=/home/Projects/HET/alicia_ws/install/alicia_d_control_interfaces/lib:${LD_LIBRARY_PATH} PYTHONPATH=/home/Projects/HET/alicia_ws/install/alicia_d_control_interfaces/local/lib/python3.10/dist-packages:${PYTHONPATH} /usr/bin/cmake --build /home/Projects/HET/alicia_ws/build/alicia_d_thinkgrasp_bridge -- -j20 -l20
[5.706s] DEBUG:colcon.colcon_core.event_handler.log_command:Invoking command in '/home/Projects/HET/alicia_ws/build/alicia_d_pick_coordinator': AMENT_PREFIX_PATH=/home/Projects/HET/alicia_ws/install/alicia_d_control_interfaces:${AMENT_PREFIX_PATH} CMAKE_PREFIX_PATH=/home/Projects/HET/alicia_ws/install/alicia_d_control_interfaces:/opt/ros/humble LD_LIBRARY_PATH=/home/Projects/HET/alicia_ws/install/alicia_d_control_interfaces/lib:${LD_LIBRARY_PATH} PYTHONPATH=/home/Projects/HET/alicia_ws/install/alicia_d_control_interfaces/local/lib/python3.10/dist-packages:${PYTHONPATH} /usr/bin/cmake --build /home/Projects/HET/alicia_ws/build/alicia_d_pick_coordinator -- -j20 -l20
[5.727s] DEBUG:colcon.colcon_core.event_handler.log_command:Invoking command in '/home/Projects/HET/alicia_ws/build/alicia_d_moveit': AMENT_PREFIX_PATH=/home/Projects/HET/alicia_ws/install/alicia_d_driver:/home/Projects/HET/alicia_ws/install/alicia_d_descriptions:${AMENT_PREFIX_PATH} CMAKE_PREFIX_PATH=/home/Projects/HET/alicia_ws/install/alicia_d_driver:/home/Projects/HET/alicia_ws/install/alicia_d_descriptions:/opt/ros/humble LD_LIBRARY_PATH=/home/Projects/HET/alicia_ws/install/alicia_d_driver/lib:${LD_LIBRARY_PATH} /usr/bin/cmake --build /home/Projects/HET/alicia_ws/build/alicia_d_moveit -- -j20 -l20
[5.737s] DEBUG:colcon.colcon_core.event_handler.log_command:Invoking command in '/home/Projects/HET/alicia_ws/build/alicia_d_arm_motion': AMENT_PREFIX_PATH=/home/Projects/HET/alicia_ws/install/alicia_d_control_interfaces:${AMENT_PREFIX_PATH} CMAKE_PREFIX_PATH=/home/Projects/HET/alicia_ws/install/alicia_d_control_interfaces:/opt/ros/humble LD_LIBRARY_PATH=/home/Projects/HET/alicia_ws/install/alicia_d_control_interfaces/lib:${LD_LIBRARY_PATH} PYTHONPATH=/home/Projects/HET/alicia_ws/install/alicia_d_control_interfaces/local/lib/python3.10/dist-packages:${PYTHONPATH} /usr/bin/cmake --build /home/Projects/HET/alicia_ws/build/alicia_d_arm_motion -- -j20 -l20
[5.816s] DEBUG:colcon.colcon_core.event_handler.log_command:Invoked command in '/home/Projects/HET/alicia_ws/build/alicia_d_moveit' returned '0': AMENT_PREFIX_PATH=/home/Projects/HET/alicia_ws/install/alicia_d_driver:/home/Projects/HET/alicia_ws/install/alicia_d_descriptions:${AMENT_PREFIX_PATH} CMAKE_PREFIX_PATH=/home/Projects/HET/alicia_ws/install/alicia_d_driver:/home/Projects/HET/alicia_ws/install/alicia_d_descriptions:/opt/ros/humble LD_LIBRARY_PATH=/home/Projects/HET/alicia_ws/install/alicia_d_driver/lib:${LD_LIBRARY_PATH} /usr/bin/cmake --build /home/Projects/HET/alicia_ws/build/alicia_d_moveit -- -j20 -l20
[5.823s] DEBUG:colcon.colcon_core.event_handler.log_command:Invoking command in '/home/Projects/HET/alicia_ws/build/alicia_d_moveit': AMENT_PREFIX_PATH=/home/Projects/HET/alicia_ws/install/alicia_d_driver:/home/Projects/HET/alicia_ws/install/alicia_d_descriptions:${AMENT_PREFIX_PATH} CMAKE_PREFIX_PATH=/home/Projects/HET/alicia_ws/install/alicia_d_driver:/home/Projects/HET/alicia_ws/install/alicia_d_descriptions:/opt/ros/humble LD_LIBRARY_PATH=/home/Projects/HET/alicia_ws/install/alicia_d_driver/lib:${LD_LIBRARY_PATH} /usr/bin/cmake --install /home/Projects/HET/alicia_ws/build/alicia_d_moveit
[5.861s] Level 1:colcon.colcon_core.environment:create_environment_scripts_only(alicia_d_moveit)
[5.862s] Level 1:colcon.colcon_core.environment:checking '/home/Projects/HET/alicia_ws/install/alicia_d_moveit' for CMake module files
[5.868s] Level 1:colcon.colcon_core.environment:checking '/home/Projects/HET/alicia_ws/install/alicia_d_moveit' for CMake config files
[5.872s] Level 1:colcon.colcon_core.shell:create_environment_hook('alicia_d_moveit', 'cmake_prefix_path')
[5.873s] INFO:colcon.colcon_core.shell:Creating environment hook '/home/Projects/HET/alicia_ws/install/alicia_d_moveit/share/alicia_d_moveit/hook/cmake_prefix_path.ps1'
[5.877s] INFO:colcon.colcon_core.shell:Creating environment descriptor '/home/Projects/HET/alicia_ws/install/alicia_d_moveit/share/alicia_d_moveit/hook/cmake_prefix_path.dsv'
[5.882s] INFO:colcon.colcon_core.shell:Creating environment hook '/home/Projects/HET/alicia_ws/install/alicia_d_moveit/share/alicia_d_moveit/hook/cmake_prefix_path.sh'
[5.888s] Level 1:colcon.colcon_core.environment:checking '/home/Projects/HET/alicia_ws/install/alicia_d_moveit/bin'
[5.889s] Level 1:colcon.colcon_core.environment:checking '/home/Projects/HET/alicia_ws/install/alicia_d_moveit/lib/pkgconfig/alicia_d_moveit.pc'
[5.890s] Level 1:colcon.colcon_core.environment:checking '/home/Projects/HET/alicia_ws/install/alicia_d_moveit/lib/python3.10/site-packages'
[5.892s] Level 1:colcon.colcon_core.environment:checking '/home/Projects/HET/alicia_ws/install/alicia_d_moveit/bin'
[5.894s] INFO:colcon.colcon_core.shell:Creating package script '/home/Projects/HET/alicia_ws/install/alicia_d_moveit/share/alicia_d_moveit/package.ps1'
[5.897s] INFO:colcon.colcon_core.shell:Creating package descriptor '/home/Projects/HET/alicia_ws/install/alicia_d_moveit/share/alicia_d_moveit/package.dsv'
[5.901s] INFO:colcon.colcon_core.shell:Creating package script '/home/Projects/HET/alicia_ws/install/alicia_d_moveit/share/alicia_d_moveit/package.sh'
[5.908s] INFO:colcon.colcon_core.shell:Creating package script '/home/Projects/HET/alicia_ws/install/alicia_d_moveit/share/alicia_d_moveit/package.bash'
[5.910s] DEBUG:colcon.colcon_core.event_handler.log_command:Invoked command in '/home/Projects/HET/alicia_ws/build/alicia_d_moveit' returned '0': AMENT_PREFIX_PATH=/home/Projects/HET/alicia_ws/install/alicia_d_driver:/home/Projects/HET/alicia_ws/install/alicia_d_descriptions:${AMENT_PREFIX_PATH} CMAKE_PREFIX_PATH=/home/Projects/HET/alicia_ws/install/alicia_d_driver:/home/Projects/HET/alicia_ws/install/alicia_d_descriptions:/opt/ros/humble LD_LIBRARY_PATH=/home/Projects/HET/alicia_ws/install/alicia_d_driver/lib:${LD_LIBRARY_PATH} /usr/bin/cmake --install /home/Projects/HET/alicia_ws/build/alicia_d_moveit
[5.912s] INFO:colcon.colcon_core.shell:Creating package script '/home/Projects/HET/alicia_ws/install/alicia_d_moveit/share/alicia_d_moveit/package.zsh'
[5.915s] Level 1:colcon.colcon_core.environment:create_file_with_runtime_dependencies(/home/Projects/HET/alicia_ws/install/alicia_d_moveit/share/colcon-core/packages/alicia_d_moveit)
[5.919s] Level 1:colcon.colcon_core.environment:create_environment_scripts_only(alicia_d_moveit)
[5.920s] Level 1:colcon.colcon_core.environment:checking '/home/Projects/HET/alicia_ws/install/alicia_d_moveit' for CMake module files
[5.922s] Level 1:colcon.colcon_core.environment:checking '/home/Projects/HET/alicia_ws/install/alicia_d_moveit' for CMake config files
[5.922s] Level 1:colcon.colcon_core.shell:create_environment_hook('alicia_d_moveit', 'cmake_prefix_path')
[5.923s] INFO:colcon.colcon_core.shell:Creating environment hook '/home/Projects/HET/alicia_ws/install/alicia_d_moveit/share/alicia_d_moveit/hook/cmake_prefix_path.ps1'
[5.925s] INFO:colcon.colcon_core.shell:Creating environment descriptor '/home/Projects/HET/alicia_ws/install/alicia_d_moveit/share/alicia_d_moveit/hook/cmake_prefix_path.dsv'
[5.927s] INFO:colcon.colcon_core.shell:Creating environment hook '/home/Projects/HET/alicia_ws/install/alicia_d_moveit/share/alicia_d_moveit/hook/cmake_prefix_path.sh'
[5.930s] Level 1:colcon.colcon_core.environment:checking '/home/Projects/HET/alicia_ws/install/alicia_d_moveit/bin'
[5.931s] Level 1:colcon.colcon_core.environment:checking '/home/Projects/HET/alicia_ws/install/alicia_d_moveit/lib/pkgconfig/alicia_d_moveit.pc'
[5.932s] Level 1:colcon.colcon_core.environment:checking '/home/Projects/HET/alicia_ws/install/alicia_d_moveit/lib/python3.10/site-packages'
[5.933s] Level 1:colcon.colcon_core.environment:checking '/home/Projects/HET/alicia_ws/install/alicia_d_moveit/bin'
[5.934s] INFO:colcon.colcon_core.shell:Creating package script '/home/Projects/HET/alicia_ws/install/alicia_d_moveit/share/alicia_d_moveit/package.ps1'
[5.937s] INFO:colcon.colcon_core.shell:Creating package descriptor '/home/Projects/HET/alicia_ws/install/alicia_d_moveit/share/alicia_d_moveit/package.dsv'
[5.939s] INFO:colcon.colcon_core.shell:Creating package script '/home/Projects/HET/alicia_ws/install/alicia_d_moveit/share/alicia_d_moveit/package.sh'
[5.941s] INFO:colcon.colcon_core.shell:Creating package script '/home/Projects/HET/alicia_ws/install/alicia_d_moveit/share/alicia_d_moveit/package.bash'
[5.943s] INFO:colcon.colcon_core.shell:Creating package script '/home/Projects/HET/alicia_ws/install/alicia_d_moveit/share/alicia_d_moveit/package.zsh'
[5.944s] Level 1:colcon.colcon_core.environment:create_file_with_runtime_dependencies(/home/Projects/HET/alicia_ws/install/alicia_d_moveit/share/colcon-core/packages/alicia_d_moveit)
[6.825s] DEBUG:colcon.colcon_core.event_handler.log_command:Invoked command in '/home/Projects/HET/alicia_ws/build/alicia_d_pick_coordinator' returned '0': AMENT_PREFIX_PATH=/home/Projects/HET/alicia_ws/install/alicia_d_control_interfaces:${AMENT_PREFIX_PATH} CMAKE_PREFIX_PATH=/home/Projects/HET/alicia_ws/install/alicia_d_control_interfaces:/opt/ros/humble LD_LIBRARY_PATH=/home/Projects/HET/alicia_ws/install/alicia_d_control_interfaces/lib:${LD_LIBRARY_PATH} PYTHONPATH=/home/Projects/HET/alicia_ws/install/alicia_d_control_interfaces/local/lib/python3.10/dist-packages:${PYTHONPATH} /usr/bin/cmake --build /home/Projects/HET/alicia_ws/build/alicia_d_pick_coordinator -- -j20 -l20
[6.834s] DEBUG:colcon.colcon_core.event_handler.log_command:Invoking command in '/home/Projects/HET/alicia_ws/build/alicia_d_pick_coordinator': AMENT_PREFIX_PATH=/home/Projects/HET/alicia_ws/install/alicia_d_control_interfaces:${AMENT_PREFIX_PATH} CMAKE_PREFIX_PATH=/home/Projects/HET/alicia_ws/install/alicia_d_control_interfaces:/opt/ros/humble LD_LIBRARY_PATH=/home/Projects/HET/alicia_ws/install/alicia_d_control_interfaces/lib:${LD_LIBRARY_PATH} PYTHONPATH=/home/Projects/HET/alicia_ws/install/alicia_d_control_interfaces/local/lib/python3.10/dist-packages:${PYTHONPATH} /usr/bin/cmake --install /home/Projects/HET/alicia_ws/build/alicia_d_pick_coordinator
[6.852s] DEBUG:colcon.colcon_core.event_handler.log_command:Invoked command in '/home/Projects/HET/alicia_ws/build/alicia_d_thinkgrasp_bridge' returned '0': AMENT_PREFIX_PATH=/home/Projects/HET/alicia_ws/install/alicia_d_control_interfaces:${AMENT_PREFIX_PATH} CMAKE_PREFIX_PATH=/home/Projects/HET/alicia_ws/install/alicia_d_control_interfaces:/opt/ros/humble LD_LIBRARY_PATH=/home/Projects/HET/alicia_ws/install/alicia_d_control_interfaces/lib:${LD_LIBRARY_PATH} PYTHONPATH=/home/Projects/HET/alicia_ws/install/alicia_d_control_interfaces/local/lib/python3.10/dist-packages:${PYTHONPATH} /usr/bin/cmake --build /home/Projects/HET/alicia_ws/build/alicia_d_thinkgrasp_bridge -- -j20 -l20
[6.855s] DEBUG:colcon.colcon_core.event_handler.log_command:Invoking command in '/home/Projects/HET/alicia_ws/build/alicia_d_thinkgrasp_bridge': AMENT_PREFIX_PATH=/home/Projects/HET/alicia_ws/install/alicia_d_control_interfaces:${AMENT_PREFIX_PATH} CMAKE_PREFIX_PATH=/home/Projects/HET/alicia_ws/install/alicia_d_control_interfaces:/opt/ros/humble LD_LIBRARY_PATH=/home/Projects/HET/alicia_ws/install/alicia_d_control_interfaces/lib:${LD_LIBRARY_PATH} PYTHONPATH=/home/Projects/HET/alicia_ws/install/alicia_d_control_interfaces/local/lib/python3.10/dist-packages:${PYTHONPATH} /usr/bin/cmake --install /home/Projects/HET/alicia_ws/build/alicia_d_thinkgrasp_bridge
[6.877s] DEBUG:colcon.colcon_core.event_handler.log_command:Invoked command in '/home/Projects/HET/alicia_ws/build/alicia_d_arm_motion' returned '0': AMENT_PREFIX_PATH=/home/Projects/HET/alicia_ws/install/alicia_d_control_interfaces:${AMENT_PREFIX_PATH} CMAKE_PREFIX_PATH=/home/Projects/HET/alicia_ws/install/alicia_d_control_interfaces:/opt/ros/humble LD_LIBRARY_PATH=/home/Projects/HET/alicia_ws/install/alicia_d_control_interfaces/lib:${LD_LIBRARY_PATH} PYTHONPATH=/home/Projects/HET/alicia_ws/install/alicia_d_control_interfaces/local/lib/python3.10/dist-packages:${PYTHONPATH} /usr/bin/cmake --build /home/Projects/HET/alicia_ws/build/alicia_d_arm_motion -- -j20 -l20
[6.885s] DEBUG:colcon.colcon_core.event_handler.log_command:Invoking command in '/home/Projects/HET/alicia_ws/build/alicia_d_arm_motion': AMENT_PREFIX_PATH=/home/Projects/HET/alicia_ws/install/alicia_d_control_interfaces:${AMENT_PREFIX_PATH} CMAKE_PREFIX_PATH=/home/Projects/HET/alicia_ws/install/alicia_d_control_interfaces:/opt/ros/humble LD_LIBRARY_PATH=/home/Projects/HET/alicia_ws/install/alicia_d_control_interfaces/lib:${LD_LIBRARY_PATH} PYTHONPATH=/home/Projects/HET/alicia_ws/install/alicia_d_control_interfaces/local/lib/python3.10/dist-packages:${PYTHONPATH} /usr/bin/cmake --install /home/Projects/HET/alicia_ws/build/alicia_d_arm_motion
[6.953s] DEBUG:colcon.colcon_core.event_handler.log_command:Invoked command in '/home/Projects/HET/alicia_ws/build/alicia_d_sts_gripper' returned '0': AMENT_PREFIX_PATH=/home/Projects/HET/alicia_ws/install/alicia_d_control_interfaces:${AMENT_PREFIX_PATH} CMAKE_PREFIX_PATH=/home/Projects/HET/alicia_ws/install/alicia_d_control_interfaces:/opt/ros/humble LD_LIBRARY_PATH=/home/Projects/HET/alicia_ws/install/alicia_d_control_interfaces/lib:${LD_LIBRARY_PATH} PYTHONPATH=/home/Projects/HET/alicia_ws/install/alicia_d_control_interfaces/local/lib/python3.10/dist-packages:${PYTHONPATH} /usr/bin/cmake --build /home/Projects/HET/alicia_ws/build/alicia_d_sts_gripper -- -j20 -l20
[6.961s] DEBUG:colcon.colcon_core.event_handler.log_command:Invoking command in '/home/Projects/HET/alicia_ws/build/alicia_d_sts_gripper': AMENT_PREFIX_PATH=/home/Projects/HET/alicia_ws/install/alicia_d_control_interfaces:${AMENT_PREFIX_PATH} CMAKE_PREFIX_PATH=/home/Projects/HET/alicia_ws/install/alicia_d_control_interfaces:/opt/ros/humble LD_LIBRARY_PATH=/home/Projects/HET/alicia_ws/install/alicia_d_control_interfaces/lib:${LD_LIBRARY_PATH} PYTHONPATH=/home/Projects/HET/alicia_ws/install/alicia_d_control_interfaces/local/lib/python3.10/dist-packages:${PYTHONPATH} /usr/bin/cmake --install /home/Projects/HET/alicia_ws/build/alicia_d_sts_gripper
[6.993s] Level 1:colcon.colcon_core.environment:create_environment_scripts_only(alicia_d_pick_coordinator)
[6.994s] Level 1:colcon.colcon_core.environment:checking '/home/Projects/HET/alicia_ws/install/alicia_d_pick_coordinator' for CMake module files
[7.000s] Level 1:colcon.colcon_core.environment:checking '/home/Projects/HET/alicia_ws/install/alicia_d_pick_coordinator' for CMake config files
[7.004s] Level 1:colcon.colcon_core.shell:create_environment_hook('alicia_d_pick_coordinator', 'cmake_prefix_path')
[7.005s] INFO:colcon.colcon_core.shell:Creating environment hook '/home/Projects/HET/alicia_ws/install/alicia_d_pick_coordinator/share/alicia_d_pick_coordinator/hook/cmake_prefix_path.ps1'
[7.010s] INFO:colcon.colcon_core.shell:Creating environment descriptor '/home/Projects/HET/alicia_ws/install/alicia_d_pick_coordinator/share/alicia_d_pick_coordinator/hook/cmake_prefix_path.dsv'
[7.014s] INFO:colcon.colcon_core.shell:Creating environment hook '/home/Projects/HET/alicia_ws/install/alicia_d_pick_coordinator/share/alicia_d_pick_coordinator/hook/cmake_prefix_path.sh'
[7.022s] Level 1:colcon.colcon_core.environment:checking '/home/Projects/HET/alicia_ws/install/alicia_d_pick_coordinator/lib'
[7.024s] Level 1:colcon.colcon_core.environment:checking '/home/Projects/HET/alicia_ws/install/alicia_d_pick_coordinator/bin'
[7.024s] Level 1:colcon.colcon_core.environment:checking '/home/Projects/HET/alicia_ws/install/alicia_d_pick_coordinator/lib/pkgconfig/alicia_d_pick_coordinator.pc'
[7.027s] Level 1:colcon.colcon_core.environment:checking '/home/Projects/HET/alicia_ws/install/alicia_d_pick_coordinator/lib/python3.10/site-packages'
[7.029s] Level 1:colcon.colcon_core.environment:checking '/home/Projects/HET/alicia_ws/install/alicia_d_pick_coordinator/bin'
[7.031s] INFO:colcon.colcon_core.shell:Creating package script '/home/Projects/HET/alicia_ws/install/alicia_d_pick_coordinator/share/alicia_d_pick_coordinator/package.ps1'
[7.037s] INFO:colcon.colcon_core.shell:Creating package descriptor '/home/Projects/HET/alicia_ws/install/alicia_d_pick_coordinator/share/alicia_d_pick_coordinator/package.dsv'
[7.042s] INFO:colcon.colcon_core.shell:Creating package script '/home/Projects/HET/alicia_ws/install/alicia_d_pick_coordinator/share/alicia_d_pick_coordinator/package.sh'
[7.047s] INFO:colcon.colcon_core.shell:Creating package script '/home/Projects/HET/alicia_ws/install/alicia_d_pick_coordinator/share/alicia_d_pick_coordinator/package.bash'
[7.050s] DEBUG:colcon.colcon_core.event_handler.log_command:Invoked command in '/home/Projects/HET/alicia_ws/build/alicia_d_pick_coordinator' returned '0': AMENT_PREFIX_PATH=/home/Projects/HET/alicia_ws/install/alicia_d_control_interfaces:${AMENT_PREFIX_PATH} CMAKE_PREFIX_PATH=/home/Projects/HET/alicia_ws/install/alicia_d_control_interfaces:/opt/ros/humble LD_LIBRARY_PATH=/home/Projects/HET/alicia_ws/install/alicia_d_control_interfaces/lib:${LD_LIBRARY_PATH} PYTHONPATH=/home/Projects/HET/alicia_ws/install/alicia_d_control_interfaces/local/lib/python3.10/dist-packages:${PYTHONPATH} /usr/bin/cmake --install /home/Projects/HET/alicia_ws/build/alicia_d_pick_coordinator
[7.051s] INFO:colcon.colcon_core.shell:Creating package script '/home/Projects/HET/alicia_ws/install/alicia_d_pick_coordinator/share/alicia_d_pick_coordinator/package.zsh'
[7.055s] Level 1:colcon.colcon_core.environment:create_file_with_runtime_dependencies(/home/Projects/HET/alicia_ws/install/alicia_d_pick_coordinator/share/colcon-core/packages/alicia_d_pick_coordinator)
[7.063s] Level 1:colcon.colcon_core.environment:create_environment_scripts_only(alicia_d_pick_coordinator)
[7.063s] Level 1:colcon.colcon_core.environment:checking '/home/Projects/HET/alicia_ws/install/alicia_d_pick_coordinator' for CMake module files
[7.070s] Level 1:colcon.colcon_core.environment:checking '/home/Projects/HET/alicia_ws/install/alicia_d_pick_coordinator' for CMake config files
[7.071s] Level 1:colcon.colcon_core.shell:create_environment_hook('alicia_d_pick_coordinator', 'cmake_prefix_path')
[7.071s] INFO:colcon.colcon_core.shell:Creating environment hook '/home/Projects/HET/alicia_ws/install/alicia_d_pick_coordinator/share/alicia_d_pick_coordinator/hook/cmake_prefix_path.ps1'
[7.073s] INFO:colcon.colcon_core.shell:Creating environment descriptor '/home/Projects/HET/alicia_ws/install/alicia_d_pick_coordinator/share/alicia_d_pick_coordinator/hook/cmake_prefix_path.dsv'
[7.074s] INFO:colcon.colcon_core.shell:Creating environment hook '/home/Projects/HET/alicia_ws/install/alicia_d_pick_coordinator/share/alicia_d_pick_coordinator/hook/cmake_prefix_path.sh'
[7.077s] Level 1:colcon.colcon_core.environment:checking '/home/Projects/HET/alicia_ws/install/alicia_d_pick_coordinator/lib'
[7.078s] Level 1:colcon.colcon_core.environment:checking '/home/Projects/HET/alicia_ws/install/alicia_d_pick_coordinator/bin'
[7.078s] Level 1:colcon.colcon_core.environment:checking '/home/Projects/HET/alicia_ws/install/alicia_d_pick_coordinator/lib/pkgconfig/alicia_d_pick_coordinator.pc'
[7.079s] Level 1:colcon.colcon_core.environment:checking '/home/Projects/HET/alicia_ws/install/alicia_d_pick_coordinator/lib/python3.10/site-packages'
[7.080s] Level 1:colcon.colcon_core.environment:checking '/home/Projects/HET/alicia_ws/install/alicia_d_pick_coordinator/bin'
[7.081s] INFO:colcon.colcon_core.shell:Creating package script '/home/Projects/HET/alicia_ws/install/alicia_d_pick_coordinator/share/alicia_d_pick_coordinator/package.ps1'
[7.083s] INFO:colcon.colcon_core.shell:Creating package descriptor '/home/Projects/HET/alicia_ws/install/alicia_d_pick_coordinator/share/alicia_d_pick_coordinator/package.dsv'
[7.086s] INFO:colcon.colcon_core.shell:Creating package script '/home/Projects/HET/alicia_ws/install/alicia_d_pick_coordinator/share/alicia_d_pick_coordinator/package.sh'
[7.090s] INFO:colcon.colcon_core.shell:Creating package script '/home/Projects/HET/alicia_ws/install/alicia_d_pick_coordinator/share/alicia_d_pick_coordinator/package.bash'
[7.097s] INFO:colcon.colcon_core.shell:Creating package script '/home/Projects/HET/alicia_ws/install/alicia_d_pick_coordinator/share/alicia_d_pick_coordinator/package.zsh'
[7.101s] Level 1:colcon.colcon_core.environment:create_file_with_runtime_dependencies(/home/Projects/HET/alicia_ws/install/alicia_d_pick_coordinator/share/colcon-core/packages/alicia_d_pick_coordinator)
[7.105s] Level 1:colcon.colcon_core.environment:create_environment_scripts_only(alicia_d_thinkgrasp_bridge)
[7.106s] Level 1:colcon.colcon_core.environment:checking '/home/Projects/HET/alicia_ws/install/alicia_d_thinkgrasp_bridge' for CMake module files
[7.114s] Level 1:colcon.colcon_core.environment:checking '/home/Projects/HET/alicia_ws/install/alicia_d_thinkgrasp_bridge' for CMake config files
[7.116s] DEBUG:colcon.colcon_core.event_handler.log_command:Invoked command in '/home/Projects/HET/alicia_ws/build/alicia_d_thinkgrasp_bridge' returned '0': AMENT_PREFIX_PATH=/home/Projects/HET/alicia_ws/install/alicia_d_control_interfaces:${AMENT_PREFIX_PATH} CMAKE_PREFIX_PATH=/home/Projects/HET/alicia_ws/install/alicia_d_control_interfaces:/opt/ros/humble LD_LIBRARY_PATH=/home/Projects/HET/alicia_ws/install/alicia_d_control_interfaces/lib:${LD_LIBRARY_PATH} PYTHONPATH=/home/Projects/HET/alicia_ws/install/alicia_d_control_interfaces/local/lib/python3.10/dist-packages:${PYTHONPATH} /usr/bin/cmake --install /home/Projects/HET/alicia_ws/build/alicia_d_thinkgrasp_bridge
[7.117s] Level 1:colcon.colcon_core.shell:create_environment_hook('alicia_d_thinkgrasp_bridge', 'cmake_prefix_path')
[7.117s] INFO:colcon.colcon_core.shell:Creating environment hook '/home/Projects/HET/alicia_ws/install/alicia_d_thinkgrasp_bridge/share/alicia_d_thinkgrasp_bridge/hook/cmake_prefix_path.ps1'
[7.119s] INFO:colcon.colcon_core.shell:Creating environment descriptor '/home/Projects/HET/alicia_ws/install/alicia_d_thinkgrasp_bridge/share/alicia_d_thinkgrasp_bridge/hook/cmake_prefix_path.dsv'
[7.120s] INFO:colcon.colcon_core.shell:Creating environment hook '/home/Projects/HET/alicia_ws/install/alicia_d_thinkgrasp_bridge/share/alicia_d_thinkgrasp_bridge/hook/cmake_prefix_path.sh'
[7.121s] Level 1:colcon.colcon_core.environment:checking '/home/Projects/HET/alicia_ws/install/alicia_d_thinkgrasp_bridge/lib'
[7.121s] Level 1:colcon.colcon_core.environment:checking '/home/Projects/HET/alicia_ws/install/alicia_d_thinkgrasp_bridge/bin'
[7.121s] Level 1:colcon.colcon_core.environment:checking '/home/Projects/HET/alicia_ws/install/alicia_d_thinkgrasp_bridge/lib/pkgconfig/alicia_d_thinkgrasp_bridge.pc'
[7.122s] Level 1:colcon.colcon_core.environment:checking '/home/Projects/HET/alicia_ws/install/alicia_d_thinkgrasp_bridge/lib/python3.10/site-packages'
[7.123s] Level 1:colcon.colcon_core.environment:checking '/home/Projects/HET/alicia_ws/install/alicia_d_thinkgrasp_bridge/bin'
[7.123s] INFO:colcon.colcon_core.shell:Creating package script '/home/Projects/HET/alicia_ws/install/alicia_d_thinkgrasp_bridge/share/alicia_d_thinkgrasp_bridge/package.ps1'
[7.125s] INFO:colcon.colcon_core.shell:Creating package descriptor '/home/Projects/HET/alicia_ws/install/alicia_d_thinkgrasp_bridge/share/alicia_d_thinkgrasp_bridge/package.dsv'
[7.126s] INFO:colcon.colcon_core.shell:Creating package script '/home/Projects/HET/alicia_ws/install/alicia_d_thinkgrasp_bridge/share/alicia_d_thinkgrasp_bridge/package.sh'
[7.127s] INFO:colcon.colcon_core.shell:Creating package script '/home/Projects/HET/alicia_ws/install/alicia_d_thinkgrasp_bridge/share/alicia_d_thinkgrasp_bridge/package.bash'
[7.129s] INFO:colcon.colcon_core.shell:Creating package script '/home/Projects/HET/alicia_ws/install/alicia_d_thinkgrasp_bridge/share/alicia_d_thinkgrasp_bridge/package.zsh'
[7.130s] Level 1:colcon.colcon_core.environment:create_file_with_runtime_dependencies(/home/Projects/HET/alicia_ws/install/alicia_d_thinkgrasp_bridge/share/colcon-core/packages/alicia_d_thinkgrasp_bridge)
[7.132s] Level 1:colcon.colcon_core.environment:create_environment_scripts_only(alicia_d_thinkgrasp_bridge)
[7.132s] Level 1:colcon.colcon_core.environment:checking '/home/Projects/HET/alicia_ws/install/alicia_d_thinkgrasp_bridge' for CMake module files
[7.133s] Level 1:colcon.colcon_core.environment:checking '/home/Projects/HET/alicia_ws/install/alicia_d_thinkgrasp_bridge' for CMake config files
[7.133s] Level 1:colcon.colcon_core.shell:create_environment_hook('alicia_d_thinkgrasp_bridge', 'cmake_prefix_path')
[7.134s] INFO:colcon.colcon_core.shell:Creating environment hook '/home/Projects/HET/alicia_ws/install/alicia_d_thinkgrasp_bridge/share/alicia_d_thinkgrasp_bridge/hook/cmake_prefix_path.ps1'
[7.135s] INFO:colcon.colcon_core.shell:Creating environment descriptor '/home/Projects/HET/alicia_ws/install/alicia_d_thinkgrasp_bridge/share/alicia_d_thinkgrasp_bridge/hook/cmake_prefix_path.dsv'
[7.136s] INFO:colcon.colcon_core.shell:Creating environment hook '/home/Projects/HET/alicia_ws/install/alicia_d_thinkgrasp_bridge/share/alicia_d_thinkgrasp_bridge/hook/cmake_prefix_path.sh'
[7.137s] Level 1:colcon.colcon_core.environment:checking '/home/Projects/HET/alicia_ws/install/alicia_d_thinkgrasp_bridge/lib'
[7.137s] Level 1:colcon.colcon_core.environment:checking '/home/Projects/HET/alicia_ws/install/alicia_d_thinkgrasp_bridge/bin'
[7.137s] Level 1:colcon.colcon_core.environment:checking '/home/Projects/HET/alicia_ws/install/alicia_d_thinkgrasp_bridge/lib/pkgconfig/alicia_d_thinkgrasp_bridge.pc'
[7.138s] Level 1:colcon.colcon_core.environment:checking '/home/Projects/HET/alicia_ws/install/alicia_d_thinkgrasp_bridge/lib/python3.10/site-packages'
[7.139s] Level 1:colcon.colcon_core.environment:checking '/home/Projects/HET/alicia_ws/install/alicia_d_thinkgrasp_bridge/bin'
[7.139s] INFO:colcon.colcon_core.shell:Creating package script '/home/Projects/HET/alicia_ws/install/alicia_d_thinkgrasp_bridge/share/alicia_d_thinkgrasp_bridge/package.ps1'
[7.140s] INFO:colcon.colcon_core.shell:Creating package descriptor '/home/Projects/HET/alicia_ws/install/alicia_d_thinkgrasp_bridge/share/alicia_d_thinkgrasp_bridge/package.dsv'
[7.141s] INFO:colcon.colcon_core.shell:Creating package script '/home/Projects/HET/alicia_ws/install/alicia_d_thinkgrasp_bridge/share/alicia_d_thinkgrasp_bridge/package.sh'
[7.142s] INFO:colcon.colcon_core.shell:Creating package script '/home/Projects/HET/alicia_ws/install/alicia_d_thinkgrasp_bridge/share/alicia_d_thinkgrasp_bridge/package.bash'
[7.143s] INFO:colcon.colcon_core.shell:Creating package script '/home/Projects/HET/alicia_ws/install/alicia_d_thinkgrasp_bridge/share/alicia_d_thinkgrasp_bridge/package.zsh'
[7.144s] Level 1:colcon.colcon_core.environment:create_file_with_runtime_dependencies(/home/Projects/HET/alicia_ws/install/alicia_d_thinkgrasp_bridge/share/colcon-core/packages/alicia_d_thinkgrasp_bridge)
[7.150s] Level 1:colcon.colcon_core.environment:create_environment_scripts_only(alicia_d_arm_motion)
[7.151s] Level 1:colcon.colcon_core.environment:checking '/home/Projects/HET/alicia_ws/install/alicia_d_arm_motion' for CMake module files
[7.152s] DEBUG:colcon.colcon_core.event_handler.log_command:Invoked command in '/home/Projects/HET/alicia_ws/build/alicia_d_arm_motion' returned '0': AMENT_PREFIX_PATH=/home/Projects/HET/alicia_ws/install/alicia_d_control_interfaces:${AMENT_PREFIX_PATH} CMAKE_PREFIX_PATH=/home/Projects/HET/alicia_ws/install/alicia_d_control_interfaces:/opt/ros/humble LD_LIBRARY_PATH=/home/Projects/HET/alicia_ws/install/alicia_d_control_interfaces/lib:${LD_LIBRARY_PATH} PYTHONPATH=/home/Projects/HET/alicia_ws/install/alicia_d_control_interfaces/local/lib/python3.10/dist-packages:${PYTHONPATH} /usr/bin/cmake --install /home/Projects/HET/alicia_ws/build/alicia_d_arm_motion
[7.154s] Level 1:colcon.colcon_core.environment:checking '/home/Projects/HET/alicia_ws/install/alicia_d_arm_motion' for CMake config files
[7.155s] Level 1:colcon.colcon_core.shell:create_environment_hook('alicia_d_arm_motion', 'cmake_prefix_path')
[7.156s] INFO:colcon.colcon_core.shell:Creating environment hook '/home/Projects/HET/alicia_ws/install/alicia_d_arm_motion/share/alicia_d_arm_motion/hook/cmake_prefix_path.ps1'
[7.158s] INFO:colcon.colcon_core.shell:Creating environment descriptor '/home/Projects/HET/alicia_ws/install/alicia_d_arm_motion/share/alicia_d_arm_motion/hook/cmake_prefix_path.dsv'
[7.159s] INFO:colcon.colcon_core.shell:Creating environment hook '/home/Projects/HET/alicia_ws/install/alicia_d_arm_motion/share/alicia_d_arm_motion/hook/cmake_prefix_path.sh'
[7.161s] Level 1:colcon.colcon_core.environment:checking '/home/Projects/HET/alicia_ws/install/alicia_d_arm_motion/lib'
[7.161s] Level 1:colcon.colcon_core.environment:checking '/home/Projects/HET/alicia_ws/install/alicia_d_arm_motion/bin'
[7.162s] Level 1:colcon.colcon_core.environment:checking '/home/Projects/HET/alicia_ws/install/alicia_d_arm_motion/lib/pkgconfig/alicia_d_arm_motion.pc'
[7.162s] Level 1:colcon.colcon_core.environment:checking '/home/Projects/HET/alicia_ws/install/alicia_d_arm_motion/lib/python3.10/site-packages'
[7.163s] Level 1:colcon.colcon_core.environment:checking '/home/Projects/HET/alicia_ws/install/alicia_d_arm_motion/bin'
[7.164s] INFO:colcon.colcon_core.shell:Creating package script '/home/Projects/HET/alicia_ws/install/alicia_d_arm_motion/share/alicia_d_arm_motion/package.ps1'
[7.165s] INFO:colcon.colcon_core.shell:Creating package descriptor '/home/Projects/HET/alicia_ws/install/alicia_d_arm_motion/share/alicia_d_arm_motion/package.dsv'
[7.166s] INFO:colcon.colcon_core.shell:Creating package script '/home/Projects/HET/alicia_ws/install/alicia_d_arm_motion/share/alicia_d_arm_motion/package.sh'
[7.167s] INFO:colcon.colcon_core.shell:Creating package script '/home/Projects/HET/alicia_ws/install/alicia_d_arm_motion/share/alicia_d_arm_motion/package.bash'
[7.168s] INFO:colcon.colcon_core.shell:Creating package script '/home/Projects/HET/alicia_ws/install/alicia_d_arm_motion/share/alicia_d_arm_motion/package.zsh'
[7.169s] Level 1:colcon.colcon_core.environment:create_file_with_runtime_dependencies(/home/Projects/HET/alicia_ws/install/alicia_d_arm_motion/share/colcon-core/packages/alicia_d_arm_motion)
[7.170s] Level 1:colcon.colcon_core.environment:create_environment_scripts_only(alicia_d_arm_motion)
[7.170s] Level 1:colcon.colcon_core.environment:checking '/home/Projects/HET/alicia_ws/install/alicia_d_arm_motion' for CMake module files
[7.171s] Level 1:colcon.colcon_core.environment:checking '/home/Projects/HET/alicia_ws/install/alicia_d_arm_motion' for CMake config files
[7.172s] Level 1:colcon.colcon_core.shell:create_environment_hook('alicia_d_arm_motion', 'cmake_prefix_path')
[7.172s] INFO:colcon.colcon_core.shell:Creating environment hook '/home/Projects/HET/alicia_ws/install/alicia_d_arm_motion/share/alicia_d_arm_motion/hook/cmake_prefix_path.ps1'
[7.173s] INFO:colcon.colcon_core.shell:Creating environment descriptor '/home/Projects/HET/alicia_ws/install/alicia_d_arm_motion/share/alicia_d_arm_motion/hook/cmake_prefix_path.dsv'
[7.174s] INFO:colcon.colcon_core.shell:Creating environment hook '/home/Projects/HET/alicia_ws/install/alicia_d_arm_motion/share/alicia_d_arm_motion/hook/cmake_prefix_path.sh'
[7.175s] Level 1:colcon.colcon_core.environment:checking '/home/Projects/HET/alicia_ws/install/alicia_d_arm_motion/lib'
[7.175s] Level 1:colcon.colcon_core.environment:checking '/home/Projects/HET/alicia_ws/install/alicia_d_arm_motion/bin'
[7.176s] Level 1:colcon.colcon_core.environment:checking '/home/Projects/HET/alicia_ws/install/alicia_d_arm_motion/lib/pkgconfig/alicia_d_arm_motion.pc'
[7.176s] Level 1:colcon.colcon_core.environment:checking '/home/Projects/HET/alicia_ws/install/alicia_d_arm_motion/lib/python3.10/site-packages'
[7.177s] Level 1:colcon.colcon_core.environment:checking '/home/Projects/HET/alicia_ws/install/alicia_d_arm_motion/bin'
[7.178s] INFO:colcon.colcon_core.shell:Creating package script '/home/Projects/HET/alicia_ws/install/alicia_d_arm_motion/share/alicia_d_arm_motion/package.ps1'
[7.179s] INFO:colcon.colcon_core.shell:Creating package descriptor '/home/Projects/HET/alicia_ws/install/alicia_d_arm_motion/share/alicia_d_arm_motion/package.dsv'
[7.180s] INFO:colcon.colcon_core.shell:Creating package script '/home/Projects/HET/alicia_ws/install/alicia_d_arm_motion/share/alicia_d_arm_motion/package.sh'
[7.181s] INFO:colcon.colcon_core.shell:Creating package script '/home/Projects/HET/alicia_ws/install/alicia_d_arm_motion/share/alicia_d_arm_motion/package.bash'
[7.182s] INFO:colcon.colcon_core.shell:Creating package script '/home/Projects/HET/alicia_ws/install/alicia_d_arm_motion/share/alicia_d_arm_motion/package.zsh'
[7.183s] Level 1:colcon.colcon_core.environment:create_file_with_runtime_dependencies(/home/Projects/HET/alicia_ws/install/alicia_d_arm_motion/share/colcon-core/packages/alicia_d_arm_motion)
[7.184s] Level 1:colcon.colcon_core.environment:create_environment_scripts_only(alicia_d_sts_gripper)
[7.185s] Level 1:colcon.colcon_core.environment:checking '/home/Projects/HET/alicia_ws/install/alicia_d_sts_gripper' for CMake module files
[7.188s] DEBUG:colcon.colcon_core.event_handler.log_command:Invoked command in '/home/Projects/HET/alicia_ws/build/alicia_d_sts_gripper' returned '0': AMENT_PREFIX_PATH=/home/Projects/HET/alicia_ws/install/alicia_d_control_interfaces:${AMENT_PREFIX_PATH} CMAKE_PREFIX_PATH=/home/Projects/HET/alicia_ws/install/alicia_d_control_interfaces:/opt/ros/humble LD_LIBRARY_PATH=/home/Projects/HET/alicia_ws/install/alicia_d_control_interfaces/lib:${LD_LIBRARY_PATH} PYTHONPATH=/home/Projects/HET/alicia_ws/install/alicia_d_control_interfaces/local/lib/python3.10/dist-packages:${PYTHONPATH} /usr/bin/cmake --install /home/Projects/HET/alicia_ws/build/alicia_d_sts_gripper
[7.190s] Level 1:colcon.colcon_core.environment:checking '/home/Projects/HET/alicia_ws/install/alicia_d_sts_gripper' for CMake config files
[7.190s] Level 1:colcon.colcon_core.shell:create_environment_hook('alicia_d_sts_gripper', 'cmake_prefix_path')
[7.191s] INFO:colcon.colcon_core.shell:Creating environment hook '/home/Projects/HET/alicia_ws/install/alicia_d_sts_gripper/share/alicia_d_sts_gripper/hook/cmake_prefix_path.ps1'
[7.193s] INFO:colcon.colcon_core.shell:Creating environment descriptor '/home/Projects/HET/alicia_ws/install/alicia_d_sts_gripper/share/alicia_d_sts_gripper/hook/cmake_prefix_path.dsv'
[7.194s] INFO:colcon.colcon_core.shell:Creating environment hook '/home/Projects/HET/alicia_ws/install/alicia_d_sts_gripper/share/alicia_d_sts_gripper/hook/cmake_prefix_path.sh'
[7.196s] Level 1:colcon.colcon_core.environment:checking '/home/Projects/HET/alicia_ws/install/alicia_d_sts_gripper/lib'
[7.197s] Level 1:colcon.colcon_core.environment:checking '/home/Projects/HET/alicia_ws/install/alicia_d_sts_gripper/bin'
[7.197s] Level 1:colcon.colcon_core.environment:checking '/home/Projects/HET/alicia_ws/install/alicia_d_sts_gripper/lib/pkgconfig/alicia_d_sts_gripper.pc'
[7.197s] Level 1:colcon.colcon_core.environment:checking '/home/Projects/HET/alicia_ws/install/alicia_d_sts_gripper/lib/python3.10/site-packages'
[7.198s] Level 1:colcon.colcon_core.environment:checking '/home/Projects/HET/alicia_ws/install/alicia_d_sts_gripper/bin'
[7.199s] INFO:colcon.colcon_core.shell:Creating package script '/home/Projects/HET/alicia_ws/install/alicia_d_sts_gripper/share/alicia_d_sts_gripper/package.ps1'
[7.200s] INFO:colcon.colcon_core.shell:Creating package descriptor '/home/Projects/HET/alicia_ws/install/alicia_d_sts_gripper/share/alicia_d_sts_gripper/package.dsv'
[7.201s] INFO:colcon.colcon_core.shell:Creating package script '/home/Projects/HET/alicia_ws/install/alicia_d_sts_gripper/share/alicia_d_sts_gripper/package.sh'
[7.202s] INFO:colcon.colcon_core.shell:Creating package script '/home/Projects/HET/alicia_ws/install/alicia_d_sts_gripper/share/alicia_d_sts_gripper/package.bash'
[7.203s] INFO:colcon.colcon_core.shell:Creating package script '/home/Projects/HET/alicia_ws/install/alicia_d_sts_gripper/share/alicia_d_sts_gripper/package.zsh'
[7.205s] Level 1:colcon.colcon_core.environment:create_file_with_runtime_dependencies(/home/Projects/HET/alicia_ws/install/alicia_d_sts_gripper/share/colcon-core/packages/alicia_d_sts_gripper)
[7.207s] Level 1:colcon.colcon_core.environment:create_environment_scripts_only(alicia_d_sts_gripper)
[7.208s] Level 1:colcon.colcon_core.environment:checking '/home/Projects/HET/alicia_ws/install/alicia_d_sts_gripper' for CMake module files
[7.209s] Level 1:colcon.colcon_core.environment:checking '/home/Projects/HET/alicia_ws/install/alicia_d_sts_gripper' for CMake config files
[7.209s] Level 1:colcon.colcon_core.shell:create_environment_hook('alicia_d_sts_gripper', 'cmake_prefix_path')
[7.210s] INFO:colcon.colcon_core.shell:Creating environment hook '/home/Projects/HET/alicia_ws/install/alicia_d_sts_gripper/share/alicia_d_sts_gripper/hook/cmake_prefix_path.ps1'
[7.211s] INFO:colcon.colcon_core.shell:Creating environment descriptor '/home/Projects/HET/alicia_ws/install/alicia_d_sts_gripper/share/alicia_d_sts_gripper/hook/cmake_prefix_path.dsv'
[7.212s] INFO:colcon.colcon_core.shell:Creating environment hook '/home/Projects/HET/alicia_ws/install/alicia_d_sts_gripper/share/alicia_d_sts_gripper/hook/cmake_prefix_path.sh'
[7.213s] Level 1:colcon.colcon_core.environment:checking '/home/Projects/HET/alicia_ws/install/alicia_d_sts_gripper/lib'
[7.213s] Level 1:colcon.colcon_core.environment:checking '/home/Projects/HET/alicia_ws/install/alicia_d_sts_gripper/bin'
[7.214s] Level 1:colcon.colcon_core.environment:checking '/home/Projects/HET/alicia_ws/install/alicia_d_sts_gripper/lib/pkgconfig/alicia_d_sts_gripper.pc'
[7.214s] Level 1:colcon.colcon_core.environment:checking '/home/Projects/HET/alicia_ws/install/alicia_d_sts_gripper/lib/python3.10/site-packages'
[7.215s] Level 1:colcon.colcon_core.environment:checking '/home/Projects/HET/alicia_ws/install/alicia_d_sts_gripper/bin'
[7.216s] INFO:colcon.colcon_core.shell:Creating package script '/home/Projects/HET/alicia_ws/install/alicia_d_sts_gripper/share/alicia_d_sts_gripper/package.ps1'
[7.217s] INFO:colcon.colcon_core.shell:Creating package descriptor '/home/Projects/HET/alicia_ws/install/alicia_d_sts_gripper/share/alicia_d_sts_gripper/package.dsv'
[7.218s] INFO:colcon.colcon_core.shell:Creating package script '/home/Projects/HET/alicia_ws/install/alicia_d_sts_gripper/share/alicia_d_sts_gripper/package.sh'
[7.219s] INFO:colcon.colcon_core.shell:Creating package script '/home/Projects/HET/alicia_ws/install/alicia_d_sts_gripper/share/alicia_d_sts_gripper/package.bash'
[7.221s] INFO:colcon.colcon_core.shell:Creating package script '/home/Projects/HET/alicia_ws/install/alicia_d_sts_gripper/share/alicia_d_sts_gripper/package.zsh'
[7.222s] Level 1:colcon.colcon_core.environment:create_file_with_runtime_dependencies(/home/Projects/HET/alicia_ws/install/alicia_d_sts_gripper/share/colcon-core/packages/alicia_d_sts_gripper)
[7.222s] DEBUG:colcon.colcon_parallel_executor.executor.parallel:closing loop
[7.224s] DEBUG:colcon.colcon_parallel_executor.executor.parallel:loop closed
[7.225s] DEBUG:colcon.colcon_parallel_executor.executor.parallel:run_until_complete finished with '0'
[7.227s] DEBUG:colcon.colcon_core.event_reactor:joining thread
[8.470s] INFO:colcon.colcon_core.plugin_system:Skipping extension 'colcon_notification.desktop_notification.notify_send': Could not find 'notify-send'
[8.471s] INFO:colcon.colcon_core.plugin_system:Skipping extension 'colcon_notification.desktop_notification.terminal_notifier': Not used on non-Darwin systems
[8.471s] INFO:colcon.colcon_core.plugin_system:Skipping extension 'colcon_notification.desktop_notification.win32': Not used on non-Windows systems
[8.471s] INFO:colcon.colcon_notification.desktop_notification:Sending desktop notification using 'notify2'
[8.471s] DEBUG:colcon.colcon_notification.desktop_notification.notify2:Failed to initialize notify2: org.freedesktop.DBus.Error.FileNotFound: Failed to connect to socket /run/user/0/bus: No such file or directory
[8.472s] DEBUG:colcon.colcon_core.event_reactor:joined thread
[8.473s] INFO:colcon.colcon_core.shell:Creating prefix script '/home/Projects/HET/alicia_ws/install/local_setup.ps1'
[8.475s] INFO:colcon.colcon_core.shell:Creating prefix util module '/home/Projects/HET/alicia_ws/install/_local_setup_util_ps1.py'
[8.478s] INFO:colcon.colcon_core.shell:Creating prefix chain script '/home/Projects/HET/alicia_ws/install/setup.ps1'
[8.482s] INFO:colcon.colcon_core.shell:Creating prefix script '/home/Projects/HET/alicia_ws/install/local_setup.sh'
[8.484s] INFO:colcon.colcon_core.shell:Creating prefix util module '/home/Projects/HET/alicia_ws/install/_local_setup_util_sh.py'
[8.486s] INFO:colcon.colcon_core.shell:Creating prefix chain script '/home/Projects/HET/alicia_ws/install/setup.sh'
[8.489s] INFO:colcon.colcon_core.shell:Creating prefix script '/home/Projects/HET/alicia_ws/install/local_setup.bash'
[8.490s] INFO:colcon.colcon_core.shell:Creating prefix chain script '/home/Projects/HET/alicia_ws/install/setup.bash'
[8.493s] INFO:colcon.colcon_core.shell:Creating prefix script '/home/Projects/HET/alicia_ws/install/local_setup.zsh'
[8.495s] INFO:colcon.colcon_core.shell:Creating prefix chain script '/home/Projects/HET/alicia_ws/install/setup.zsh'
