[3.740s] DEBUG:colcon:Command line arguments: ['/usr/bin/colcon', 'build', '--packages-select', 'alicia_d_control_interfaces', 'alicia_d_sts_gripper']
[3.740s] DEBUG:colcon:Parsed command line arguments: Namespace(log_base=None, log_level=None, verb_name='build', build_base='build', install_base='install', merge_install=False, symlink_install=False, test_result_base=None, continue_on_error=False, executor='parallel', parallel_workers=20, event_handlers=None, ignore_user_meta=False, metas=['./colcon.meta'], base_paths=['.'], packages_ignore=None, packages_ignore_regex=None, paths=None, packages_up_to=None, packages_up_to_regex=None, packages_above=None, packages_above_and_dependencies=None, packages_above_depth=None, packages_select_by_dep=None, packages_skip_by_dep=None, packages_skip_up_to=None, packages_select_build_failed=False, packages_skip_build_finished=False, packages_select_test_failures=False, packages_skip_test_passed=False, packages_select=['alicia_d_control_interfaces', 'alicia_d_sts_gripper'], packages_skip=None, packages_select_regex=None, packages_skip_regex=None, packages_start=None, packages_end=None, allow_overriding=[], cmake_args=None, cmake_target=None, cmake_target_skip_unavailable=False, cmake_clean_cache=False, cmake_clean_first=False, cmake_force_configure=False, ament_cmake_args=None, catkin_cmake_args=None, catkin_skip_building_tests=False, verb_parser=<colcon_defaults.argument_parser.defaults.DefaultArgumentsDecorator object at 0x7e0b13104070>, verb_extension=<colcon_core.verb.build.BuildVerb object at 0x7e0b130cbb20>, main=<bound method BuildVerb.main of <colcon_core.verb.build.BuildVerb object at 0x7e0b130cbb20>>)
[4.255s] Level 1:colcon.colcon_core.package_discovery:discover_packages(colcon_meta) check parameters
[4.255s] Level 1:colcon.colcon_core.package_discovery:discover_packages(recursive) check parameters
[4.255s] Level 1:colcon.colcon_core.package_discovery:discover_packages(ignore) check parameters
[4.255s] Level 1:colcon.colcon_core.package_discovery:discover_packages(path) check parameters
[4.255s] Level 1:colcon.colcon_core.package_discovery:discover_packages(colcon_meta) discover
[4.256s] Level 1:colcon.colcon_core.package_discovery:discover_packages(recursive) discover
[4.256s] INFO:colcon.colcon_core.package_discovery:Crawling recursively for packages in '/home/Projects/HET/alicia_ws'
[4.256s] Level 1:colcon.colcon_core.package_identification:_identify(.) by extensions ['ignore', 'ignore_ament_install']
[4.256s] Level 1:colcon.colcon_core.package_identification:_identify(.) by extension 'ignore'
[4.257s] Level 1:colcon.colcon_core.package_identification:_identify(.) by extension 'ignore_ament_install'
[4.257s] Level 1:colcon.colcon_core.package_identification:_identify(.) by extensions ['colcon_pkg']
[4.257s] Level 1:colcon.colcon_core.package_identification:_identify(.) by extension 'colcon_pkg'
[4.257s] Level 1:colcon.colcon_core.package_identification:_identify(.) by extensions ['colcon_meta']
[4.257s] Level 1:colcon.colcon_core.package_identification:_identify(.) by extension 'colcon_meta'
[4.258s] Level 1:colcon.colcon_core.package_identification:_identify(.) by extensions ['ros']
[4.258s] Level 1:colcon.colcon_core.package_identification:_identify(.) by extension 'ros'
[4.294s] Level 1:colcon.colcon_core.package_identification:_identify(.) by extensions ['cmake', 'python']
[4.295s] Level 1:colcon.colcon_core.package_identification:_identify(.) by extension 'cmake'
[4.295s] Level 1:colcon.colcon_core.package_identification:_identify(.) by extension 'python'
[4.295s] Level 1:colcon.colcon_core.package_identification:_identify(.) by extensions ['python_setup_py']
[4.295s] Level 1:colcon.colcon_core.package_identification:_identify(.) by extension 'python_setup_py'
[4.296s] Level 1:colcon.colcon_core.package_identification:_identify(build) by extensions ['ignore', 'ignore_ament_install']
[4.296s] Level 1:colcon.colcon_core.package_identification:_identify(build) by extension 'ignore'
[4.297s] Level 1:colcon.colcon_core.package_identification:_identify(build) ignored
[4.297s] Level 1:colcon.colcon_core.package_identification:_identify(experiment_logs) by extensions ['ignore', 'ignore_ament_install']
[4.297s] Level 1:colcon.colcon_core.package_identification:_identify(experiment_logs) by extension 'ignore'
[4.298s] Level 1:colcon.colcon_core.package_identification:_identify(experiment_logs) by extension 'ignore_ament_install'
[4.298s] Level 1:colcon.colcon_core.package_identification:_identify(experiment_logs) by extensions ['colcon_pkg']
[4.298s] Level 1:colcon.colcon_core.package_identification:_identify(experiment_logs) by extension 'colcon_pkg'
[4.298s] Level 1:colcon.colcon_core.package_identification:_identify(experiment_logs) by extensions ['colcon_meta']
[4.298s] Level 1:colcon.colcon_core.package_identification:_identify(experiment_logs) by extension 'colcon_meta'
[4.299s] Level 1:colcon.colcon_core.package_identification:_identify(experiment_logs) by extensions ['ros']
[4.299s] Level 1:colcon.colcon_core.package_identification:_identify(experiment_logs) by extension 'ros'
[4.299s] Level 1:colcon.colcon_core.package_identification:_identify(experiment_logs) by extensions ['cmake', 'python']
[4.299s] Level 1:colcon.colcon_core.package_identification:_identify(experiment_logs) by extension 'cmake'
[4.300s] Level 1:colcon.colcon_core.package_identification:_identify(experiment_logs) by extension 'python'
[4.300s] Level 1:colcon.colcon_core.package_identification:_identify(experiment_logs) by extensions ['python_setup_py']
[4.301s] Level 1:colcon.colcon_core.package_identification:_identify(experiment_logs) by extension 'python_setup_py'
[4.301s] Level 1:colcon.colcon_core.package_identification:_identify(experiment_logs/feedback_diagnostics) by extensions ['ignore', 'ignore_ament_install']
[4.301s] Level 1:colcon.colcon_core.package_identification:_identify(experiment_logs/feedback_diagnostics) by extension 'ignore'
[4.301s] Level 1:colcon.colcon_core.package_identification:_identify(experiment_logs/feedback_diagnostics) by extension 'ignore_ament_install'
[4.301s] Level 1:colcon.colcon_core.package_identification:_identify(experiment_logs/feedback_diagnostics) by extensions ['colcon_pkg']
[4.301s] Level 1:colcon.colcon_core.package_identification:_identify(experiment_logs/feedback_diagnostics) by extension 'colcon_pkg'
[4.302s] Level 1:colcon.colcon_core.package_identification:_identify(experiment_logs/feedback_diagnostics) by extensions ['colcon_meta']
[4.302s] Level 1:colcon.colcon_core.package_identification:_identify(experiment_logs/feedback_diagnostics) by extension 'colcon_meta'
[4.302s] Level 1:colcon.colcon_core.package_identification:_identify(experiment_logs/feedback_diagnostics) by extensions ['ros']
[4.302s] Level 1:colcon.colcon_core.package_identification:_identify(experiment_logs/feedback_diagnostics) by extension 'ros'
[4.302s] Level 1:colcon.colcon_core.package_identification:_identify(experiment_logs/feedback_diagnostics) by extensions ['cmake', 'python']
[4.302s] Level 1:colcon.colcon_core.package_identification:_identify(experiment_logs/feedback_diagnostics) by extension 'cmake'
[4.302s] Level 1:colcon.colcon_core.package_identification:_identify(experiment_logs/feedback_diagnostics) by extension 'python'
[4.303s] Level 1:colcon.colcon_core.package_identification:_identify(experiment_logs/feedback_diagnostics) by extensions ['python_setup_py']
[4.303s] Level 1:colcon.colcon_core.package_identification:_identify(experiment_logs/feedback_diagnostics) by extension 'python_setup_py'
[4.303s] Level 1:colcon.colcon_core.package_identification:_identify(experiment_logs/feedback_diagnostics/alicia_feedback_20260530_235550) by extensions ['ignore', 'ignore_ament_install']
[4.303s] Level 1:colcon.colcon_core.package_identification:_identify(experiment_logs/feedback_diagnostics/alicia_feedback_20260530_235550) by extension 'ignore'
[4.303s] Level 1:colcon.colcon_core.package_identification:_identify(experiment_logs/feedback_diagnostics/alicia_feedback_20260530_235550) by extension 'ignore_ament_install'
[4.304s] Level 1:colcon.colcon_core.package_identification:_identify(experiment_logs/feedback_diagnostics/alicia_feedback_20260530_235550) by extensions ['colcon_pkg']
[4.304s] Level 1:colcon.colcon_core.package_identification:_identify(experiment_logs/feedback_diagnostics/alicia_feedback_20260530_235550) by extension 'colcon_pkg'
[4.304s] Level 1:colcon.colcon_core.package_identification:_identify(experiment_logs/feedback_diagnostics/alicia_feedback_20260530_235550) by extensions ['colcon_meta']
[4.304s] Level 1:colcon.colcon_core.package_identification:_identify(experiment_logs/feedback_diagnostics/alicia_feedback_20260530_235550) by extension 'colcon_meta'
[4.304s] Level 1:colcon.colcon_core.package_identification:_identify(experiment_logs/feedback_diagnostics/alicia_feedback_20260530_235550) by extensions ['ros']
[4.305s] Level 1:colcon.colcon_core.package_identification:_identify(experiment_logs/feedback_diagnostics/alicia_feedback_20260530_235550) by extension 'ros'
[4.305s] Level 1:colcon.colcon_core.package_identification:_identify(experiment_logs/feedback_diagnostics/alicia_feedback_20260530_235550) by extensions ['cmake', 'python']
[4.305s] Level 1:colcon.colcon_core.package_identification:_identify(experiment_logs/feedback_diagnostics/alicia_feedback_20260530_235550) by extension 'cmake'
[4.305s] Level 1:colcon.colcon_core.package_identification:_identify(experiment_logs/feedback_diagnostics/alicia_feedback_20260530_235550) by extension 'python'
[4.305s] Level 1:colcon.colcon_core.package_identification:_identify(experiment_logs/feedback_diagnostics/alicia_feedback_20260530_235550) by extensions ['python_setup_py']
[4.305s] Level 1:colcon.colcon_core.package_identification:_identify(experiment_logs/feedback_diagnostics/alicia_feedback_20260530_235550) by extension 'python_setup_py'
[4.306s] Level 1:colcon.colcon_core.package_identification:_identify(experiment_logs/feedback_diagnostics/alicia_feedback_20260531_000949) by extensions ['ignore', 'ignore_ament_install']
[4.306s] Level 1:colcon.colcon_core.package_identification:_identify(experiment_logs/feedback_diagnostics/alicia_feedback_20260531_000949) by extension 'ignore'
[4.306s] Level 1:colcon.colcon_core.package_identification:_identify(experiment_logs/feedback_diagnostics/alicia_feedback_20260531_000949) by extension 'ignore_ament_install'
[4.306s] Level 1:colcon.colcon_core.package_identification:_identify(experiment_logs/feedback_diagnostics/alicia_feedback_20260531_000949) by extensions ['colcon_pkg']
[4.307s] Level 1:colcon.colcon_core.package_identification:_identify(experiment_logs/feedback_diagnostics/alicia_feedback_20260531_000949) by extension 'colcon_pkg'
[4.307s] Level 1:colcon.colcon_core.package_identification:_identify(experiment_logs/feedback_diagnostics/alicia_feedback_20260531_000949) by extensions ['colcon_meta']
[4.307s] Level 1:colcon.colcon_core.package_identification:_identify(experiment_logs/feedback_diagnostics/alicia_feedback_20260531_000949) by extension 'colcon_meta'
[4.307s] Level 1:colcon.colcon_core.package_identification:_identify(experiment_logs/feedback_diagnostics/alicia_feedback_20260531_000949) by extensions ['ros']
[4.307s] Level 1:colcon.colcon_core.package_identification:_identify(experiment_logs/feedback_diagnostics/alicia_feedback_20260531_000949) by extension 'ros'
[4.308s] Level 1:colcon.colcon_core.package_identification:_identify(experiment_logs/feedback_diagnostics/alicia_feedback_20260531_000949) by extensions ['cmake', 'python']
[4.308s] Level 1:colcon.colcon_core.package_identification:_identify(experiment_logs/feedback_diagnostics/alicia_feedback_20260531_000949) by extension 'cmake'
[4.308s] Level 1:colcon.colcon_core.package_identification:_identify(experiment_logs/feedback_diagnostics/alicia_feedback_20260531_000949) by extension 'python'
[4.308s] Level 1:colcon.colcon_core.package_identification:_identify(experiment_logs/feedback_diagnostics/alicia_feedback_20260531_000949) by extensions ['python_setup_py']
[4.308s] Level 1:colcon.colcon_core.package_identification:_identify(experiment_logs/feedback_diagnostics/alicia_feedback_20260531_000949) by extension 'python_setup_py'
[4.309s] Level 1:colcon.colcon_core.package_identification:_identify(experiment_logs/feedback_diagnostics/alicia_feedback_20260602_154605) by extensions ['ignore', 'ignore_ament_install']
[4.309s] Level 1:colcon.colcon_core.package_identification:_identify(experiment_logs/feedback_diagnostics/alicia_feedback_20260602_154605) by extension 'ignore'
[4.309s] Level 1:colcon.colcon_core.package_identification:_identify(experiment_logs/feedback_diagnostics/alicia_feedback_20260602_154605) by extension 'ignore_ament_install'
[4.309s] Level 1:colcon.colcon_core.package_identification:_identify(experiment_logs/feedback_diagnostics/alicia_feedback_20260602_154605) by extensions ['colcon_pkg']
[4.309s] Level 1:colcon.colcon_core.package_identification:_identify(experiment_logs/feedback_diagnostics/alicia_feedback_20260602_154605) by extension 'colcon_pkg'
[4.309s] Level 1:colcon.colcon_core.package_identification:_identify(experiment_logs/feedback_diagnostics/alicia_feedback_20260602_154605) by extensions ['colcon_meta']
[4.309s] Level 1:colcon.colcon_core.package_identification:_identify(experiment_logs/feedback_diagnostics/alicia_feedback_20260602_154605) by extension 'colcon_meta'
[4.309s] Level 1:colcon.colcon_core.package_identification:_identify(experiment_logs/feedback_diagnostics/alicia_feedback_20260602_154605) by extensions ['ros']
[4.310s] Level 1:colcon.colcon_core.package_identification:_identify(experiment_logs/feedback_diagnostics/alicia_feedback_20260602_154605) by extension 'ros'
[4.310s] Level 1:colcon.colcon_core.package_identification:_identify(experiment_logs/feedback_diagnostics/alicia_feedback_20260602_154605) by extensions ['cmake', 'python']
[4.310s] Level 1:colcon.colcon_core.package_identification:_identify(experiment_logs/feedback_diagnostics/alicia_feedback_20260602_154605) by extension 'cmake'
[4.310s] Level 1:colcon.colcon_core.package_identification:_identify(experiment_logs/feedback_diagnostics/alicia_feedback_20260602_154605) by extension 'python'
[4.310s] Level 1:colcon.colcon_core.package_identification:_identify(experiment_logs/feedback_diagnostics/alicia_feedback_20260602_154605) by extensions ['python_setup_py']
[4.310s] Level 1:colcon.colcon_core.package_identification:_identify(experiment_logs/feedback_diagnostics/alicia_feedback_20260602_154605) by extension 'python_setup_py'
[4.310s] Level 1:colcon.colcon_core.package_identification:_identify(experiment_logs/feedback_diagnostics/alicia_feedback_20260602_154702) by extensions ['ignore', 'ignore_ament_install']
[4.311s] Level 1:colcon.colcon_core.package_identification:_identify(experiment_logs/feedback_diagnostics/alicia_feedback_20260602_154702) by extension 'ignore'
[4.311s] Level 1:colcon.colcon_core.package_identification:_identify(experiment_logs/feedback_diagnostics/alicia_feedback_20260602_154702) by extension 'ignore_ament_install'
[4.311s] Level 1:colcon.colcon_core.package_identification:_identify(experiment_logs/feedback_diagnostics/alicia_feedback_20260602_154702) by extensions ['colcon_pkg']
[4.311s] Level 1:colcon.colcon_core.package_identification:_identify(experiment_logs/feedback_diagnostics/alicia_feedback_20260602_154702) by extension 'colcon_pkg'
[4.311s] Level 1:colcon.colcon_core.package_identification:_identify(experiment_logs/feedback_diagnostics/alicia_feedback_20260602_154702) by extensions ['colcon_meta']
[4.311s] Level 1:colcon.colcon_core.package_identification:_identify(experiment_logs/feedback_diagnostics/alicia_feedback_20260602_154702) by extension 'colcon_meta'
[4.311s] Level 1:colcon.colcon_core.package_identification:_identify(experiment_logs/feedback_diagnostics/alicia_feedback_20260602_154702) by extensions ['ros']
[4.312s] Level 1:colcon.colcon_core.package_identification:_identify(experiment_logs/feedback_diagnostics/alicia_feedback_20260602_154702) by extension 'ros'
[4.312s] Level 1:colcon.colcon_core.package_identification:_identify(experiment_logs/feedback_diagnostics/alicia_feedback_20260602_154702) by extensions ['cmake', 'python']
[4.312s] Level 1:colcon.colcon_core.package_identification:_identify(experiment_logs/feedback_diagnostics/alicia_feedback_20260602_154702) by extension 'cmake'
[4.313s] Level 1:colcon.colcon_core.package_identification:_identify(experiment_logs/feedback_diagnostics/alicia_feedback_20260602_154702) by extension 'python'
[4.313s] Level 1:colcon.colcon_core.package_identification:_identify(experiment_logs/feedback_diagnostics/alicia_feedback_20260602_154702) by extensions ['python_setup_py']
[4.313s] Level 1:colcon.colcon_core.package_identification:_identify(experiment_logs/feedback_diagnostics/alicia_feedback_20260602_154702) by extension 'python_setup_py'
[4.313s] Level 1:colcon.colcon_core.package_identification:_identify(experiment_logs/feedback_diagnostics/alicia_feedback_20260602_154723) by extensions ['ignore', 'ignore_ament_install']
[4.314s] Level 1:colcon.colcon_core.package_identification:_identify(experiment_logs/feedback_diagnostics/alicia_feedback_20260602_154723) by extension 'ignore'
[4.314s] Level 1:colcon.colcon_core.package_identification:_identify(experiment_logs/feedback_diagnostics/alicia_feedback_20260602_154723) by extension 'ignore_ament_install'
[4.315s] Level 1:colcon.colcon_core.package_identification:_identify(experiment_logs/feedback_diagnostics/alicia_feedback_20260602_154723) by extensions ['colcon_pkg']
[4.315s] Level 1:colcon.colcon_core.package_identification:_identify(experiment_logs/feedback_diagnostics/alicia_feedback_20260602_154723) by extension 'colcon_pkg'
[4.315s] Level 1:colcon.colcon_core.package_identification:_identify(experiment_logs/feedback_diagnostics/alicia_feedback_20260602_154723) by extensions ['colcon_meta']
[4.315s] Level 1:colcon.colcon_core.package_identification:_identify(experiment_logs/feedback_diagnostics/alicia_feedback_20260602_154723) by extension 'colcon_meta'
[4.315s] Level 1:colcon.colcon_core.package_identification:_identify(experiment_logs/feedback_diagnostics/alicia_feedback_20260602_154723) by extensions ['ros']
[4.315s] Level 1:colcon.colcon_core.package_identification:_identify(experiment_logs/feedback_diagnostics/alicia_feedback_20260602_154723) by extension 'ros'
[4.316s] Level 1:colcon.colcon_core.package_identification:_identify(experiment_logs/feedback_diagnostics/alicia_feedback_20260602_154723) by extensions ['cmake', 'python']
[4.316s] Level 1:colcon.colcon_core.package_identification:_identify(experiment_logs/feedback_diagnostics/alicia_feedback_20260602_154723) by extension 'cmake'
[4.316s] Level 1:colcon.colcon_core.package_identification:_identify(experiment_logs/feedback_diagnostics/alicia_feedback_20260602_154723) by extension 'python'
[4.316s] Level 1:colcon.colcon_core.package_identification:_identify(experiment_logs/feedback_diagnostics/alicia_feedback_20260602_154723) by extensions ['python_setup_py']
[4.316s] Level 1:colcon.colcon_core.package_identification:_identify(experiment_logs/feedback_diagnostics/alicia_feedback_20260602_154723) by extension 'python_setup_py'
[4.317s] Level 1:colcon.colcon_core.package_identification:_identify(experiment_logs/feedback_diagnostics/alicia_feedback_20260602_160741) by extensions ['ignore', 'ignore_ament_install']
[4.317s] Level 1:colcon.colcon_core.package_identification:_identify(experiment_logs/feedback_diagnostics/alicia_feedback_20260602_160741) by extension 'ignore'
[4.317s] Level 1:colcon.colcon_core.package_identification:_identify(experiment_logs/feedback_diagnostics/alicia_feedback_20260602_160741) by extension 'ignore_ament_install'
[4.317s] Level 1:colcon.colcon_core.package_identification:_identify(experiment_logs/feedback_diagnostics/alicia_feedback_20260602_160741) by extensions ['colcon_pkg']
[4.317s] Level 1:colcon.colcon_core.package_identification:_identify(experiment_logs/feedback_diagnostics/alicia_feedback_20260602_160741) by extension 'colcon_pkg'
[4.317s] Level 1:colcon.colcon_core.package_identification:_identify(experiment_logs/feedback_diagnostics/alicia_feedback_20260602_160741) by extensions ['colcon_meta']
[4.318s] Level 1:colcon.colcon_core.package_identification:_identify(experiment_logs/feedback_diagnostics/alicia_feedback_20260602_160741) by extension 'colcon_meta'
[4.318s] Level 1:colcon.colcon_core.package_identification:_identify(experiment_logs/feedback_diagnostics/alicia_feedback_20260602_160741) by extensions ['ros']
[4.318s] Level 1:colcon.colcon_core.package_identification:_identify(experiment_logs/feedback_diagnostics/alicia_feedback_20260602_160741) by extension 'ros'
[4.318s] Level 1:colcon.colcon_core.package_identification:_identify(experiment_logs/feedback_diagnostics/alicia_feedback_20260602_160741) by extensions ['cmake', 'python']
[4.318s] Level 1:colcon.colcon_core.package_identification:_identify(experiment_logs/feedback_diagnostics/alicia_feedback_20260602_160741) by extension 'cmake'
[4.318s] Level 1:colcon.colcon_core.package_identification:_identify(experiment_logs/feedback_diagnostics/alicia_feedback_20260602_160741) by extension 'python'
[4.319s] Level 1:colcon.colcon_core.package_identification:_identify(experiment_logs/feedback_diagnostics/alicia_feedback_20260602_160741) by extensions ['python_setup_py']
[4.319s] Level 1:colcon.colcon_core.package_identification:_identify(experiment_logs/feedback_diagnostics/alicia_feedback_20260602_160741) by extension 'python_setup_py'
[4.319s] Level 1:colcon.colcon_core.package_identification:_identify(experiment_logs/feedback_diagnostics/alicia_feedback_20260602_160914) by extensions ['ignore', 'ignore_ament_install']
[4.319s] Level 1:colcon.colcon_core.package_identification:_identify(experiment_logs/feedback_diagnostics/alicia_feedback_20260602_160914) by extension 'ignore'
[4.320s] Level 1:colcon.colcon_core.package_identification:_identify(experiment_logs/feedback_diagnostics/alicia_feedback_20260602_160914) by extension 'ignore_ament_install'
[4.320s] Level 1:colcon.colcon_core.package_identification:_identify(experiment_logs/feedback_diagnostics/alicia_feedback_20260602_160914) by extensions ['colcon_pkg']
[4.320s] Level 1:colcon.colcon_core.package_identification:_identify(experiment_logs/feedback_diagnostics/alicia_feedback_20260602_160914) by extension 'colcon_pkg'
[4.321s] Level 1:colcon.colcon_core.package_identification:_identify(experiment_logs/feedback_diagnostics/alicia_feedback_20260602_160914) by extensions ['colcon_meta']
[4.321s] Level 1:colcon.colcon_core.package_identification:_identify(experiment_logs/feedback_diagnostics/alicia_feedback_20260602_160914) by extension 'colcon_meta'
[4.321s] Level 1:colcon.colcon_core.package_identification:_identify(experiment_logs/feedback_diagnostics/alicia_feedback_20260602_160914) by extensions ['ros']
[4.322s] Level 1:colcon.colcon_core.package_identification:_identify(experiment_logs/feedback_diagnostics/alicia_feedback_20260602_160914) by extension 'ros'
[4.322s] Level 1:colcon.colcon_core.package_identification:_identify(experiment_logs/feedback_diagnostics/alicia_feedback_20260602_160914) by extensions ['cmake', 'python']
[4.322s] Level 1:colcon.colcon_core.package_identification:_identify(experiment_logs/feedback_diagnostics/alicia_feedback_20260602_160914) by extension 'cmake'
[4.322s] Level 1:colcon.colcon_core.package_identification:_identify(experiment_logs/feedback_diagnostics/alicia_feedback_20260602_160914) by extension 'python'
[4.322s] Level 1:colcon.colcon_core.package_identification:_identify(experiment_logs/feedback_diagnostics/alicia_feedback_20260602_160914) by extensions ['python_setup_py']
[4.322s] Level 1:colcon.colcon_core.package_identification:_identify(experiment_logs/feedback_diagnostics/alicia_feedback_20260602_160914) by extension 'python_setup_py'
[4.323s] Level 1:colcon.colcon_core.package_identification:_identify(experiment_logs/feedback_diagnostics/alicia_feedback_20260602_161215) by extensions ['ignore', 'ignore_ament_install']
[4.323s] Level 1:colcon.colcon_core.package_identification:_identify(experiment_logs/feedback_diagnostics/alicia_feedback_20260602_161215) by extension 'ignore'
[4.323s] Level 1:colcon.colcon_core.package_identification:_identify(experiment_logs/feedback_diagnostics/alicia_feedback_20260602_161215) by extension 'ignore_ament_install'
[4.323s] Level 1:colcon.colcon_core.package_identification:_identify(experiment_logs/feedback_diagnostics/alicia_feedback_20260602_161215) by extensions ['colcon_pkg']
[4.324s] Level 1:colcon.colcon_core.package_identification:_identify(experiment_logs/feedback_diagnostics/alicia_feedback_20260602_161215) by extension 'colcon_pkg'
[4.324s] Level 1:colcon.colcon_core.package_identification:_identify(experiment_logs/feedback_diagnostics/alicia_feedback_20260602_161215) by extensions ['colcon_meta']
[4.324s] Level 1:colcon.colcon_core.package_identification:_identify(experiment_logs/feedback_diagnostics/alicia_feedback_20260602_161215) by extension 'colcon_meta'
[4.324s] Level 1:colcon.colcon_core.package_identification:_identify(experiment_logs/feedback_diagnostics/alicia_feedback_20260602_161215) by extensions ['ros']
[4.325s] Level 1:colcon.colcon_core.package_identification:_identify(experiment_logs/feedback_diagnostics/alicia_feedback_20260602_161215) by extension 'ros'
[4.325s] Level 1:colcon.colcon_core.package_identification:_identify(experiment_logs/feedback_diagnostics/alicia_feedback_20260602_161215) by extensions ['cmake', 'python']
[4.325s] Level 1:colcon.colcon_core.package_identification:_identify(experiment_logs/feedback_diagnostics/alicia_feedback_20260602_161215) by extension 'cmake'
[4.325s] Level 1:colcon.colcon_core.package_identification:_identify(experiment_logs/feedback_diagnostics/alicia_feedback_20260602_161215) by extension 'python'
[4.325s] Level 1:colcon.colcon_core.package_identification:_identify(experiment_logs/feedback_diagnostics/alicia_feedback_20260602_161215) by extensions ['python_setup_py']
[4.325s] Level 1:colcon.colcon_core.package_identification:_identify(experiment_logs/feedback_diagnostics/alicia_feedback_20260602_161215) by extension 'python_setup_py'
[4.326s] Level 1:colcon.colcon_core.package_identification:_identify(experiment_logs/feedback_diagnostics/alicia_feedback_20260602_161500) by extensions ['ignore', 'ignore_ament_install']
[4.326s] Level 1:colcon.colcon_core.package_identification:_identify(experiment_logs/feedback_diagnostics/alicia_feedback_20260602_161500) by extension 'ignore'
[4.326s] Level 1:colcon.colcon_core.package_identification:_identify(experiment_logs/feedback_diagnostics/alicia_feedback_20260602_161500) by extension 'ignore_ament_install'
[4.326s] Level 1:colcon.colcon_core.package_identification:_identify(experiment_logs/feedback_diagnostics/alicia_feedback_20260602_161500) by extensions ['colcon_pkg']
[4.327s] Level 1:colcon.colcon_core.package_identification:_identify(experiment_logs/feedback_diagnostics/alicia_feedback_20260602_161500) by extension 'colcon_pkg'
[4.327s] Level 1:colcon.colcon_core.package_identification:_identify(experiment_logs/feedback_diagnostics/alicia_feedback_20260602_161500) by extensions ['colcon_meta']
[4.327s] Level 1:colcon.colcon_core.package_identification:_identify(experiment_logs/feedback_diagnostics/alicia_feedback_20260602_161500) by extension 'colcon_meta'
[4.327s] Level 1:colcon.colcon_core.package_identification:_identify(experiment_logs/feedback_diagnostics/alicia_feedback_20260602_161500) by extensions ['ros']
[4.327s] Level 1:colcon.colcon_core.package_identification:_identify(experiment_logs/feedback_diagnostics/alicia_feedback_20260602_161500) by extension 'ros'
[4.328s] Level 1:colcon.colcon_core.package_identification:_identify(experiment_logs/feedback_diagnostics/alicia_feedback_20260602_161500) by extensions ['cmake', 'python']
[4.328s] Level 1:colcon.colcon_core.package_identification:_identify(experiment_logs/feedback_diagnostics/alicia_feedback_20260602_161500) by extension 'cmake'
[4.328s] Level 1:colcon.colcon_core.package_identification:_identify(experiment_logs/feedback_diagnostics/alicia_feedback_20260602_161500) by extension 'python'
[4.328s] Level 1:colcon.colcon_core.package_identification:_identify(experiment_logs/feedback_diagnostics/alicia_feedback_20260602_161500) by extensions ['python_setup_py']
[4.328s] Level 1:colcon.colcon_core.package_identification:_identify(experiment_logs/feedback_diagnostics/alicia_feedback_20260602_161500) by extension 'python_setup_py'
[4.328s] Level 1:colcon.colcon_core.package_identification:_identify(experiment_logs/feedback_diagnostics/alicia_feedback_20260602_161548) by extensions ['ignore', 'ignore_ament_install']
[4.329s] Level 1:colcon.colcon_core.package_identification:_identify(experiment_logs/feedback_diagnostics/alicia_feedback_20260602_161548) by extension 'ignore'
[4.329s] Level 1:colcon.colcon_core.package_identification:_identify(experiment_logs/feedback_diagnostics/alicia_feedback_20260602_161548) by extension 'ignore_ament_install'
[4.329s] Level 1:colcon.colcon_core.package_identification:_identify(experiment_logs/feedback_diagnostics/alicia_feedback_20260602_161548) by extensions ['colcon_pkg']
[4.329s] Level 1:colcon.colcon_core.package_identification:_identify(experiment_logs/feedback_diagnostics/alicia_feedback_20260602_161548) by extension 'colcon_pkg'
[4.329s] Level 1:colcon.colcon_core.package_identification:_identify(experiment_logs/feedback_diagnostics/alicia_feedback_20260602_161548) by extensions ['colcon_meta']
[4.330s] Level 1:colcon.colcon_core.package_identification:_identify(experiment_logs/feedback_diagnostics/alicia_feedback_20260602_161548) by extension 'colcon_meta'
[4.330s] Level 1:colcon.colcon_core.package_identification:_identify(experiment_logs/feedback_diagnostics/alicia_feedback_20260602_161548) by extensions ['ros']
[4.330s] Level 1:colcon.colcon_core.package_identification:_identify(experiment_logs/feedback_diagnostics/alicia_feedback_20260602_161548) by extension 'ros'
[4.330s] Level 1:colcon.colcon_core.package_identification:_identify(experiment_logs/feedback_diagnostics/alicia_feedback_20260602_161548) by extensions ['cmake', 'python']
[4.330s] Level 1:colcon.colcon_core.package_identification:_identify(experiment_logs/feedback_diagnostics/alicia_feedback_20260602_161548) by extension 'cmake'
[4.330s] Level 1:colcon.colcon_core.package_identification:_identify(experiment_logs/feedback_diagnostics/alicia_feedback_20260602_161548) by extension 'python'
[4.330s] Level 1:colcon.colcon_core.package_identification:_identify(experiment_logs/feedback_diagnostics/alicia_feedback_20260602_161548) by extensions ['python_setup_py']
[4.330s] Level 1:colcon.colcon_core.package_identification:_identify(experiment_logs/feedback_diagnostics/alicia_feedback_20260602_161548) by extension 'python_setup_py'
[4.331s] Level 1:colcon.colcon_core.package_identification:_identify(experiment_logs/feedback_diagnostics/alicia_feedback_20260602_170312) by extensions ['ignore', 'ignore_ament_install']
[4.331s] Level 1:colcon.colcon_core.package_identification:_identify(experiment_logs/feedback_diagnostics/alicia_feedback_20260602_170312) by extension 'ignore'
[4.331s] Level 1:colcon.colcon_core.package_identification:_identify(experiment_logs/feedback_diagnostics/alicia_feedback_20260602_170312) by extension 'ignore_ament_install'
[4.332s] Level 1:colcon.colcon_core.package_identification:_identify(experiment_logs/feedback_diagnostics/alicia_feedback_20260602_170312) by extensions ['colcon_pkg']
[4.332s] Level 1:colcon.colcon_core.package_identification:_identify(experiment_logs/feedback_diagnostics/alicia_feedback_20260602_170312) by extension 'colcon_pkg'
[4.332s] Level 1:colcon.colcon_core.package_identification:_identify(experiment_logs/feedback_diagnostics/alicia_feedback_20260602_170312) by extensions ['colcon_meta']
[4.332s] Level 1:colcon.colcon_core.package_identification:_identify(experiment_logs/feedback_diagnostics/alicia_feedback_20260602_170312) by extension 'colcon_meta'
[4.332s] Level 1:colcon.colcon_core.package_identification:_identify(experiment_logs/feedback_diagnostics/alicia_feedback_20260602_170312) by extensions ['ros']
[4.332s] Level 1:colcon.colcon_core.package_identification:_identify(experiment_logs/feedback_diagnostics/alicia_feedback_20260602_170312) by extension 'ros'
[4.333s] Level 1:colcon.colcon_core.package_identification:_identify(experiment_logs/feedback_diagnostics/alicia_feedback_20260602_170312) by extensions ['cmake', 'python']
[4.333s] Level 1:colcon.colcon_core.package_identification:_identify(experiment_logs/feedback_diagnostics/alicia_feedback_20260602_170312) by extension 'cmake'
[4.333s] Level 1:colcon.colcon_core.package_identification:_identify(experiment_logs/feedback_diagnostics/alicia_feedback_20260602_170312) by extension 'python'
[4.333s] Level 1:colcon.colcon_core.package_identification:_identify(experiment_logs/feedback_diagnostics/alicia_feedback_20260602_170312) by extensions ['python_setup_py']
[4.333s] Level 1:colcon.colcon_core.package_identification:_identify(experiment_logs/feedback_diagnostics/alicia_feedback_20260602_170312) by extension 'python_setup_py'
[4.334s] Level 1:colcon.colcon_core.package_identification:_identify(experiment_logs/feedback_motion) by extensions ['ignore', 'ignore_ament_install']
[4.334s] Level 1:colcon.colcon_core.package_identification:_identify(experiment_logs/feedback_motion) by extension 'ignore'
[4.334s] Level 1:colcon.colcon_core.package_identification:_identify(experiment_logs/feedback_motion) by extension 'ignore_ament_install'
[4.335s] Level 1:colcon.colcon_core.package_identification:_identify(experiment_logs/feedback_motion) by extensions ['colcon_pkg']
[4.335s] Level 1:colcon.colcon_core.package_identification:_identify(experiment_logs/feedback_motion) by extension 'colcon_pkg'
[4.335s] Level 1:colcon.colcon_core.package_identification:_identify(experiment_logs/feedback_motion) by extensions ['colcon_meta']
[4.335s] Level 1:colcon.colcon_core.package_identification:_identify(experiment_logs/feedback_motion) by extension 'colcon_meta'
[4.335s] Level 1:colcon.colcon_core.package_identification:_identify(experiment_logs/feedback_motion) by extensions ['ros']
[4.335s] Level 1:colcon.colcon_core.package_identification:_identify(experiment_logs/feedback_motion) by extension 'ros'
[4.336s] Level 1:colcon.colcon_core.package_identification:_identify(experiment_logs/feedback_motion) by extensions ['cmake', 'python']
[4.336s] Level 1:colcon.colcon_core.package_identification:_identify(experiment_logs/feedback_motion) by extension 'cmake'
[4.336s] Level 1:colcon.colcon_core.package_identification:_identify(experiment_logs/feedback_motion) by extension 'python'
[4.336s] Level 1:colcon.colcon_core.package_identification:_identify(experiment_logs/feedback_motion) by extensions ['python_setup_py']
[4.336s] Level 1:colcon.colcon_core.package_identification:_identify(experiment_logs/feedback_motion) by extension 'python_setup_py'
[4.337s] Level 1:colcon.colcon_core.package_identification:_identify(experiment_logs/feedback_motion/tiny_feedback_motion_20260531_210724_current_gripper_state) by extensions ['ignore', 'ignore_ament_install']
[4.337s] Level 1:colcon.colcon_core.package_identification:_identify(experiment_logs/feedback_motion/tiny_feedback_motion_20260531_210724_current_gripper_state) by extension 'ignore'
[4.338s] Level 1:colcon.colcon_core.package_identification:_identify(experiment_logs/feedback_motion/tiny_feedback_motion_20260531_210724_current_gripper_state) by extension 'ignore_ament_install'
[4.338s] Level 1:colcon.colcon_core.package_identification:_identify(experiment_logs/feedback_motion/tiny_feedback_motion_20260531_210724_current_gripper_state) by extensions ['colcon_pkg']
[4.338s] Level 1:colcon.colcon_core.package_identification:_identify(experiment_logs/feedback_motion/tiny_feedback_motion_20260531_210724_current_gripper_state) by extension 'colcon_pkg'
[4.338s] Level 1:colcon.colcon_core.package_identification:_identify(experiment_logs/feedback_motion/tiny_feedback_motion_20260531_210724_current_gripper_state) by extensions ['colcon_meta']
[4.338s] Level 1:colcon.colcon_core.package_identification:_identify(experiment_logs/feedback_motion/tiny_feedback_motion_20260531_210724_current_gripper_state) by extension 'colcon_meta'
[4.339s] Level 1:colcon.colcon_core.package_identification:_identify(experiment_logs/feedback_motion/tiny_feedback_motion_20260531_210724_current_gripper_state) by extensions ['ros']
[4.339s] Level 1:colcon.colcon_core.package_identification:_identify(experiment_logs/feedback_motion/tiny_feedback_motion_20260531_210724_current_gripper_state) by extension 'ros'
[4.339s] Level 1:colcon.colcon_core.package_identification:_identify(experiment_logs/feedback_motion/tiny_feedback_motion_20260531_210724_current_gripper_state) by extensions ['cmake', 'python']
[4.339s] Level 1:colcon.colcon_core.package_identification:_identify(experiment_logs/feedback_motion/tiny_feedback_motion_20260531_210724_current_gripper_state) by extension 'cmake'
[4.339s] Level 1:colcon.colcon_core.package_identification:_identify(experiment_logs/feedback_motion/tiny_feedback_motion_20260531_210724_current_gripper_state) by extension 'python'
[4.339s] Level 1:colcon.colcon_core.package_identification:_identify(experiment_logs/feedback_motion/tiny_feedback_motion_20260531_210724_current_gripper_state) by extensions ['python_setup_py']
[4.340s] Level 1:colcon.colcon_core.package_identification:_identify(experiment_logs/feedback_motion/tiny_feedback_motion_20260531_210724_current_gripper_state) by extension 'python_setup_py'
[4.340s] Level 1:colcon.colcon_core.package_identification:_identify(experiment_logs/gripper_debug_state) by extensions ['ignore', 'ignore_ament_install']
[4.340s] Level 1:colcon.colcon_core.package_identification:_identify(experiment_logs/gripper_debug_state) by extension 'ignore'
[4.340s] Level 1:colcon.colcon_core.package_identification:_identify(experiment_logs/gripper_debug_state) by extension 'ignore_ament_install'
[4.341s] Level 1:colcon.colcon_core.package_identification:_identify(experiment_logs/gripper_debug_state) by extensions ['colcon_pkg']
[4.341s] Level 1:colcon.colcon_core.package_identification:_identify(experiment_logs/gripper_debug_state) by extension 'colcon_pkg'
[4.341s] Level 1:colcon.colcon_core.package_identification:_identify(experiment_logs/gripper_debug_state) by extensions ['colcon_meta']
[4.342s] Level 1:colcon.colcon_core.package_identification:_identify(experiment_logs/gripper_debug_state) by extension 'colcon_meta'
[4.342s] Level 1:colcon.colcon_core.package_identification:_identify(experiment_logs/gripper_debug_state) by extensions ['ros']
[4.342s] Level 1:colcon.colcon_core.package_identification:_identify(experiment_logs/gripper_debug_state) by extension 'ros'
[4.342s] Level 1:colcon.colcon_core.package_identification:_identify(experiment_logs/gripper_debug_state) by extensions ['cmake', 'python']
[4.342s] Level 1:colcon.colcon_core.package_identification:_identify(experiment_logs/gripper_debug_state) by extension 'cmake'
[4.342s] Level 1:colcon.colcon_core.package_identification:_identify(experiment_logs/gripper_debug_state) by extension 'python'
[4.342s] Level 1:colcon.colcon_core.package_identification:_identify(experiment_logs/gripper_debug_state) by extensions ['python_setup_py']
[4.342s] Level 1:colcon.colcon_core.package_identification:_identify(experiment_logs/gripper_debug_state) by extension 'python_setup_py'
[4.343s] Level 1:colcon.colcon_core.package_identification:_identify(experiment_logs/gripper_debug_state/gripper_debug_20260604_143305) by extensions ['ignore', 'ignore_ament_install']
[4.344s] Level 1:colcon.colcon_core.package_identification:_identify(experiment_logs/gripper_debug_state/gripper_debug_20260604_143305) by extension 'ignore'
[4.344s] Level 1:colcon.colcon_core.package_identification:_identify(experiment_logs/gripper_debug_state/gripper_debug_20260604_143305) by extension 'ignore_ament_install'
[4.344s] Level 1:colcon.colcon_core.package_identification:_identify(experiment_logs/gripper_debug_state/gripper_debug_20260604_143305) by extensions ['colcon_pkg']
[4.344s] Level 1:colcon.colcon_core.package_identification:_identify(experiment_logs/gripper_debug_state/gripper_debug_20260604_143305) by extension 'colcon_pkg'
[4.345s] Level 1:colcon.colcon_core.package_identification:_identify(experiment_logs/gripper_debug_state/gripper_debug_20260604_143305) by extensions ['colcon_meta']
[4.345s] Level 1:colcon.colcon_core.package_identification:_identify(experiment_logs/gripper_debug_state/gripper_debug_20260604_143305) by extension 'colcon_meta'
[4.345s] Level 1:colcon.colcon_core.package_identification:_identify(experiment_logs/gripper_debug_state/gripper_debug_20260604_143305) by extensions ['ros']
[4.345s] Level 1:colcon.colcon_core.package_identification:_identify(experiment_logs/gripper_debug_state/gripper_debug_20260604_143305) by extension 'ros'
[4.345s] Level 1:colcon.colcon_core.package_identification:_identify(experiment_logs/gripper_debug_state/gripper_debug_20260604_143305) by extensions ['cmake', 'python']
[4.345s] Level 1:colcon.colcon_core.package_identification:_identify(experiment_logs/gripper_debug_state/gripper_debug_20260604_143305) by extension 'cmake'
[4.345s] Level 1:colcon.colcon_core.package_identification:_identify(experiment_logs/gripper_debug_state/gripper_debug_20260604_143305) by extension 'python'
[4.345s] Level 1:colcon.colcon_core.package_identification:_identify(experiment_logs/gripper_debug_state/gripper_debug_20260604_143305) by extensions ['python_setup_py']
[4.346s] Level 1:colcon.colcon_core.package_identification:_identify(experiment_logs/gripper_debug_state/gripper_debug_20260604_143305) by extension 'python_setup_py'
[4.346s] Level 1:colcon.colcon_core.package_identification:_identify(experiment_logs/gripper_debug_state/gripper_debug_20260604_150215) by extensions ['ignore', 'ignore_ament_install']
[4.346s] Level 1:colcon.colcon_core.package_identification:_identify(experiment_logs/gripper_debug_state/gripper_debug_20260604_150215) by extension 'ignore'
[4.346s] Level 1:colcon.colcon_core.package_identification:_identify(experiment_logs/gripper_debug_state/gripper_debug_20260604_150215) by extension 'ignore_ament_install'
[4.346s] Level 1:colcon.colcon_core.package_identification:_identify(experiment_logs/gripper_debug_state/gripper_debug_20260604_150215) by extensions ['colcon_pkg']
[4.346s] Level 1:colcon.colcon_core.package_identification:_identify(experiment_logs/gripper_debug_state/gripper_debug_20260604_150215) by extension 'colcon_pkg'
[4.346s] Level 1:colcon.colcon_core.package_identification:_identify(experiment_logs/gripper_debug_state/gripper_debug_20260604_150215) by extensions ['colcon_meta']
[4.346s] Level 1:colcon.colcon_core.package_identification:_identify(experiment_logs/gripper_debug_state/gripper_debug_20260604_150215) by extension 'colcon_meta'
[4.347s] Level 1:colcon.colcon_core.package_identification:_identify(experiment_logs/gripper_debug_state/gripper_debug_20260604_150215) by extensions ['ros']
[4.347s] Level 1:colcon.colcon_core.package_identification:_identify(experiment_logs/gripper_debug_state/gripper_debug_20260604_150215) by extension 'ros'
[4.347s] Level 1:colcon.colcon_core.package_identification:_identify(experiment_logs/gripper_debug_state/gripper_debug_20260604_150215) by extensions ['cmake', 'python']
[4.347s] Level 1:colcon.colcon_core.package_identification:_identify(experiment_logs/gripper_debug_state/gripper_debug_20260604_150215) by extension 'cmake'
[4.348s] Level 1:colcon.colcon_core.package_identification:_identify(experiment_logs/gripper_debug_state/gripper_debug_20260604_150215) by extension 'python'
[4.348s] Level 1:colcon.colcon_core.package_identification:_identify(experiment_logs/gripper_debug_state/gripper_debug_20260604_150215) by extensions ['python_setup_py']
[4.348s] Level 1:colcon.colcon_core.package_identification:_identify(experiment_logs/gripper_debug_state/gripper_debug_20260604_150215) by extension 'python_setup_py'
[4.349s] Level 1:colcon.colcon_core.package_identification:_identify(experiment_logs/gripper_debug_state/gripper_debug_20260604_150713) by extensions ['ignore', 'ignore_ament_install']
[4.349s] Level 1:colcon.colcon_core.package_identification:_identify(experiment_logs/gripper_debug_state/gripper_debug_20260604_150713) by extension 'ignore'
[4.349s] Level 1:colcon.colcon_core.package_identification:_identify(experiment_logs/gripper_debug_state/gripper_debug_20260604_150713) by extension 'ignore_ament_install'
[4.350s] Level 1:colcon.colcon_core.package_identification:_identify(experiment_logs/gripper_debug_state/gripper_debug_20260604_150713) by extensions ['colcon_pkg']
[4.350s] Level 1:colcon.colcon_core.package_identification:_identify(experiment_logs/gripper_debug_state/gripper_debug_20260604_150713) by extension 'colcon_pkg'
[4.350s] Level 1:colcon.colcon_core.package_identification:_identify(experiment_logs/gripper_debug_state/gripper_debug_20260604_150713) by extensions ['colcon_meta']
[4.350s] Level 1:colcon.colcon_core.package_identification:_identify(experiment_logs/gripper_debug_state/gripper_debug_20260604_150713) by extension 'colcon_meta'
[4.351s] Level 1:colcon.colcon_core.package_identification:_identify(experiment_logs/gripper_debug_state/gripper_debug_20260604_150713) by extensions ['ros']
[4.351s] Level 1:colcon.colcon_core.package_identification:_identify(experiment_logs/gripper_debug_state/gripper_debug_20260604_150713) by extension 'ros'
[4.351s] Level 1:colcon.colcon_core.package_identification:_identify(experiment_logs/gripper_debug_state/gripper_debug_20260604_150713) by extensions ['cmake', 'python']
[4.351s] Level 1:colcon.colcon_core.package_identification:_identify(experiment_logs/gripper_debug_state/gripper_debug_20260604_150713) by extension 'cmake'
[4.351s] Level 1:colcon.colcon_core.package_identification:_identify(experiment_logs/gripper_debug_state/gripper_debug_20260604_150713) by extension 'python'
[4.352s] Level 1:colcon.colcon_core.package_identification:_identify(experiment_logs/gripper_debug_state/gripper_debug_20260604_150713) by extensions ['python_setup_py']
[4.352s] Level 1:colcon.colcon_core.package_identification:_identify(experiment_logs/gripper_debug_state/gripper_debug_20260604_150713) by extension 'python_setup_py'
[4.352s] Level 1:colcon.colcon_core.package_identification:_identify(experiment_logs/simulation) by extensions ['ignore', 'ignore_ament_install']
[4.353s] Level 1:colcon.colcon_core.package_identification:_identify(experiment_logs/simulation) by extension 'ignore'
[4.353s] Level 1:colcon.colcon_core.package_identification:_identify(experiment_logs/simulation) by extension 'ignore_ament_install'
[4.353s] Level 1:colcon.colcon_core.package_identification:_identify(experiment_logs/simulation) by extensions ['colcon_pkg']
[4.353s] Level 1:colcon.colcon_core.package_identification:_identify(experiment_logs/simulation) by extension 'colcon_pkg'
[4.353s] Level 1:colcon.colcon_core.package_identification:_identify(experiment_logs/simulation) by extensions ['colcon_meta']
[4.354s] Level 1:colcon.colcon_core.package_identification:_identify(experiment_logs/simulation) by extension 'colcon_meta'
[4.354s] Level 1:colcon.colcon_core.package_identification:_identify(experiment_logs/simulation) by extensions ['ros']
[4.354s] Level 1:colcon.colcon_core.package_identification:_identify(experiment_logs/simulation) by extension 'ros'
[4.354s] Level 1:colcon.colcon_core.package_identification:_identify(experiment_logs/simulation) by extensions ['cmake', 'python']
[4.354s] Level 1:colcon.colcon_core.package_identification:_identify(experiment_logs/simulation) by extension 'cmake'
[4.354s] Level 1:colcon.colcon_core.package_identification:_identify(experiment_logs/simulation) by extension 'python'
[4.354s] Level 1:colcon.colcon_core.package_identification:_identify(experiment_logs/simulation) by extensions ['python_setup_py']
[4.354s] Level 1:colcon.colcon_core.package_identification:_identify(experiment_logs/simulation) by extension 'python_setup_py'
[4.355s] Level 1:colcon.colcon_core.package_identification:_identify(experiment_logs/simulation/control_layer_20260530_222950) by extensions ['ignore', 'ignore_ament_install']
[4.355s] Level 1:colcon.colcon_core.package_identification:_identify(experiment_logs/simulation/control_layer_20260530_222950) by extension 'ignore'
[4.355s] Level 1:colcon.colcon_core.package_identification:_identify(experiment_logs/simulation/control_layer_20260530_222950) by extension 'ignore_ament_install'
[4.356s] Level 1:colcon.colcon_core.package_identification:_identify(experiment_logs/simulation/control_layer_20260530_222950) by extensions ['colcon_pkg']
[4.356s] Level 1:colcon.colcon_core.package_identification:_identify(experiment_logs/simulation/control_layer_20260530_222950) by extension 'colcon_pkg'
[4.356s] Level 1:colcon.colcon_core.package_identification:_identify(experiment_logs/simulation/control_layer_20260530_222950) by extensions ['colcon_meta']
[4.356s] Level 1:colcon.colcon_core.package_identification:_identify(experiment_logs/simulation/control_layer_20260530_222950) by extension 'colcon_meta'
[4.357s] Level 1:colcon.colcon_core.package_identification:_identify(experiment_logs/simulation/control_layer_20260530_222950) by extensions ['ros']
[4.357s] Level 1:colcon.colcon_core.package_identification:_identify(experiment_logs/simulation/control_layer_20260530_222950) by extension 'ros'
[4.357s] Level 1:colcon.colcon_core.package_identification:_identify(experiment_logs/simulation/control_layer_20260530_222950) by extensions ['cmake', 'python']
[4.357s] Level 1:colcon.colcon_core.package_identification:_identify(experiment_logs/simulation/control_layer_20260530_222950) by extension 'cmake'
[4.357s] Level 1:colcon.colcon_core.package_identification:_identify(experiment_logs/simulation/control_layer_20260530_222950) by extension 'python'
[4.357s] Level 1:colcon.colcon_core.package_identification:_identify(experiment_logs/simulation/control_layer_20260530_222950) by extensions ['python_setup_py']
[4.357s] Level 1:colcon.colcon_core.package_identification:_identify(experiment_logs/simulation/control_layer_20260530_222950) by extension 'python_setup_py'
[4.358s] Level 1:colcon.colcon_core.package_identification:_identify(experiment_logs/simulation/control_layer_20260530_222950/ros_logs) by extensions ['ignore', 'ignore_ament_install']
[4.358s] Level 1:colcon.colcon_core.package_identification:_identify(experiment_logs/simulation/control_layer_20260530_222950/ros_logs) by extension 'ignore'
[4.358s] Level 1:colcon.colcon_core.package_identification:_identify(experiment_logs/simulation/control_layer_20260530_222950/ros_logs) by extension 'ignore_ament_install'
[4.359s] Level 1:colcon.colcon_core.package_identification:_identify(experiment_logs/simulation/control_layer_20260530_222950/ros_logs) by extensions ['colcon_pkg']
[4.359s] Level 1:colcon.colcon_core.package_identification:_identify(experiment_logs/simulation/control_layer_20260530_222950/ros_logs) by extension 'colcon_pkg'
[4.359s] Level 1:colcon.colcon_core.package_identification:_identify(experiment_logs/simulation/control_layer_20260530_222950/ros_logs) by extensions ['colcon_meta']
[4.359s] Level 1:colcon.colcon_core.package_identification:_identify(experiment_logs/simulation/control_layer_20260530_222950/ros_logs) by extension 'colcon_meta'
[4.359s] Level 1:colcon.colcon_core.package_identification:_identify(experiment_logs/simulation/control_layer_20260530_222950/ros_logs) by extensions ['ros']
[4.359s] Level 1:colcon.colcon_core.package_identification:_identify(experiment_logs/simulation/control_layer_20260530_222950/ros_logs) by extension 'ros'
[4.359s] Level 1:colcon.colcon_core.package_identification:_identify(experiment_logs/simulation/control_layer_20260530_222950/ros_logs) by extensions ['cmake', 'python']
[4.360s] Level 1:colcon.colcon_core.package_identification:_identify(experiment_logs/simulation/control_layer_20260530_222950/ros_logs) by extension 'cmake'
[4.360s] Level 1:colcon.colcon_core.package_identification:_identify(experiment_logs/simulation/control_layer_20260530_222950/ros_logs) by extension 'python'
[4.360s] Level 1:colcon.colcon_core.package_identification:_identify(experiment_logs/simulation/control_layer_20260530_222950/ros_logs) by extensions ['python_setup_py']
[4.360s] Level 1:colcon.colcon_core.package_identification:_identify(experiment_logs/simulation/control_layer_20260530_222950/ros_logs) by extension 'python_setup_py'
[4.360s] Level 1:colcon.colcon_core.package_identification:_identify(experiment_logs/simulation/control_layer_20260530_223018) by extensions ['ignore', 'ignore_ament_install']
[4.360s] Level 1:colcon.colcon_core.package_identification:_identify(experiment_logs/simulation/control_layer_20260530_223018) by extension 'ignore'
[4.361s] Level 1:colcon.colcon_core.package_identification:_identify(experiment_logs/simulation/control_layer_20260530_223018) by extension 'ignore_ament_install'
[4.361s] Level 1:colcon.colcon_core.package_identification:_identify(experiment_logs/simulation/control_layer_20260530_223018) by extensions ['colcon_pkg']
[4.361s] Level 1:colcon.colcon_core.package_identification:_identify(experiment_logs/simulation/control_layer_20260530_223018) by extension 'colcon_pkg'
[4.361s] Level 1:colcon.colcon_core.package_identification:_identify(experiment_logs/simulation/control_layer_20260530_223018) by extensions ['colcon_meta']
[4.362s] Level 1:colcon.colcon_core.package_identification:_identify(experiment_logs/simulation/control_layer_20260530_223018) by extension 'colcon_meta'
[4.362s] Level 1:colcon.colcon_core.package_identification:_identify(experiment_logs/simulation/control_layer_20260530_223018) by extensions ['ros']
[4.362s] Level 1:colcon.colcon_core.package_identification:_identify(experiment_logs/simulation/control_layer_20260530_223018) by extension 'ros'
[4.362s] Level 1:colcon.colcon_core.package_identification:_identify(experiment_logs/simulation/control_layer_20260530_223018) by extensions ['cmake', 'python']
[4.362s] Level 1:colcon.colcon_core.package_identification:_identify(experiment_logs/simulation/control_layer_20260530_223018) by extension 'cmake'
[4.362s] Level 1:colcon.colcon_core.package_identification:_identify(experiment_logs/simulation/control_layer_20260530_223018) by extension 'python'
[4.363s] Level 1:colcon.colcon_core.package_identification:_identify(experiment_logs/simulation/control_layer_20260530_223018) by extensions ['python_setup_py']
[4.363s] Level 1:colcon.colcon_core.package_identification:_identify(experiment_logs/simulation/control_layer_20260530_223018) by extension 'python_setup_py'
[4.363s] Level 1:colcon.colcon_core.package_identification:_identify(experiment_logs/simulation/control_layer_20260530_223018/ros_logs) by extensions ['ignore', 'ignore_ament_install']
[4.363s] Level 1:colcon.colcon_core.package_identification:_identify(experiment_logs/simulation/control_layer_20260530_223018/ros_logs) by extension 'ignore'
[4.364s] Level 1:colcon.colcon_core.package_identification:_identify(experiment_logs/simulation/control_layer_20260530_223018/ros_logs) by extension 'ignore_ament_install'
[4.364s] Level 1:colcon.colcon_core.package_identification:_identify(experiment_logs/simulation/control_layer_20260530_223018/ros_logs) by extensions ['colcon_pkg']
[4.364s] Level 1:colcon.colcon_core.package_identification:_identify(experiment_logs/simulation/control_layer_20260530_223018/ros_logs) by extension 'colcon_pkg'
[4.364s] Level 1:colcon.colcon_core.package_identification:_identify(experiment_logs/simulation/control_layer_20260530_223018/ros_logs) by extensions ['colcon_meta']
[4.364s] Level 1:colcon.colcon_core.package_identification:_identify(experiment_logs/simulation/control_layer_20260530_223018/ros_logs) by extension 'colcon_meta'
[4.364s] Level 1:colcon.colcon_core.package_identification:_identify(experiment_logs/simulation/control_layer_20260530_223018/ros_logs) by extensions ['ros']
[4.364s] Level 1:colcon.colcon_core.package_identification:_identify(experiment_logs/simulation/control_layer_20260530_223018/ros_logs) by extension 'ros'
[4.365s] Level 1:colcon.colcon_core.package_identification:_identify(experiment_logs/simulation/control_layer_20260530_223018/ros_logs) by extensions ['cmake', 'python']
[4.365s] Level 1:colcon.colcon_core.package_identification:_identify(experiment_logs/simulation/control_layer_20260530_223018/ros_logs) by extension 'cmake'
[4.365s] Level 1:colcon.colcon_core.package_identification:_identify(experiment_logs/simulation/control_layer_20260530_223018/ros_logs) by extension 'python'
[4.365s] Level 1:colcon.colcon_core.package_identification:_identify(experiment_logs/simulation/control_layer_20260530_223018/ros_logs) by extensions ['python_setup_py']
[4.365s] Level 1:colcon.colcon_core.package_identification:_identify(experiment_logs/simulation/control_layer_20260530_223018/ros_logs) by extension 'python_setup_py'
[4.366s] Level 1:colcon.colcon_core.package_identification:_identify(experiment_logs/simulation/control_layer_20260530_223018/ros_logs/2026-05-30-22-30-19-699237-LAPTOP-EK504TPB-852831) by extensions ['ignore', 'ignore_ament_install']
[4.366s] Level 1:colcon.colcon_core.package_identification:_identify(experiment_logs/simulation/control_layer_20260530_223018/ros_logs/2026-05-30-22-30-19-699237-LAPTOP-EK504TPB-852831) by extension 'ignore'
[4.366s] Level 1:colcon.colcon_core.package_identification:_identify(experiment_logs/simulation/control_layer_20260530_223018/ros_logs/2026-05-30-22-30-19-699237-LAPTOP-EK504TPB-852831) by extension 'ignore_ament_install'
[4.366s] Level 1:colcon.colcon_core.package_identification:_identify(experiment_logs/simulation/control_layer_20260530_223018/ros_logs/2026-05-30-22-30-19-699237-LAPTOP-EK504TPB-852831) by extensions ['colcon_pkg']
[4.366s] Level 1:colcon.colcon_core.package_identification:_identify(experiment_logs/simulation/control_layer_20260530_223018/ros_logs/2026-05-30-22-30-19-699237-LAPTOP-EK504TPB-852831) by extension 'colcon_pkg'
[4.366s] Level 1:colcon.colcon_core.package_identification:_identify(experiment_logs/simulation/control_layer_20260530_223018/ros_logs/2026-05-30-22-30-19-699237-LAPTOP-EK504TPB-852831) by extensions ['colcon_meta']
[4.366s] Level 1:colcon.colcon_core.package_identification:_identify(experiment_logs/simulation/control_layer_20260530_223018/ros_logs/2026-05-30-22-30-19-699237-LAPTOP-EK504TPB-852831) by extension 'colcon_meta'
[4.366s] Level 1:colcon.colcon_core.package_identification:_identify(experiment_logs/simulation/control_layer_20260530_223018/ros_logs/2026-05-30-22-30-19-699237-LAPTOP-EK504TPB-852831) by extensions ['ros']
[4.367s] Level 1:colcon.colcon_core.package_identification:_identify(experiment_logs/simulation/control_layer_20260530_223018/ros_logs/2026-05-30-22-30-19-699237-LAPTOP-EK504TPB-852831) by extension 'ros'
[4.367s] Level 1:colcon.colcon_core.package_identification:_identify(experiment_logs/simulation/control_layer_20260530_223018/ros_logs/2026-05-30-22-30-19-699237-LAPTOP-EK504TPB-852831) by extensions ['cmake', 'python']
[4.367s] Level 1:colcon.colcon_core.package_identification:_identify(experiment_logs/simulation/control_layer_20260530_223018/ros_logs/2026-05-30-22-30-19-699237-LAPTOP-EK504TPB-852831) by extension 'cmake'
[4.367s] Level 1:colcon.colcon_core.package_identification:_identify(experiment_logs/simulation/control_layer_20260530_223018/ros_logs/2026-05-30-22-30-19-699237-LAPTOP-EK504TPB-852831) by extension 'python'
[4.367s] Level 1:colcon.colcon_core.package_identification:_identify(experiment_logs/simulation/control_layer_20260530_223018/ros_logs/2026-05-30-22-30-19-699237-LAPTOP-EK504TPB-852831) by extensions ['python_setup_py']
[4.367s] Level 1:colcon.colcon_core.package_identification:_identify(experiment_logs/simulation/control_layer_20260530_223018/ros_logs/2026-05-30-22-30-19-699237-LAPTOP-EK504TPB-852831) by extension 'python_setup_py'
[4.368s] Level 1:colcon.colcon_core.package_identification:_identify(experiment_logs/simulation/control_layer_20260530_223018/ros_logs/2026-05-30-22-30-57-981443-LAPTOP-EK504TPB-855213) by extensions ['ignore', 'ignore_ament_install']
[4.368s] Level 1:colcon.colcon_core.package_identification:_identify(experiment_logs/simulation/control_layer_20260530_223018/ros_logs/2026-05-30-22-30-57-981443-LAPTOP-EK504TPB-855213) by extension 'ignore'
[4.368s] Level 1:colcon.colcon_core.package_identification:_identify(experiment_logs/simulation/control_layer_20260530_223018/ros_logs/2026-05-30-22-30-57-981443-LAPTOP-EK504TPB-855213) by extension 'ignore_ament_install'
[4.368s] Level 1:colcon.colcon_core.package_identification:_identify(experiment_logs/simulation/control_layer_20260530_223018/ros_logs/2026-05-30-22-30-57-981443-LAPTOP-EK504TPB-855213) by extensions ['colcon_pkg']
[4.369s] Level 1:colcon.colcon_core.package_identification:_identify(experiment_logs/simulation/control_layer_20260530_223018/ros_logs/2026-05-30-22-30-57-981443-LAPTOP-EK504TPB-855213) by extension 'colcon_pkg'
[4.369s] Level 1:colcon.colcon_core.package_identification:_identify(experiment_logs/simulation/control_layer_20260530_223018/ros_logs/2026-05-30-22-30-57-981443-LAPTOP-EK504TPB-855213) by extensions ['colcon_meta']
[4.369s] Level 1:colcon.colcon_core.package_identification:_identify(experiment_logs/simulation/control_layer_20260530_223018/ros_logs/2026-05-30-22-30-57-981443-LAPTOP-EK504TPB-855213) by extension 'colcon_meta'
[4.369s] Level 1:colcon.colcon_core.package_identification:_identify(experiment_logs/simulation/control_layer_20260530_223018/ros_logs/2026-05-30-22-30-57-981443-LAPTOP-EK504TPB-855213) by extensions ['ros']
[4.369s] Level 1:colcon.colcon_core.package_identification:_identify(experiment_logs/simulation/control_layer_20260530_223018/ros_logs/2026-05-30-22-30-57-981443-LAPTOP-EK504TPB-855213) by extension 'ros'
[4.370s] Level 1:colcon.colcon_core.package_identification:_identify(experiment_logs/simulation/control_layer_20260530_223018/ros_logs/2026-05-30-22-30-57-981443-LAPTOP-EK504TPB-855213) by extensions ['cmake', 'python']
[4.370s] Level 1:colcon.colcon_core.package_identification:_identify(experiment_logs/simulation/control_layer_20260530_223018/ros_logs/2026-05-30-22-30-57-981443-LAPTOP-EK504TPB-855213) by extension 'cmake'
[4.370s] Level 1:colcon.colcon_core.package_identification:_identify(experiment_logs/simulation/control_layer_20260530_223018/ros_logs/2026-05-30-22-30-57-981443-LAPTOP-EK504TPB-855213) by extension 'python'
[4.370s] Level 1:colcon.colcon_core.package_identification:_identify(experiment_logs/simulation/control_layer_20260530_223018/ros_logs/2026-05-30-22-30-57-981443-LAPTOP-EK504TPB-855213) by extensions ['python_setup_py']
[4.370s] Level 1:colcon.colcon_core.package_identification:_identify(experiment_logs/simulation/control_layer_20260530_223018/ros_logs/2026-05-30-22-30-57-981443-LAPTOP-EK504TPB-855213) by extension 'python_setup_py'
[4.371s] Level 1:colcon.colcon_core.package_identification:_identify(experiment_logs/simulation/control_layer_20260530_223401) by extensions ['ignore', 'ignore_ament_install']
[4.371s] Level 1:colcon.colcon_core.package_identification:_identify(experiment_logs/simulation/control_layer_20260530_223401) by extension 'ignore'
[4.371s] Level 1:colcon.colcon_core.package_identification:_identify(experiment_logs/simulation/control_layer_20260530_223401) by extension 'ignore_ament_install'
[4.371s] Level 1:colcon.colcon_core.package_identification:_identify(experiment_logs/simulation/control_layer_20260530_223401) by extensions ['colcon_pkg']
[4.372s] Level 1:colcon.colcon_core.package_identification:_identify(experiment_logs/simulation/control_layer_20260530_223401) by extension 'colcon_pkg'
[4.372s] Level 1:colcon.colcon_core.package_identification:_identify(experiment_logs/simulation/control_layer_20260530_223401) by extensions ['colcon_meta']
[4.372s] Level 1:colcon.colcon_core.package_identification:_identify(experiment_logs/simulation/control_layer_20260530_223401) by extension 'colcon_meta'
[4.372s] Level 1:colcon.colcon_core.package_identification:_identify(experiment_logs/simulation/control_layer_20260530_223401) by extensions ['ros']
[4.372s] Level 1:colcon.colcon_core.package_identification:_identify(experiment_logs/simulation/control_layer_20260530_223401) by extension 'ros'
[4.372s] Level 1:colcon.colcon_core.package_identification:_identify(experiment_logs/simulation/control_layer_20260530_223401) by extensions ['cmake', 'python']
[4.372s] Level 1:colcon.colcon_core.package_identification:_identify(experiment_logs/simulation/control_layer_20260530_223401) by extension 'cmake'
[4.372s] Level 1:colcon.colcon_core.package_identification:_identify(experiment_logs/simulation/control_layer_20260530_223401) by extension 'python'
[4.373s] Level 1:colcon.colcon_core.package_identification:_identify(experiment_logs/simulation/control_layer_20260530_223401) by extensions ['python_setup_py']
[4.373s] Level 1:colcon.colcon_core.package_identification:_identify(experiment_logs/simulation/control_layer_20260530_223401) by extension 'python_setup_py'
[4.373s] Level 1:colcon.colcon_core.package_identification:_identify(experiment_logs/simulation/control_layer_20260530_223401/ros_logs) by extensions ['ignore', 'ignore_ament_install']
[4.373s] Level 1:colcon.colcon_core.package_identification:_identify(experiment_logs/simulation/control_layer_20260530_223401/ros_logs) by extension 'ignore'
[4.373s] Level 1:colcon.colcon_core.package_identification:_identify(experiment_logs/simulation/control_layer_20260530_223401/ros_logs) by extension 'ignore_ament_install'
[4.374s] Level 1:colcon.colcon_core.package_identification:_identify(experiment_logs/simulation/control_layer_20260530_223401/ros_logs) by extensions ['colcon_pkg']
[4.374s] Level 1:colcon.colcon_core.package_identification:_identify(experiment_logs/simulation/control_layer_20260530_223401/ros_logs) by extension 'colcon_pkg'
[4.374s] Level 1:colcon.colcon_core.package_identification:_identify(experiment_logs/simulation/control_layer_20260530_223401/ros_logs) by extensions ['colcon_meta']
[4.374s] Level 1:colcon.colcon_core.package_identification:_identify(experiment_logs/simulation/control_layer_20260530_223401/ros_logs) by extension 'colcon_meta'
[4.374s] Level 1:colcon.colcon_core.package_identification:_identify(experiment_logs/simulation/control_layer_20260530_223401/ros_logs) by extensions ['ros']
[4.374s] Level 1:colcon.colcon_core.package_identification:_identify(experiment_logs/simulation/control_layer_20260530_223401/ros_logs) by extension 'ros'
[4.374s] Level 1:colcon.colcon_core.package_identification:_identify(experiment_logs/simulation/control_layer_20260530_223401/ros_logs) by extensions ['cmake', 'python']
[4.374s] Level 1:colcon.colcon_core.package_identification:_identify(experiment_logs/simulation/control_layer_20260530_223401/ros_logs) by extension 'cmake'
[4.374s] Level 1:colcon.colcon_core.package_identification:_identify(experiment_logs/simulation/control_layer_20260530_223401/ros_logs) by extension 'python'
[4.375s] Level 1:colcon.colcon_core.package_identification:_identify(experiment_logs/simulation/control_layer_20260530_223401/ros_logs) by extensions ['python_setup_py']
[4.375s] Level 1:colcon.colcon_core.package_identification:_identify(experiment_logs/simulation/control_layer_20260530_223401/ros_logs) by extension 'python_setup_py'
[4.375s] Level 1:colcon.colcon_core.package_identification:_identify(experiment_logs/simulation/control_layer_20260530_223401/ros_logs/2026-05-30-22-34-02-205947-LAPTOP-EK504TPB-865800) by extensions ['ignore', 'ignore_ament_install']
[4.375s] Level 1:colcon.colcon_core.package_identification:_identify(experiment_logs/simulation/control_layer_20260530_223401/ros_logs/2026-05-30-22-34-02-205947-LAPTOP-EK504TPB-865800) by extension 'ignore'
[4.376s] Level 1:colcon.colcon_core.package_identification:_identify(experiment_logs/simulation/control_layer_20260530_223401/ros_logs/2026-05-30-22-34-02-205947-LAPTOP-EK504TPB-865800) by extension 'ignore_ament_install'
[4.376s] Level 1:colcon.colcon_core.package_identification:_identify(experiment_logs/simulation/control_layer_20260530_223401/ros_logs/2026-05-30-22-34-02-205947-LAPTOP-EK504TPB-865800) by extensions ['colcon_pkg']
[4.376s] Level 1:colcon.colcon_core.package_identification:_identify(experiment_logs/simulation/control_layer_20260530_223401/ros_logs/2026-05-30-22-34-02-205947-LAPTOP-EK504TPB-865800) by extension 'colcon_pkg'
[4.376s] Level 1:colcon.colcon_core.package_identification:_identify(experiment_logs/simulation/control_layer_20260530_223401/ros_logs/2026-05-30-22-34-02-205947-LAPTOP-EK504TPB-865800) by extensions ['colcon_meta']
[4.376s] Level 1:colcon.colcon_core.package_identification:_identify(experiment_logs/simulation/control_layer_20260530_223401/ros_logs/2026-05-30-22-34-02-205947-LAPTOP-EK504TPB-865800) by extension 'colcon_meta'
[4.376s] Level 1:colcon.colcon_core.package_identification:_identify(experiment_logs/simulation/control_layer_20260530_223401/ros_logs/2026-05-30-22-34-02-205947-LAPTOP-EK504TPB-865800) by extensions ['ros']
[4.377s] Level 1:colcon.colcon_core.package_identification:_identify(experiment_logs/simulation/control_layer_20260530_223401/ros_logs/2026-05-30-22-34-02-205947-LAPTOP-EK504TPB-865800) by extension 'ros'
[4.377s] Level 1:colcon.colcon_core.package_identification:_identify(experiment_logs/simulation/control_layer_20260530_223401/ros_logs/2026-05-30-22-34-02-205947-LAPTOP-EK504TPB-865800) by extensions ['cmake', 'python']
[4.377s] Level 1:colcon.colcon_core.package_identification:_identify(experiment_logs/simulation/control_layer_20260530_223401/ros_logs/2026-05-30-22-34-02-205947-LAPTOP-EK504TPB-865800) by extension 'cmake'
[4.377s] Level 1:colcon.colcon_core.package_identification:_identify(experiment_logs/simulation/control_layer_20260530_223401/ros_logs/2026-05-30-22-34-02-205947-LAPTOP-EK504TPB-865800) by extension 'python'
[4.377s] Level 1:colcon.colcon_core.package_identification:_identify(experiment_logs/simulation/control_layer_20260530_223401/ros_logs/2026-05-30-22-34-02-205947-LAPTOP-EK504TPB-865800) by extensions ['python_setup_py']
[4.378s] Level 1:colcon.colcon_core.package_identification:_identify(experiment_logs/simulation/control_layer_20260530_223401/ros_logs/2026-05-30-22-34-02-205947-LAPTOP-EK504TPB-865800) by extension 'python_setup_py'
[4.378s] Level 1:colcon.colcon_core.package_identification:_identify(experiment_logs/simulation/control_layer_20260603_162652) by extensions ['ignore', 'ignore_ament_install']
[4.378s] Level 1:colcon.colcon_core.package_identification:_identify(experiment_logs/simulation/control_layer_20260603_162652) by extension 'ignore'
[4.379s] Level 1:colcon.colcon_core.package_identification:_identify(experiment_logs/simulation/control_layer_20260603_162652) by extension 'ignore_ament_install'
[4.379s] Level 1:colcon.colcon_core.package_identification:_identify(experiment_logs/simulation/control_layer_20260603_162652) by extensions ['colcon_pkg']
[4.379s] Level 1:colcon.colcon_core.package_identification:_identify(experiment_logs/simulation/control_layer_20260603_162652) by extension 'colcon_pkg'
[4.379s] Level 1:colcon.colcon_core.package_identification:_identify(experiment_logs/simulation/control_layer_20260603_162652) by extensions ['colcon_meta']
[4.379s] Level 1:colcon.colcon_core.package_identification:_identify(experiment_logs/simulation/control_layer_20260603_162652) by extension 'colcon_meta'
[4.380s] Level 1:colcon.colcon_core.package_identification:_identify(experiment_logs/simulation/control_layer_20260603_162652) by extensions ['ros']
[4.380s] Level 1:colcon.colcon_core.package_identification:_identify(experiment_logs/simulation/control_layer_20260603_162652) by extension 'ros'
[4.380s] Level 1:colcon.colcon_core.package_identification:_identify(experiment_logs/simulation/control_layer_20260603_162652) by extensions ['cmake', 'python']
[4.380s] Level 1:colcon.colcon_core.package_identification:_identify(experiment_logs/simulation/control_layer_20260603_162652) by extension 'cmake'
[4.380s] Level 1:colcon.colcon_core.package_identification:_identify(experiment_logs/simulation/control_layer_20260603_162652) by extension 'python'
[4.380s] Level 1:colcon.colcon_core.package_identification:_identify(experiment_logs/simulation/control_layer_20260603_162652) by extensions ['python_setup_py']
[4.380s] Level 1:colcon.colcon_core.package_identification:_identify(experiment_logs/simulation/control_layer_20260603_162652) by extension 'python_setup_py'
[4.381s] Level 1:colcon.colcon_core.package_identification:_identify(experiment_logs/simulation/control_layer_20260603_162652/ros_logs) by extensions ['ignore', 'ignore_ament_install']
[4.381s] Level 1:colcon.colcon_core.package_identification:_identify(experiment_logs/simulation/control_layer_20260603_162652/ros_logs) by extension 'ignore'
[4.381s] Level 1:colcon.colcon_core.package_identification:_identify(experiment_logs/simulation/control_layer_20260603_162652/ros_logs) by extension 'ignore_ament_install'
[4.381s] Level 1:colcon.colcon_core.package_identification:_identify(experiment_logs/simulation/control_layer_20260603_162652/ros_logs) by extensions ['colcon_pkg']
[4.381s] Level 1:colcon.colcon_core.package_identification:_identify(experiment_logs/simulation/control_layer_20260603_162652/ros_logs) by extension 'colcon_pkg'
[4.382s] Level 1:colcon.colcon_core.package_identification:_identify(experiment_logs/simulation/control_layer_20260603_162652/ros_logs) by extensions ['colcon_meta']
[4.382s] Level 1:colcon.colcon_core.package_identification:_identify(experiment_logs/simulation/control_layer_20260603_162652/ros_logs) by extension 'colcon_meta'
[4.382s] Level 1:colcon.colcon_core.package_identification:_identify(experiment_logs/simulation/control_layer_20260603_162652/ros_logs) by extensions ['ros']
[4.382s] Level 1:colcon.colcon_core.package_identification:_identify(experiment_logs/simulation/control_layer_20260603_162652/ros_logs) by extension 'ros'
[4.382s] Level 1:colcon.colcon_core.package_identification:_identify(experiment_logs/simulation/control_layer_20260603_162652/ros_logs) by extensions ['cmake', 'python']
[4.383s] Level 1:colcon.colcon_core.package_identification:_identify(experiment_logs/simulation/control_layer_20260603_162652/ros_logs) by extension 'cmake'
[4.383s] Level 1:colcon.colcon_core.package_identification:_identify(experiment_logs/simulation/control_layer_20260603_162652/ros_logs) by extension 'python'
[4.383s] Level 1:colcon.colcon_core.package_identification:_identify(experiment_logs/simulation/control_layer_20260603_162652/ros_logs) by extensions ['python_setup_py']
[4.384s] Level 1:colcon.colcon_core.package_identification:_identify(experiment_logs/simulation/control_layer_20260603_162652/ros_logs) by extension 'python_setup_py'
[4.384s] Level 1:colcon.colcon_core.package_identification:_identify(experiment_logs/simulation/control_layer_20260603_162652/ros_logs/2026-06-03-16-26-53-959147-LAPTOP-EK504TPB-3059020) by extensions ['ignore', 'ignore_ament_install']
[4.384s] Level 1:colcon.colcon_core.package_identification:_identify(experiment_logs/simulation/control_layer_20260603_162652/ros_logs/2026-06-03-16-26-53-959147-LAPTOP-EK504TPB-3059020) by extension 'ignore'
[4.385s] Level 1:colcon.colcon_core.package_identification:_identify(experiment_logs/simulation/control_layer_20260603_162652/ros_logs/2026-06-03-16-26-53-959147-LAPTOP-EK504TPB-3059020) by extension 'ignore_ament_install'
[4.385s] Level 1:colcon.colcon_core.package_identification:_identify(experiment_logs/simulation/control_layer_20260603_162652/ros_logs/2026-06-03-16-26-53-959147-LAPTOP-EK504TPB-3059020) by extensions ['colcon_pkg']
[4.385s] Level 1:colcon.colcon_core.package_identification:_identify(experiment_logs/simulation/control_layer_20260603_162652/ros_logs/2026-06-03-16-26-53-959147-LAPTOP-EK504TPB-3059020) by extension 'colcon_pkg'
[4.385s] Level 1:colcon.colcon_core.package_identification:_identify(experiment_logs/simulation/control_layer_20260603_162652/ros_logs/2026-06-03-16-26-53-959147-LAPTOP-EK504TPB-3059020) by extensions ['colcon_meta']
[4.386s] Level 1:colcon.colcon_core.package_identification:_identify(experiment_logs/simulation/control_layer_20260603_162652/ros_logs/2026-06-03-16-26-53-959147-LAPTOP-EK504TPB-3059020) by extension 'colcon_meta'
[4.386s] Level 1:colcon.colcon_core.package_identification:_identify(experiment_logs/simulation/control_layer_20260603_162652/ros_logs/2026-06-03-16-26-53-959147-LAPTOP-EK504TPB-3059020) by extensions ['ros']
[4.386s] Level 1:colcon.colcon_core.package_identification:_identify(experiment_logs/simulation/control_layer_20260603_162652/ros_logs/2026-06-03-16-26-53-959147-LAPTOP-EK504TPB-3059020) by extension 'ros'
[4.387s] Level 1:colcon.colcon_core.package_identification:_identify(experiment_logs/simulation/control_layer_20260603_162652/ros_logs/2026-06-03-16-26-53-959147-LAPTOP-EK504TPB-3059020) by extensions ['cmake', 'python']
[4.387s] Level 1:colcon.colcon_core.package_identification:_identify(experiment_logs/simulation/control_layer_20260603_162652/ros_logs/2026-06-03-16-26-53-959147-LAPTOP-EK504TPB-3059020) by extension 'cmake'
[4.387s] Level 1:colcon.colcon_core.package_identification:_identify(experiment_logs/simulation/control_layer_20260603_162652/ros_logs/2026-06-03-16-26-53-959147-LAPTOP-EK504TPB-3059020) by extension 'python'
[4.387s] Level 1:colcon.colcon_core.package_identification:_identify(experiment_logs/simulation/control_layer_20260603_162652/ros_logs/2026-06-03-16-26-53-959147-LAPTOP-EK504TPB-3059020) by extensions ['python_setup_py']
[4.387s] Level 1:colcon.colcon_core.package_identification:_identify(experiment_logs/simulation/control_layer_20260603_162652/ros_logs/2026-06-03-16-26-53-959147-LAPTOP-EK504TPB-3059020) by extension 'python_setup_py'
[4.388s] Level 1:colcon.colcon_core.package_identification:_identify(experiment_logs/simulation/control_layer_20260603_162652/ros_logs/2026-06-03-16-27-31-807540-LAPTOP-EK504TPB-3060906) by extensions ['ignore', 'ignore_ament_install']
[4.388s] Level 1:colcon.colcon_core.package_identification:_identify(experiment_logs/simulation/control_layer_20260603_162652/ros_logs/2026-06-03-16-27-31-807540-LAPTOP-EK504TPB-3060906) by extension 'ignore'
[4.388s] Level 1:colcon.colcon_core.package_identification:_identify(experiment_logs/simulation/control_layer_20260603_162652/ros_logs/2026-06-03-16-27-31-807540-LAPTOP-EK504TPB-3060906) by extension 'ignore_ament_install'
[4.388s] Level 1:colcon.colcon_core.package_identification:_identify(experiment_logs/simulation/control_layer_20260603_162652/ros_logs/2026-06-03-16-27-31-807540-LAPTOP-EK504TPB-3060906) by extensions ['colcon_pkg']
[4.388s] Level 1:colcon.colcon_core.package_identification:_identify(experiment_logs/simulation/control_layer_20260603_162652/ros_logs/2026-06-03-16-27-31-807540-LAPTOP-EK504TPB-3060906) by extension 'colcon_pkg'
[4.388s] Level 1:colcon.colcon_core.package_identification:_identify(experiment_logs/simulation/control_layer_20260603_162652/ros_logs/2026-06-03-16-27-31-807540-LAPTOP-EK504TPB-3060906) by extensions ['colcon_meta']
[4.388s] Level 1:colcon.colcon_core.package_identification:_identify(experiment_logs/simulation/control_layer_20260603_162652/ros_logs/2026-06-03-16-27-31-807540-LAPTOP-EK504TPB-3060906) by extension 'colcon_meta'
[4.389s] Level 1:colcon.colcon_core.package_identification:_identify(experiment_logs/simulation/control_layer_20260603_162652/ros_logs/2026-06-03-16-27-31-807540-LAPTOP-EK504TPB-3060906) by extensions ['ros']
[4.389s] Level 1:colcon.colcon_core.package_identification:_identify(experiment_logs/simulation/control_layer_20260603_162652/ros_logs/2026-06-03-16-27-31-807540-LAPTOP-EK504TPB-3060906) by extension 'ros'
[4.389s] Level 1:colcon.colcon_core.package_identification:_identify(experiment_logs/simulation/control_layer_20260603_162652/ros_logs/2026-06-03-16-27-31-807540-LAPTOP-EK504TPB-3060906) by extensions ['cmake', 'python']
[4.389s] Level 1:colcon.colcon_core.package_identification:_identify(experiment_logs/simulation/control_layer_20260603_162652/ros_logs/2026-06-03-16-27-31-807540-LAPTOP-EK504TPB-3060906) by extension 'cmake'
[4.389s] Level 1:colcon.colcon_core.package_identification:_identify(experiment_logs/simulation/control_layer_20260603_162652/ros_logs/2026-06-03-16-27-31-807540-LAPTOP-EK504TPB-3060906) by extension 'python'
[4.390s] Level 1:colcon.colcon_core.package_identification:_identify(experiment_logs/simulation/control_layer_20260603_162652/ros_logs/2026-06-03-16-27-31-807540-LAPTOP-EK504TPB-3060906) by extensions ['python_setup_py']
[4.390s] Level 1:colcon.colcon_core.package_identification:_identify(experiment_logs/simulation/control_layer_20260603_162652/ros_logs/2026-06-03-16-27-31-807540-LAPTOP-EK504TPB-3060906) by extension 'python_setup_py'
[4.390s] Level 1:colcon.colcon_core.package_identification:_identify(experiment_logs/simulation/control_layer_20260603_162652/ros_logs/2026-06-03-16-27-31-817161-LAPTOP-EK504TPB-3060902) by extensions ['ignore', 'ignore_ament_install']
[4.390s] Level 1:colcon.colcon_core.package_identification:_identify(experiment_logs/simulation/control_layer_20260603_162652/ros_logs/2026-06-03-16-27-31-817161-LAPTOP-EK504TPB-3060902) by extension 'ignore'
[4.391s] Level 1:colcon.colcon_core.package_identification:_identify(experiment_logs/simulation/control_layer_20260603_162652/ros_logs/2026-06-03-16-27-31-817161-LAPTOP-EK504TPB-3060902) by extension 'ignore_ament_install'
[4.391s] Level 1:colcon.colcon_core.package_identification:_identify(experiment_logs/simulation/control_layer_20260603_162652/ros_logs/2026-06-03-16-27-31-817161-LAPTOP-EK504TPB-3060902) by extensions ['colcon_pkg']
[4.391s] Level 1:colcon.colcon_core.package_identification:_identify(experiment_logs/simulation/control_layer_20260603_162652/ros_logs/2026-06-03-16-27-31-817161-LAPTOP-EK504TPB-3060902) by extension 'colcon_pkg'
[4.391s] Level 1:colcon.colcon_core.package_identification:_identify(experiment_logs/simulation/control_layer_20260603_162652/ros_logs/2026-06-03-16-27-31-817161-LAPTOP-EK504TPB-3060902) by extensions ['colcon_meta']
[4.392s] Level 1:colcon.colcon_core.package_identification:_identify(experiment_logs/simulation/control_layer_20260603_162652/ros_logs/2026-06-03-16-27-31-817161-LAPTOP-EK504TPB-3060902) by extension 'colcon_meta'
[4.392s] Level 1:colcon.colcon_core.package_identification:_identify(experiment_logs/simulation/control_layer_20260603_162652/ros_logs/2026-06-03-16-27-31-817161-LAPTOP-EK504TPB-3060902) by extensions ['ros']
[4.392s] Level 1:colcon.colcon_core.package_identification:_identify(experiment_logs/simulation/control_layer_20260603_162652/ros_logs/2026-06-03-16-27-31-817161-LAPTOP-EK504TPB-3060902) by extension 'ros'
[4.393s] Level 1:colcon.colcon_core.package_identification:_identify(experiment_logs/simulation/control_layer_20260603_162652/ros_logs/2026-06-03-16-27-31-817161-LAPTOP-EK504TPB-3060902) by extensions ['cmake', 'python']
[4.393s] Level 1:colcon.colcon_core.package_identification:_identify(experiment_logs/simulation/control_layer_20260603_162652/ros_logs/2026-06-03-16-27-31-817161-LAPTOP-EK504TPB-3060902) by extension 'cmake'
[4.393s] Level 1:colcon.colcon_core.package_identification:_identify(experiment_logs/simulation/control_layer_20260603_162652/ros_logs/2026-06-03-16-27-31-817161-LAPTOP-EK504TPB-3060902) by extension 'python'
[4.393s] Level 1:colcon.colcon_core.package_identification:_identify(experiment_logs/simulation/control_layer_20260603_162652/ros_logs/2026-06-03-16-27-31-817161-LAPTOP-EK504TPB-3060902) by extensions ['python_setup_py']
[4.394s] Level 1:colcon.colcon_core.package_identification:_identify(experiment_logs/simulation/control_layer_20260603_162652/ros_logs/2026-06-03-16-27-31-817161-LAPTOP-EK504TPB-3060902) by extension 'python_setup_py'
[4.394s] Level 1:colcon.colcon_core.package_identification:_identify(install) by extensions ['ignore', 'ignore_ament_install']
[4.395s] Level 1:colcon.colcon_core.package_identification:_identify(install) by extension 'ignore'
[4.395s] Level 1:colcon.colcon_core.package_identification:_identify(install) ignored
[4.396s] Level 1:colcon.colcon_core.package_identification:_identify(log) by extensions ['ignore', 'ignore_ament_install']
[4.396s] Level 1:colcon.colcon_core.package_identification:_identify(log) by extension 'ignore'
[4.396s] Level 1:colcon.colcon_core.package_identification:_identify(log) ignored
[4.397s] Level 1:colcon.colcon_core.package_identification:_identify(src) by extensions ['ignore', 'ignore_ament_install']
[4.397s] Level 1:colcon.colcon_core.package_identification:_identify(src) by extension 'ignore'
[4.397s] Level 1:colcon.colcon_core.package_identification:_identify(src) by extension 'ignore_ament_install'
[4.398s] Level 1:colcon.colcon_core.package_identification:_identify(src) by extensions ['colcon_pkg']
[4.398s] Level 1:colcon.colcon_core.package_identification:_identify(src) by extension 'colcon_pkg'
[4.398s] Level 1:colcon.colcon_core.package_identification:_identify(src) by extensions ['colcon_meta']
[4.398s] Level 1:colcon.colcon_core.package_identification:_identify(src) by extension 'colcon_meta'
[4.398s] Level 1:colcon.colcon_core.package_identification:_identify(src) by extensions ['ros']
[4.398s] Level 1:colcon.colcon_core.package_identification:_identify(src) by extension 'ros'
[4.398s] Level 1:colcon.colcon_core.package_identification:_identify(src) by extensions ['cmake', 'python']
[4.399s] Level 1:colcon.colcon_core.package_identification:_identify(src) by extension 'cmake'
[4.399s] Level 1:colcon.colcon_core.package_identification:_identify(src) by extension 'python'
[4.399s] Level 1:colcon.colcon_core.package_identification:_identify(src) by extensions ['python_setup_py']
[4.399s] Level 1:colcon.colcon_core.package_identification:_identify(src) by extension 'python_setup_py'
[4.399s] Level 1:colcon.colcon_core.package_identification:_identify(src/alicia_d_arm_motion) by extensions ['ignore', 'ignore_ament_install']
[4.400s] Level 1:colcon.colcon_core.package_identification:_identify(src/alicia_d_arm_motion) by extension 'ignore'
[4.400s] Level 1:colcon.colcon_core.package_identification:_identify(src/alicia_d_arm_motion) by extension 'ignore_ament_install'
[4.400s] Level 1:colcon.colcon_core.package_identification:_identify(src/alicia_d_arm_motion) by extensions ['colcon_pkg']
[4.400s] Level 1:colcon.colcon_core.package_identification:_identify(src/alicia_d_arm_motion) by extension 'colcon_pkg'
[4.400s] Level 1:colcon.colcon_core.package_identification:_identify(src/alicia_d_arm_motion) by extensions ['colcon_meta']
[4.400s] Level 1:colcon.colcon_core.package_identification:_identify(src/alicia_d_arm_motion) by extension 'colcon_meta'
[4.400s] Level 1:colcon.colcon_core.package_identification:_identify(src/alicia_d_arm_motion) by extensions ['ros']
[4.400s] Level 1:colcon.colcon_core.package_identification:_identify(src/alicia_d_arm_motion) by extension 'ros'
[4.409s] DEBUG:colcon.colcon_core.package_identification:Package 'src/alicia_d_arm_motion' with type 'ros.ament_cmake' and name 'alicia_d_arm_motion'
[4.410s] Level 1:colcon.colcon_core.package_identification:_identify(src/alicia_d_calibration) by extensions ['ignore', 'ignore_ament_install']
[4.411s] Level 1:colcon.colcon_core.package_identification:_identify(src/alicia_d_calibration) by extension 'ignore'
[4.411s] Level 1:colcon.colcon_core.package_identification:_identify(src/alicia_d_calibration) by extension 'ignore_ament_install'
[4.412s] Level 1:colcon.colcon_core.package_identification:_identify(src/alicia_d_calibration) by extensions ['colcon_pkg']
[4.412s] Level 1:colcon.colcon_core.package_identification:_identify(src/alicia_d_calibration) by extension 'colcon_pkg'
[4.412s] Level 1:colcon.colcon_core.package_identification:_identify(src/alicia_d_calibration) by extensions ['colcon_meta']
[4.412s] Level 1:colcon.colcon_core.package_identification:_identify(src/alicia_d_calibration) by extension 'colcon_meta'
[4.413s] Level 1:colcon.colcon_core.package_identification:_identify(src/alicia_d_calibration) by extensions ['ros']
[4.413s] Level 1:colcon.colcon_core.package_identification:_identify(src/alicia_d_calibration) by extension 'ros'
[4.416s] DEBUG:colcon.colcon_core.package_identification:Package 'src/alicia_d_calibration' with type 'ros.ament_cmake' and name 'alicia_d_calibration'
[4.416s] Level 1:colcon.colcon_core.package_identification:_identify(src/alicia_d_control_interfaces) by extensions ['ignore', 'ignore_ament_install']
[4.417s] Level 1:colcon.colcon_core.package_identification:_identify(src/alicia_d_control_interfaces) by extension 'ignore'
[4.417s] Level 1:colcon.colcon_core.package_identification:_identify(src/alicia_d_control_interfaces) by extension 'ignore_ament_install'
[4.417s] Level 1:colcon.colcon_core.package_identification:_identify(src/alicia_d_control_interfaces) by extensions ['colcon_pkg']
[4.417s] Level 1:colcon.colcon_core.package_identification:_identify(src/alicia_d_control_interfaces) by extension 'colcon_pkg'
[4.418s] Level 1:colcon.colcon_core.package_identification:_identify(src/alicia_d_control_interfaces) by extensions ['colcon_meta']
[4.418s] Level 1:colcon.colcon_core.package_identification:_identify(src/alicia_d_control_interfaces) by extension 'colcon_meta'
[4.418s] Level 1:colcon.colcon_core.package_identification:_identify(src/alicia_d_control_interfaces) by extensions ['ros']
[4.418s] Level 1:colcon.colcon_core.package_identification:_identify(src/alicia_d_control_interfaces) by extension 'ros'
[4.421s] DEBUG:colcon.colcon_core.package_identification:Package 'src/alicia_d_control_interfaces' with type 'ros.ament_cmake' and name 'alicia_d_control_interfaces'
[4.422s] Level 1:colcon.colcon_core.package_identification:_identify(src/alicia_d_cube_sort) by extensions ['ignore', 'ignore_ament_install']
[4.422s] Level 1:colcon.colcon_core.package_identification:_identify(src/alicia_d_cube_sort) by extension 'ignore'
[4.423s] Level 1:colcon.colcon_core.package_identification:_identify(src/alicia_d_cube_sort) by extension 'ignore_ament_install'
[4.423s] Level 1:colcon.colcon_core.package_identification:_identify(src/alicia_d_cube_sort) by extensions ['colcon_pkg']
[4.423s] Level 1:colcon.colcon_core.package_identification:_identify(src/alicia_d_cube_sort) by extension 'colcon_pkg'
[4.424s] Level 1:colcon.colcon_core.package_identification:_identify(src/alicia_d_cube_sort) by extensions ['colcon_meta']
[4.424s] Level 1:colcon.colcon_core.package_identification:_identify(src/alicia_d_cube_sort) by extension 'colcon_meta'
[4.424s] Level 1:colcon.colcon_core.package_identification:_identify(src/alicia_d_cube_sort) by extensions ['ros']
[4.424s] Level 1:colcon.colcon_core.package_identification:_identify(src/alicia_d_cube_sort) by extension 'ros'
[4.429s] DEBUG:colcon.colcon_core.package_identification:Package 'src/alicia_d_cube_sort' with type 'ros.ament_cmake' and name 'alicia_d_cube_sort'
[4.429s] Level 1:colcon.colcon_core.package_identification:_identify(src/alicia_d_descriptions) by extensions ['ignore', 'ignore_ament_install']
[4.430s] Level 1:colcon.colcon_core.package_identification:_identify(src/alicia_d_descriptions) by extension 'ignore'
[4.430s] Level 1:colcon.colcon_core.package_identification:_identify(src/alicia_d_descriptions) by extension 'ignore_ament_install'
[4.430s] Level 1:colcon.colcon_core.package_identification:_identify(src/alicia_d_descriptions) by extensions ['colcon_pkg']
[4.431s] Level 1:colcon.colcon_core.package_identification:_identify(src/alicia_d_descriptions) by extension 'colcon_pkg'
[4.431s] Level 1:colcon.colcon_core.package_identification:_identify(src/alicia_d_descriptions) by extensions ['colcon_meta']
[4.431s] Level 1:colcon.colcon_core.package_identification:_identify(src/alicia_d_descriptions) by extension 'colcon_meta'
[4.431s] Level 1:colcon.colcon_core.package_identification:_identify(src/alicia_d_descriptions) by extensions ['ros']
[4.431s] Level 1:colcon.colcon_core.package_identification:_identify(src/alicia_d_descriptions) by extension 'ros'
[4.433s] DEBUG:colcon.colcon_core.package_identification:Package 'src/alicia_d_descriptions' with type 'ros.ament_cmake' and name 'alicia_d_descriptions'
[4.433s] Level 1:colcon.colcon_core.package_identification:_identify(src/alicia_d_driver) by extensions ['ignore', 'ignore_ament_install']
[4.433s] Level 1:colcon.colcon_core.package_identification:_identify(src/alicia_d_driver) by extension 'ignore'
[4.433s] Level 1:colcon.colcon_core.package_identification:_identify(src/alicia_d_driver) by extension 'ignore_ament_install'
[4.434s] Level 1:colcon.colcon_core.package_identification:_identify(src/alicia_d_driver) by extensions ['colcon_pkg']
[4.434s] Level 1:colcon.colcon_core.package_identification:_identify(src/alicia_d_driver) by extension 'colcon_pkg'
[4.434s] Level 1:colcon.colcon_core.package_identification:_identify(src/alicia_d_driver) by extensions ['colcon_meta']
[4.434s] Level 1:colcon.colcon_core.package_identification:_identify(src/alicia_d_driver) by extension 'colcon_meta'
[4.434s] Level 1:colcon.colcon_core.package_identification:_identify(src/alicia_d_driver) by extensions ['ros']
[4.434s] Level 1:colcon.colcon_core.package_identification:_identify(src/alicia_d_driver) by extension 'ros'
[4.437s] DEBUG:colcon.colcon_core.package_identification:Package 'src/alicia_d_driver' with type 'ros.ament_cmake' and name 'alicia_d_driver'
[4.437s] Level 1:colcon.colcon_core.package_identification:_identify(src/alicia_d_grasp_6d) by extensions ['ignore', 'ignore_ament_install']
[4.437s] Level 1:colcon.colcon_core.package_identification:_identify(src/alicia_d_grasp_6d) by extension 'ignore'
[4.438s] Level 1:colcon.colcon_core.package_identification:_identify(src/alicia_d_grasp_6d) by extension 'ignore_ament_install'
[4.438s] Level 1:colcon.colcon_core.package_identification:_identify(src/alicia_d_grasp_6d) by extensions ['colcon_pkg']
[4.438s] Level 1:colcon.colcon_core.package_identification:_identify(src/alicia_d_grasp_6d) by extension 'colcon_pkg'
[4.438s] Level 1:colcon.colcon_core.package_identification:_identify(src/alicia_d_grasp_6d) by extensions ['colcon_meta']
[4.438s] Level 1:colcon.colcon_core.package_identification:_identify(src/alicia_d_grasp_6d) by extension 'colcon_meta'
[4.438s] Level 1:colcon.colcon_core.package_identification:_identify(src/alicia_d_grasp_6d) by extensions ['ros']
[4.439s] Level 1:colcon.colcon_core.package_identification:_identify(src/alicia_d_grasp_6d) by extension 'ros'
[4.439s] Level 1:colcon.colcon_core.package_identification:_identify(src/alicia_d_grasp_6d) by extensions ['cmake', 'python']
[4.439s] Level 1:colcon.colcon_core.package_identification:_identify(src/alicia_d_grasp_6d) by extension 'cmake'
[4.439s] Level 1:colcon.colcon_core.package_identification:_identify(src/alicia_d_grasp_6d) by extension 'python'
[4.439s] Level 1:colcon.colcon_core.package_identification:_identify(src/alicia_d_grasp_6d) by extensions ['python_setup_py']
[4.439s] Level 1:colcon.colcon_core.package_identification:_identify(src/alicia_d_grasp_6d) by extension 'python_setup_py'
[4.440s] Level 1:colcon.colcon_core.package_identification:_identify(src/alicia_d_grasp_6d/Models) by extensions ['ignore', 'ignore_ament_install']
[4.440s] Level 1:colcon.colcon_core.package_identification:_identify(src/alicia_d_grasp_6d/Models) by extension 'ignore'
[4.440s] Level 1:colcon.colcon_core.package_identification:_identify(src/alicia_d_grasp_6d/Models) ignored
[4.440s] Level 1:colcon.colcon_core.package_identification:_identify(src/alicia_d_grasp_6d/scripts) by extensions ['ignore', 'ignore_ament_install']
[4.440s] Level 1:colcon.colcon_core.package_identification:_identify(src/alicia_d_grasp_6d/scripts) by extension 'ignore'
[4.441s] Level 1:colcon.colcon_core.package_identification:_identify(src/alicia_d_grasp_6d/scripts) by extension 'ignore_ament_install'
[4.441s] Level 1:colcon.colcon_core.package_identification:_identify(src/alicia_d_grasp_6d/scripts) by extensions ['colcon_pkg']
[4.441s] Level 1:colcon.colcon_core.package_identification:_identify(src/alicia_d_grasp_6d/scripts) by extension 'colcon_pkg'
[4.441s] Level 1:colcon.colcon_core.package_identification:_identify(src/alicia_d_grasp_6d/scripts) by extensions ['colcon_meta']
[4.441s] Level 1:colcon.colcon_core.package_identification:_identify(src/alicia_d_grasp_6d/scripts) by extension 'colcon_meta'
[4.441s] Level 1:colcon.colcon_core.package_identification:_identify(src/alicia_d_grasp_6d/scripts) by extensions ['ros']
[4.441s] Level 1:colcon.colcon_core.package_identification:_identify(src/alicia_d_grasp_6d/scripts) by extension 'ros'
[4.441s] Level 1:colcon.colcon_core.package_identification:_identify(src/alicia_d_grasp_6d/scripts) by extensions ['cmake', 'python']
[4.441s] Level 1:colcon.colcon_core.package_identification:_identify(src/alicia_d_grasp_6d/scripts) by extension 'cmake'
[4.442s] Level 1:colcon.colcon_core.package_identification:_identify(src/alicia_d_grasp_6d/scripts) by extension 'python'
[4.442s] Level 1:colcon.colcon_core.package_identification:_identify(src/alicia_d_grasp_6d/scripts) by extensions ['python_setup_py']
[4.442s] Level 1:colcon.colcon_core.package_identification:_identify(src/alicia_d_grasp_6d/scripts) by extension 'python_setup_py'
[4.442s] Level 1:colcon.colcon_core.package_identification:_identify(src/alicia_d_grasp_6d/scripts/intel_rs_d405) by extensions ['ignore', 'ignore_ament_install']
[4.442s] Level 1:colcon.colcon_core.package_identification:_identify(src/alicia_d_grasp_6d/scripts/intel_rs_d405) by extension 'ignore'
[4.442s] Level 1:colcon.colcon_core.package_identification:_identify(src/alicia_d_grasp_6d/scripts/intel_rs_d405) by extension 'ignore_ament_install'
[4.443s] Level 1:colcon.colcon_core.package_identification:_identify(src/alicia_d_grasp_6d/scripts/intel_rs_d405) by extensions ['colcon_pkg']
[4.443s] Level 1:colcon.colcon_core.package_identification:_identify(src/alicia_d_grasp_6d/scripts/intel_rs_d405) by extension 'colcon_pkg'
[4.443s] Level 1:colcon.colcon_core.package_identification:_identify(src/alicia_d_grasp_6d/scripts/intel_rs_d405) by extensions ['colcon_meta']
[4.443s] Level 1:colcon.colcon_core.package_identification:_identify(src/alicia_d_grasp_6d/scripts/intel_rs_d405) by extension 'colcon_meta'
[4.443s] Level 1:colcon.colcon_core.package_identification:_identify(src/alicia_d_grasp_6d/scripts/intel_rs_d405) by extensions ['ros']
[4.444s] Level 1:colcon.colcon_core.package_identification:_identify(src/alicia_d_grasp_6d/scripts/intel_rs_d405) by extension 'ros'
[4.444s] Level 1:colcon.colcon_core.package_identification:_identify(src/alicia_d_grasp_6d/scripts/intel_rs_d405) by extensions ['cmake', 'python']
[4.444s] Level 1:colcon.colcon_core.package_identification:_identify(src/alicia_d_grasp_6d/scripts/intel_rs_d405) by extension 'cmake'
[4.444s] Level 1:colcon.colcon_core.package_identification:_identify(src/alicia_d_grasp_6d/scripts/intel_rs_d405) by extension 'python'
[4.444s] Level 1:colcon.colcon_core.package_identification:_identify(src/alicia_d_grasp_6d/scripts/intel_rs_d405) by extensions ['python_setup_py']
[4.444s] Level 1:colcon.colcon_core.package_identification:_identify(src/alicia_d_grasp_6d/scripts/intel_rs_d405) by extension 'python_setup_py'
[4.445s] Level 1:colcon.colcon_core.package_identification:_identify(src/alicia_d_grasp_6d/scripts/intel_rs_d405/utils) by extensions ['ignore', 'ignore_ament_install']
[4.445s] Level 1:colcon.colcon_core.package_identification:_identify(src/alicia_d_grasp_6d/scripts/intel_rs_d405/utils) by extension 'ignore'
[4.445s] Level 1:colcon.colcon_core.package_identification:_identify(src/alicia_d_grasp_6d/scripts/intel_rs_d405/utils) by extension 'ignore_ament_install'
[4.446s] Level 1:colcon.colcon_core.package_identification:_identify(src/alicia_d_grasp_6d/scripts/intel_rs_d405/utils) by extensions ['colcon_pkg']
[4.446s] Level 1:colcon.colcon_core.package_identification:_identify(src/alicia_d_grasp_6d/scripts/intel_rs_d405/utils) by extension 'colcon_pkg'
[4.446s] Level 1:colcon.colcon_core.package_identification:_identify(src/alicia_d_grasp_6d/scripts/intel_rs_d405/utils) by extensions ['colcon_meta']
[4.446s] Level 1:colcon.colcon_core.package_identification:_identify(src/alicia_d_grasp_6d/scripts/intel_rs_d405/utils) by extension 'colcon_meta'
[4.447s] Level 1:colcon.colcon_core.package_identification:_identify(src/alicia_d_grasp_6d/scripts/intel_rs_d405/utils) by extensions ['ros']
[4.447s] Level 1:colcon.colcon_core.package_identification:_identify(src/alicia_d_grasp_6d/scripts/intel_rs_d405/utils) by extension 'ros'
[4.447s] Level 1:colcon.colcon_core.package_identification:_identify(src/alicia_d_grasp_6d/scripts/intel_rs_d405/utils) by extensions ['cmake', 'python']
[4.447s] Level 1:colcon.colcon_core.package_identification:_identify(src/alicia_d_grasp_6d/scripts/intel_rs_d405/utils) by extension 'cmake'
[4.447s] Level 1:colcon.colcon_core.package_identification:_identify(src/alicia_d_grasp_6d/scripts/intel_rs_d405/utils) by extension 'python'
[4.448s] Level 1:colcon.colcon_core.package_identification:_identify(src/alicia_d_grasp_6d/scripts/intel_rs_d405/utils) by extensions ['python_setup_py']
[4.448s] Level 1:colcon.colcon_core.package_identification:_identify(src/alicia_d_grasp_6d/scripts/intel_rs_d405/utils) by extension 'python_setup_py'
[4.448s] Level 1:colcon.colcon_core.package_identification:_identify(src/alicia_d_grasp_6d/scripts/orbbec_gemini_335) by extensions ['ignore', 'ignore_ament_install']
[4.448s] Level 1:colcon.colcon_core.package_identification:_identify(src/alicia_d_grasp_6d/scripts/orbbec_gemini_335) by extension 'ignore'
[4.449s] Level 1:colcon.colcon_core.package_identification:_identify(src/alicia_d_grasp_6d/scripts/orbbec_gemini_335) by extension 'ignore_ament_install'
[4.449s] Level 1:colcon.colcon_core.package_identification:_identify(src/alicia_d_grasp_6d/scripts/orbbec_gemini_335) by extensions ['colcon_pkg']
[4.449s] Level 1:colcon.colcon_core.package_identification:_identify(src/alicia_d_grasp_6d/scripts/orbbec_gemini_335) by extension 'colcon_pkg'
[4.449s] Level 1:colcon.colcon_core.package_identification:_identify(src/alicia_d_grasp_6d/scripts/orbbec_gemini_335) by extensions ['colcon_meta']
[4.449s] Level 1:colcon.colcon_core.package_identification:_identify(src/alicia_d_grasp_6d/scripts/orbbec_gemini_335) by extension 'colcon_meta'
[4.450s] Level 1:colcon.colcon_core.package_identification:_identify(src/alicia_d_grasp_6d/scripts/orbbec_gemini_335) by extensions ['ros']
[4.450s] Level 1:colcon.colcon_core.package_identification:_identify(src/alicia_d_grasp_6d/scripts/orbbec_gemini_335) by extension 'ros'
[4.450s] Level 1:colcon.colcon_core.package_identification:_identify(src/alicia_d_grasp_6d/scripts/orbbec_gemini_335) by extensions ['cmake', 'python']
[4.450s] Level 1:colcon.colcon_core.package_identification:_identify(src/alicia_d_grasp_6d/scripts/orbbec_gemini_335) by extension 'cmake'
[4.450s] Level 1:colcon.colcon_core.package_identification:_identify(src/alicia_d_grasp_6d/scripts/orbbec_gemini_335) by extension 'python'
[4.450s] Level 1:colcon.colcon_core.package_identification:_identify(src/alicia_d_grasp_6d/scripts/orbbec_gemini_335) by extensions ['python_setup_py']
[4.450s] Level 1:colcon.colcon_core.package_identification:_identify(src/alicia_d_grasp_6d/scripts/orbbec_gemini_335) by extension 'python_setup_py'
[4.451s] Level 1:colcon.colcon_core.package_identification:_identify(src/alicia_d_grasp_6d/scripts/orbbec_gemini_335/utils) by extensions ['ignore', 'ignore_ament_install']
[4.451s] Level 1:colcon.colcon_core.package_identification:_identify(src/alicia_d_grasp_6d/scripts/orbbec_gemini_335/utils) by extension 'ignore'
[4.451s] Level 1:colcon.colcon_core.package_identification:_identify(src/alicia_d_grasp_6d/scripts/orbbec_gemini_335/utils) by extension 'ignore_ament_install'
[4.452s] Level 1:colcon.colcon_core.package_identification:_identify(src/alicia_d_grasp_6d/scripts/orbbec_gemini_335/utils) by extensions ['colcon_pkg']
[4.452s] Level 1:colcon.colcon_core.package_identification:_identify(src/alicia_d_grasp_6d/scripts/orbbec_gemini_335/utils) by extension 'colcon_pkg'
[4.452s] Level 1:colcon.colcon_core.package_identification:_identify(src/alicia_d_grasp_6d/scripts/orbbec_gemini_335/utils) by extensions ['colcon_meta']
[4.452s] Level 1:colcon.colcon_core.package_identification:_identify(src/alicia_d_grasp_6d/scripts/orbbec_gemini_335/utils) by extension 'colcon_meta'
[4.452s] Level 1:colcon.colcon_core.package_identification:_identify(src/alicia_d_grasp_6d/scripts/orbbec_gemini_335/utils) by extensions ['ros']
[4.453s] Level 1:colcon.colcon_core.package_identification:_identify(src/alicia_d_grasp_6d/scripts/orbbec_gemini_335/utils) by extension 'ros'
[4.453s] Level 1:colcon.colcon_core.package_identification:_identify(src/alicia_d_grasp_6d/scripts/orbbec_gemini_335/utils) by extensions ['cmake', 'python']
[4.453s] Level 1:colcon.colcon_core.package_identification:_identify(src/alicia_d_grasp_6d/scripts/orbbec_gemini_335/utils) by extension 'cmake'
[4.453s] Level 1:colcon.colcon_core.package_identification:_identify(src/alicia_d_grasp_6d/scripts/orbbec_gemini_335/utils) by extension 'python'
[4.454s] Level 1:colcon.colcon_core.package_identification:_identify(src/alicia_d_grasp_6d/scripts/orbbec_gemini_335/utils) by extensions ['python_setup_py']
[4.454s] Level 1:colcon.colcon_core.package_identification:_identify(src/alicia_d_grasp_6d/scripts/orbbec_gemini_335/utils) by extension 'python_setup_py'
[4.454s] Level 1:colcon.colcon_core.package_identification:_identify(src/alicia_d_moveit) by extensions ['ignore', 'ignore_ament_install']
[4.454s] Level 1:colcon.colcon_core.package_identification:_identify(src/alicia_d_moveit) by extension 'ignore'
[4.455s] Level 1:colcon.colcon_core.package_identification:_identify(src/alicia_d_moveit) by extension 'ignore_ament_install'
[4.455s] Level 1:colcon.colcon_core.package_identification:_identify(src/alicia_d_moveit) by extensions ['colcon_pkg']
[4.455s] Level 1:colcon.colcon_core.package_identification:_identify(src/alicia_d_moveit) by extension 'colcon_pkg'
[4.456s] Level 1:colcon.colcon_core.package_identification:_identify(src/alicia_d_moveit) by extensions ['colcon_meta']
[4.456s] Level 1:colcon.colcon_core.package_identification:_identify(src/alicia_d_moveit) by extension 'colcon_meta'
[4.456s] Level 1:colcon.colcon_core.package_identification:_identify(src/alicia_d_moveit) by extensions ['ros']
[4.456s] Level 1:colcon.colcon_core.package_identification:_identify(src/alicia_d_moveit) by extension 'ros'
[4.458s] DEBUG:colcon.colcon_core.package_identification:Package 'src/alicia_d_moveit' with type 'ros.ament_cmake' and name 'alicia_d_moveit'
[4.458s] Level 1:colcon.colcon_core.package_identification:_identify(src/alicia_d_pick_coordinator) by extensions ['ignore', 'ignore_ament_install']
[4.459s] Level 1:colcon.colcon_core.package_identification:_identify(src/alicia_d_pick_coordinator) by extension 'ignore'
[4.459s] Level 1:colcon.colcon_core.package_identification:_identify(src/alicia_d_pick_coordinator) by extension 'ignore_ament_install'
[4.459s] Level 1:colcon.colcon_core.package_identification:_identify(src/alicia_d_pick_coordinator) by extensions ['colcon_pkg']
[4.459s] Level 1:colcon.colcon_core.package_identification:_identify(src/alicia_d_pick_coordinator) by extension 'colcon_pkg'
[4.459s] Level 1:colcon.colcon_core.package_identification:_identify(src/alicia_d_pick_coordinator) by extensions ['colcon_meta']
[4.459s] Level 1:colcon.colcon_core.package_identification:_identify(src/alicia_d_pick_coordinator) by extension 'colcon_meta'
[4.460s] Level 1:colcon.colcon_core.package_identification:_identify(src/alicia_d_pick_coordinator) by extensions ['ros']
[4.460s] Level 1:colcon.colcon_core.package_identification:_identify(src/alicia_d_pick_coordinator) by extension 'ros'
[4.462s] DEBUG:colcon.colcon_core.package_identification:Package 'src/alicia_d_pick_coordinator' with type 'ros.ament_cmake' and name 'alicia_d_pick_coordinator'
[4.462s] Level 1:colcon.colcon_core.package_identification:_identify(src/alicia_d_sts_gripper) by extensions ['ignore', 'ignore_ament_install']
[4.463s] Level 1:colcon.colcon_core.package_identification:_identify(src/alicia_d_sts_gripper) by extension 'ignore'
[4.463s] Level 1:colcon.colcon_core.package_identification:_identify(src/alicia_d_sts_gripper) by extension 'ignore_ament_install'
[4.463s] Level 1:colcon.colcon_core.package_identification:_identify(src/alicia_d_sts_gripper) by extensions ['colcon_pkg']
[4.463s] Level 1:colcon.colcon_core.package_identification:_identify(src/alicia_d_sts_gripper) by extension 'colcon_pkg'
[4.463s] Level 1:colcon.colcon_core.package_identification:_identify(src/alicia_d_sts_gripper) by extensions ['colcon_meta']
[4.463s] Level 1:colcon.colcon_core.package_identification:_identify(src/alicia_d_sts_gripper) by extension 'colcon_meta'
[4.464s] Level 1:colcon.colcon_core.package_identification:_identify(src/alicia_d_sts_gripper) by extensions ['ros']
[4.464s] Level 1:colcon.colcon_core.package_identification:_identify(src/alicia_d_sts_gripper) by extension 'ros'
[4.466s] DEBUG:colcon.colcon_core.package_identification:Package 'src/alicia_d_sts_gripper' with type 'ros.ament_cmake' and name 'alicia_d_sts_gripper'
[4.466s] Level 1:colcon.colcon_core.package_identification:_identify(src/alicia_d_thinkgrasp_bridge) by extensions ['ignore', 'ignore_ament_install']
[4.467s] Level 1:colcon.colcon_core.package_identification:_identify(src/alicia_d_thinkgrasp_bridge) by extension 'ignore'
[4.467s] Level 1:colcon.colcon_core.package_identification:_identify(src/alicia_d_thinkgrasp_bridge) by extension 'ignore_ament_install'
[4.467s] Level 1:colcon.colcon_core.package_identification:_identify(src/alicia_d_thinkgrasp_bridge) by extensions ['colcon_pkg']
[4.467s] Level 1:colcon.colcon_core.package_identification:_identify(src/alicia_d_thinkgrasp_bridge) by extension 'colcon_pkg'
[4.468s] Level 1:colcon.colcon_core.package_identification:_identify(src/alicia_d_thinkgrasp_bridge) by extensions ['colcon_meta']
[4.468s] Level 1:colcon.colcon_core.package_identification:_identify(src/alicia_d_thinkgrasp_bridge) by extension 'colcon_meta'
[4.468s] Level 1:colcon.colcon_core.package_identification:_identify(src/alicia_d_thinkgrasp_bridge) by extensions ['ros']
[4.468s] Level 1:colcon.colcon_core.package_identification:_identify(src/alicia_d_thinkgrasp_bridge) by extension 'ros'
[4.470s] DEBUG:colcon.colcon_core.package_identification:Package 'src/alicia_d_thinkgrasp_bridge' with type 'ros.ament_cmake' and name 'alicia_d_thinkgrasp_bridge'
[4.470s] Level 1:colcon.colcon_core.package_identification:_identify(src/docs) by extensions ['ignore', 'ignore_ament_install']
[4.470s] Level 1:colcon.colcon_core.package_identification:_identify(src/docs) by extension 'ignore'
[4.470s] Level 1:colcon.colcon_core.package_identification:_identify(src/docs) by extension 'ignore_ament_install'
[4.471s] Level 1:colcon.colcon_core.package_identification:_identify(src/docs) by extensions ['colcon_pkg']
[4.471s] Level 1:colcon.colcon_core.package_identification:_identify(src/docs) by extension 'colcon_pkg'
[4.471s] Level 1:colcon.colcon_core.package_identification:_identify(src/docs) by extensions ['colcon_meta']
[4.471s] Level 1:colcon.colcon_core.package_identification:_identify(src/docs) by extension 'colcon_meta'
[4.471s] Level 1:colcon.colcon_core.package_identification:_identify(src/docs) by extensions ['ros']
[4.471s] Level 1:colcon.colcon_core.package_identification:_identify(src/docs) by extension 'ros'
[4.471s] Level 1:colcon.colcon_core.package_identification:_identify(src/docs) by extensions ['cmake', 'python']
[4.472s] Level 1:colcon.colcon_core.package_identification:_identify(src/docs) by extension 'cmake'
[4.472s] Level 1:colcon.colcon_core.package_identification:_identify(src/docs) by extension 'python'
[4.472s] Level 1:colcon.colcon_core.package_identification:_identify(src/docs) by extensions ['python_setup_py']
[4.472s] Level 1:colcon.colcon_core.package_identification:_identify(src/docs) by extension 'python_setup_py'
[4.472s] Level 1:colcon.colcon_core.package_identification:_identify(src/examples) by extensions ['ignore', 'ignore_ament_install']
[4.473s] Level 1:colcon.colcon_core.package_identification:_identify(src/examples) by extension 'ignore'
[4.473s] Level 1:colcon.colcon_core.package_identification:_identify(src/examples) by extension 'ignore_ament_install'
[4.473s] Level 1:colcon.colcon_core.package_identification:_identify(src/examples) by extensions ['colcon_pkg']
[4.474s] Level 1:colcon.colcon_core.package_identification:_identify(src/examples) by extension 'colcon_pkg'
[4.474s] Level 1:colcon.colcon_core.package_identification:_identify(src/examples) by extensions ['colcon_meta']
[4.474s] Level 1:colcon.colcon_core.package_identification:_identify(src/examples) by extension 'colcon_meta'
[4.474s] Level 1:colcon.colcon_core.package_identification:_identify(src/examples) by extensions ['ros']
[4.474s] Level 1:colcon.colcon_core.package_identification:_identify(src/examples) by extension 'ros'
[4.474s] Level 1:colcon.colcon_core.package_identification:_identify(src/examples) by extensions ['cmake', 'python']
[4.475s] Level 1:colcon.colcon_core.package_identification:_identify(src/examples) by extension 'cmake'
[4.475s] Level 1:colcon.colcon_core.package_identification:_identify(src/examples) by extension 'python'
[4.475s] Level 1:colcon.colcon_core.package_identification:_identify(src/examples) by extensions ['python_setup_py']
[4.475s] Level 1:colcon.colcon_core.package_identification:_identify(src/examples) by extension 'python_setup_py'
[4.475s] Level 1:colcon.colcon_core.package_identification:_identify(src/imgs) by extensions ['ignore', 'ignore_ament_install']
[4.475s] Level 1:colcon.colcon_core.package_identification:_identify(src/imgs) by extension 'ignore'
[4.476s] Level 1:colcon.colcon_core.package_identification:_identify(src/imgs) by extension 'ignore_ament_install'
[4.476s] Level 1:colcon.colcon_core.package_identification:_identify(src/imgs) by extensions ['colcon_pkg']
[4.476s] Level 1:colcon.colcon_core.package_identification:_identify(src/imgs) by extension 'colcon_pkg'
[4.476s] Level 1:colcon.colcon_core.package_identification:_identify(src/imgs) by extensions ['colcon_meta']
[4.476s] Level 1:colcon.colcon_core.package_identification:_identify(src/imgs) by extension 'colcon_meta'
[4.476s] Level 1:colcon.colcon_core.package_identification:_identify(src/imgs) by extensions ['ros']
[4.476s] Level 1:colcon.colcon_core.package_identification:_identify(src/imgs) by extension 'ros'
[4.477s] Level 1:colcon.colcon_core.package_identification:_identify(src/imgs) by extensions ['cmake', 'python']
[4.477s] Level 1:colcon.colcon_core.package_identification:_identify(src/imgs) by extension 'cmake'
[4.477s] Level 1:colcon.colcon_core.package_identification:_identify(src/imgs) by extension 'python'
[4.477s] Level 1:colcon.colcon_core.package_identification:_identify(src/imgs) by extensions ['python_setup_py']
[4.477s] Level 1:colcon.colcon_core.package_identification:_identify(src/imgs) by extension 'python_setup_py'
[4.477s] Level 1:colcon.colcon_core.package_identification:_identify(tools) by extensions ['ignore', 'ignore_ament_install']
[4.477s] Level 1:colcon.colcon_core.package_identification:_identify(tools) by extension 'ignore'
[4.478s] Level 1:colcon.colcon_core.package_identification:_identify(tools) by extension 'ignore_ament_install'
[4.478s] Level 1:colcon.colcon_core.package_identification:_identify(tools) by extensions ['colcon_pkg']
[4.478s] Level 1:colcon.colcon_core.package_identification:_identify(tools) by extension 'colcon_pkg'
[4.478s] Level 1:colcon.colcon_core.package_identification:_identify(tools) by extensions ['colcon_meta']
[4.478s] Level 1:colcon.colcon_core.package_identification:_identify(tools) by extension 'colcon_meta'
[4.478s] Level 1:colcon.colcon_core.package_identification:_identify(tools) by extensions ['ros']
[4.478s] Level 1:colcon.colcon_core.package_identification:_identify(tools) by extension 'ros'
[4.478s] Level 1:colcon.colcon_core.package_identification:_identify(tools) by extensions ['cmake', 'python']
[4.479s] Level 1:colcon.colcon_core.package_identification:_identify(tools) by extension 'cmake'
[4.479s] Level 1:colcon.colcon_core.package_identification:_identify(tools) by extension 'python'
[4.479s] Level 1:colcon.colcon_core.package_identification:_identify(tools) by extensions ['python_setup_py']
[4.479s] Level 1:colcon.colcon_core.package_identification:_identify(tools) by extension 'python_setup_py'
[4.479s] Level 1:colcon.colcon_core.package_identification:_identify(tools/__pycache__) by extensions ['ignore', 'ignore_ament_install']
[4.480s] Level 1:colcon.colcon_core.package_identification:_identify(tools/__pycache__) by extension 'ignore'
[4.480s] Level 1:colcon.colcon_core.package_identification:_identify(tools/__pycache__) by extension 'ignore_ament_install'
[4.480s] Level 1:colcon.colcon_core.package_identification:_identify(tools/__pycache__) by extensions ['colcon_pkg']
[4.480s] Level 1:colcon.colcon_core.package_identification:_identify(tools/__pycache__) by extension 'colcon_pkg'
[4.480s] Level 1:colcon.colcon_core.package_identification:_identify(tools/__pycache__) by extensions ['colcon_meta']
[4.480s] Level 1:colcon.colcon_core.package_identification:_identify(tools/__pycache__) by extension 'colcon_meta'
[4.480s] Level 1:colcon.colcon_core.package_identification:_identify(tools/__pycache__) by extensions ['ros']
[4.481s] Level 1:colcon.colcon_core.package_identification:_identify(tools/__pycache__) by extension 'ros'
[4.481s] Level 1:colcon.colcon_core.package_identification:_identify(tools/__pycache__) by extensions ['cmake', 'python']
[4.481s] Level 1:colcon.colcon_core.package_identification:_identify(tools/__pycache__) by extension 'cmake'
[4.481s] Level 1:colcon.colcon_core.package_identification:_identify(tools/__pycache__) by extension 'python'
[4.481s] Level 1:colcon.colcon_core.package_identification:_identify(tools/__pycache__) by extensions ['python_setup_py']
[4.481s] Level 1:colcon.colcon_core.package_identification:_identify(tools/__pycache__) by extension 'python_setup_py'
[4.481s] Level 1:colcon.colcon_core.package_discovery:discover_packages(recursive) using defaults
[4.482s] Level 1:colcon.colcon_core.package_discovery:discover_packages(ignore) discover
[4.482s] Level 1:colcon.colcon_core.package_discovery:discover_packages(ignore) using defaults
[4.482s] Level 1:colcon.colcon_core.package_discovery:discover_packages(path) discover
[4.482s] Level 1:colcon.colcon_core.package_discovery:discover_packages(path) using defaults
[4.573s] INFO:colcon.colcon_core.package_selection:Skipping not selected package 'alicia_d_calibration' in 'src/alicia_d_calibration'
[4.573s] INFO:colcon.colcon_core.package_selection:Skipping not selected package 'alicia_d_cube_sort' in 'src/alicia_d_cube_sort'
[4.574s] INFO:colcon.colcon_core.package_selection:Skipping not selected package 'alicia_d_descriptions' in 'src/alicia_d_descriptions'
[4.574s] INFO:colcon.colcon_core.package_selection:Skipping not selected package 'alicia_d_driver' in 'src/alicia_d_driver'
[4.574s] INFO:colcon.colcon_core.package_selection:Skipping not selected package 'alicia_d_arm_motion' in 'src/alicia_d_arm_motion'
[4.574s] INFO:colcon.colcon_core.package_selection:Skipping not selected package 'alicia_d_moveit' in 'src/alicia_d_moveit'
[4.574s] INFO:colcon.colcon_core.package_selection:Skipping not selected package 'alicia_d_pick_coordinator' in 'src/alicia_d_pick_coordinator'
[4.574s] INFO:colcon.colcon_core.package_selection:Skipping not selected package 'alicia_d_thinkgrasp_bridge' in 'src/alicia_d_thinkgrasp_bridge'
[4.576s] Level 1:colcon.colcon_core.package_discovery:discover_packages(prefix_path) check parameters
[4.577s] Level 1:colcon.colcon_core.package_discovery:discover_packages(prefix_path) discover
[4.588s] DEBUG:colcon.colcon_installed_package_information.package_discovery:Found 383 installed packages in /opt/ros/humble
[4.593s] Level 1:colcon.colcon_core.package_discovery:discover_packages(prefix_path) using defaults
[4.717s] Level 5:colcon.colcon_core.verb:set package 'alicia_d_control_interfaces' build argument 'cmake_args' from command line to 'None'
[4.717s] Level 5:colcon.colcon_core.verb:set package 'alicia_d_control_interfaces' build argument 'cmake_target' from command line to 'None'
[4.717s] Level 5:colcon.colcon_core.verb:set package 'alicia_d_control_interfaces' build argument 'cmake_target_skip_unavailable' from command line to 'False'
[4.717s] Level 5:colcon.colcon_core.verb:set package 'alicia_d_control_interfaces' build argument 'cmake_clean_cache' from command line to 'False'
[4.717s] Level 5:colcon.colcon_core.verb:set package 'alicia_d_control_interfaces' build argument 'cmake_clean_first' from command line to 'False'
[4.717s] Level 5:colcon.colcon_core.verb:set package 'alicia_d_control_interfaces' build argument 'cmake_force_configure' from command line to 'False'
[4.718s] Level 5:colcon.colcon_core.verb:set package 'alicia_d_control_interfaces' build argument 'ament_cmake_args' from command line to 'None'
[4.718s] Level 5:colcon.colcon_core.verb:set package 'alicia_d_control_interfaces' build argument 'catkin_cmake_args' from command line to 'None'
[4.718s] Level 5:colcon.colcon_core.verb:set package 'alicia_d_control_interfaces' build argument 'catkin_skip_building_tests' from command line to 'False'
[4.718s] DEBUG:colcon.colcon_core.verb:Building package 'alicia_d_control_interfaces' with the following arguments: {'ament_cmake_args': None, 'build_base': '/home/Projects/HET/alicia_ws/build/alicia_d_control_interfaces', 'catkin_cmake_args': None, 'catkin_skip_building_tests': False, 'cmake_args': None, 'cmake_clean_cache': False, 'cmake_clean_first': False, 'cmake_force_configure': False, 'cmake_target': None, 'cmake_target_skip_unavailable': False, 'install_base': '/home/Projects/HET/alicia_ws/install/alicia_d_control_interfaces', 'merge_install': False, 'path': '/home/Projects/HET/alicia_ws/src/alicia_d_control_interfaces', 'symlink_install': False, 'test_result_base': None}
[4.719s] Level 5:colcon.colcon_core.verb:set package 'alicia_d_sts_gripper' build argument 'cmake_args' from command line to 'None'
[4.719s] Level 5:colcon.colcon_core.verb:set package 'alicia_d_sts_gripper' build argument 'cmake_target' from command line to 'None'
[4.720s] Level 5:colcon.colcon_core.verb:set package 'alicia_d_sts_gripper' build argument 'cmake_target_skip_unavailable' from command line to 'False'
[4.720s] Level 5:colcon.colcon_core.verb:set package 'alicia_d_sts_gripper' build argument 'cmake_clean_cache' from command line to 'False'
[4.720s] Level 5:colcon.colcon_core.verb:set package 'alicia_d_sts_gripper' build argument 'cmake_clean_first' from command line to 'False'
[4.720s] Level 5:colcon.colcon_core.verb:set package 'alicia_d_sts_gripper' build argument 'cmake_force_configure' from command line to 'False'
[4.720s] Level 5:colcon.colcon_core.verb:set package 'alicia_d_sts_gripper' build argument 'ament_cmake_args' from command line to 'None'
[4.720s] Level 5:colcon.colcon_core.verb:set package 'alicia_d_sts_gripper' build argument 'catkin_cmake_args' from command line to 'None'
[4.720s] Level 5:colcon.colcon_core.verb:set package 'alicia_d_sts_gripper' build argument 'catkin_skip_building_tests' from command line to 'False'
[4.720s] DEBUG:colcon.colcon_core.verb:Building package 'alicia_d_sts_gripper' with the following arguments: {'ament_cmake_args': None, 'build_base': '/home/Projects/HET/alicia_ws/build/alicia_d_sts_gripper', 'catkin_cmake_args': None, 'catkin_skip_building_tests': False, 'cmake_args': None, 'cmake_clean_cache': False, 'cmake_clean_first': False, 'cmake_force_configure': False, 'cmake_target': None, 'cmake_target_skip_unavailable': False, 'install_base': '/home/Projects/HET/alicia_ws/install/alicia_d_sts_gripper', 'merge_install': False, 'path': '/home/Projects/HET/alicia_ws/src/alicia_d_sts_gripper', 'symlink_install': False, 'test_result_base': None}
[4.721s] INFO:colcon.colcon_core.executor:Executing jobs using 'parallel' executor
[4.724s] DEBUG:colcon.colcon_parallel_executor.executor.parallel:run_until_complete
[4.726s] INFO:colcon.colcon_ros.task.ament_cmake.build:Building ROS package in '/home/Projects/HET/alicia_ws/src/alicia_d_control_interfaces' with build type 'ament_cmake'
[4.726s] INFO:colcon.colcon_cmake.task.cmake.build:Building CMake package in '/home/Projects/HET/alicia_ws/src/alicia_d_control_interfaces'
[4.736s] INFO:colcon.colcon_core.plugin_system:Skipping extension 'colcon_core.shell.bat': Not used on non-Windows systems
[4.736s] INFO:colcon.colcon_core.shell:Skip shell extension 'powershell' for command environment: Not usable outside of PowerShell
[4.736s] DEBUG:colcon.colcon_core.shell:Skip shell extension 'dsv' for command environment
[4.759s] DEBUG:colcon.colcon_core.event_handler.log_command:Invoking command in '/home/Projects/HET/alicia_ws/build/alicia_d_control_interfaces': CMAKE_PREFIX_PATH=/opt/ros/humble /usr/bin/cmake --build /home/Projects/HET/alicia_ws/build/alicia_d_control_interfaces -- -j20 -l20
[46.353s] DEBUG:colcon.colcon_core.event_handler.log_command:Invoked command in '/home/Projects/HET/alicia_ws/build/alicia_d_control_interfaces' returned '0': CMAKE_PREFIX_PATH=/opt/ros/humble /usr/bin/cmake --build /home/Projects/HET/alicia_ws/build/alicia_d_control_interfaces -- -j20 -l20
[46.380s] DEBUG:colcon.colcon_core.event_handler.log_command:Invoking command in '/home/Projects/HET/alicia_ws/build/alicia_d_control_interfaces': CMAKE_PREFIX_PATH=/opt/ros/humble /usr/bin/cmake --install /home/Projects/HET/alicia_ws/build/alicia_d_control_interfaces
[46.885s] Level 1:colcon.colcon_core.environment:create_environment_scripts_only(alicia_d_control_interfaces)
[46.894s] DEBUG:colcon.colcon_core.event_handler.log_command:Invoked command in '/home/Projects/HET/alicia_ws/build/alicia_d_control_interfaces' returned '0': CMAKE_PREFIX_PATH=/opt/ros/humble /usr/bin/cmake --install /home/Projects/HET/alicia_ws/build/alicia_d_control_interfaces
[46.902s] Level 1:colcon.colcon_core.environment:checking '/home/Projects/HET/alicia_ws/install/alicia_d_control_interfaces' for CMake module files
[46.903s] Level 1:colcon.colcon_core.environment:checking '/home/Projects/HET/alicia_ws/install/alicia_d_control_interfaces' for CMake config files
[46.904s] Level 1:colcon.colcon_core.shell:create_environment_hook('alicia_d_control_interfaces', 'cmake_prefix_path')
[46.905s] INFO:colcon.colcon_core.shell:Creating environment hook '/home/Projects/HET/alicia_ws/install/alicia_d_control_interfaces/share/alicia_d_control_interfaces/hook/cmake_prefix_path.ps1'
[46.908s] INFO:colcon.colcon_core.shell:Creating environment descriptor '/home/Projects/HET/alicia_ws/install/alicia_d_control_interfaces/share/alicia_d_control_interfaces/hook/cmake_prefix_path.dsv'
[46.909s] INFO:colcon.colcon_core.shell:Creating environment hook '/home/Projects/HET/alicia_ws/install/alicia_d_control_interfaces/share/alicia_d_control_interfaces/hook/cmake_prefix_path.sh'
[46.912s] Level 1:colcon.colcon_core.environment:checking '/home/Projects/HET/alicia_ws/install/alicia_d_control_interfaces/lib'
[46.912s] Level 1:colcon.colcon_core.shell:create_environment_hook('alicia_d_control_interfaces', 'ld_library_path_lib')
[46.913s] INFO:colcon.colcon_core.shell:Creating environment hook '/home/Projects/HET/alicia_ws/install/alicia_d_control_interfaces/share/alicia_d_control_interfaces/hook/ld_library_path_lib.ps1'
[46.914s] INFO:colcon.colcon_core.shell:Creating environment descriptor '/home/Projects/HET/alicia_ws/install/alicia_d_control_interfaces/share/alicia_d_control_interfaces/hook/ld_library_path_lib.dsv'
[46.916s] INFO:colcon.colcon_core.shell:Creating environment hook '/home/Projects/HET/alicia_ws/install/alicia_d_control_interfaces/share/alicia_d_control_interfaces/hook/ld_library_path_lib.sh'
[46.918s] Level 1:colcon.colcon_core.environment:checking '/home/Projects/HET/alicia_ws/install/alicia_d_control_interfaces/bin'
[46.918s] Level 1:colcon.colcon_core.environment:checking '/home/Projects/HET/alicia_ws/install/alicia_d_control_interfaces/lib/pkgconfig/alicia_d_control_interfaces.pc'
[46.919s] Level 1:colcon.colcon_core.environment:checking '/home/Projects/HET/alicia_ws/install/alicia_d_control_interfaces/lib/python3.10/site-packages'
[46.920s] Level 1:colcon.colcon_core.environment:checking '/home/Projects/HET/alicia_ws/install/alicia_d_control_interfaces/bin'
[46.921s] INFO:colcon.colcon_core.shell:Creating package script '/home/Projects/HET/alicia_ws/install/alicia_d_control_interfaces/share/alicia_d_control_interfaces/package.ps1'
[46.924s] INFO:colcon.colcon_core.shell:Creating package descriptor '/home/Projects/HET/alicia_ws/install/alicia_d_control_interfaces/share/alicia_d_control_interfaces/package.dsv'
[46.926s] INFO:colcon.colcon_core.shell:Creating package script '/home/Projects/HET/alicia_ws/install/alicia_d_control_interfaces/share/alicia_d_control_interfaces/package.sh'
[46.929s] INFO:colcon.colcon_core.shell:Creating package script '/home/Projects/HET/alicia_ws/install/alicia_d_control_interfaces/share/alicia_d_control_interfaces/package.bash'
[46.931s] INFO:colcon.colcon_core.shell:Creating package script '/home/Projects/HET/alicia_ws/install/alicia_d_control_interfaces/share/alicia_d_control_interfaces/package.zsh'
[46.933s] Level 1:colcon.colcon_core.environment:create_file_with_runtime_dependencies(/home/Projects/HET/alicia_ws/install/alicia_d_control_interfaces/share/colcon-core/packages/alicia_d_control_interfaces)
[46.935s] Level 1:colcon.colcon_core.environment:create_environment_scripts_only(alicia_d_control_interfaces)
[46.936s] Level 1:colcon.colcon_core.environment:checking '/home/Projects/HET/alicia_ws/install/alicia_d_control_interfaces' for CMake module files
[46.937s] Level 1:colcon.colcon_core.environment:checking '/home/Projects/HET/alicia_ws/install/alicia_d_control_interfaces' for CMake config files
[46.937s] Level 1:colcon.colcon_core.shell:create_environment_hook('alicia_d_control_interfaces', 'cmake_prefix_path')
[46.939s] INFO:colcon.colcon_core.shell:Creating environment hook '/home/Projects/HET/alicia_ws/install/alicia_d_control_interfaces/share/alicia_d_control_interfaces/hook/cmake_prefix_path.ps1'
[46.940s] INFO:colcon.colcon_core.shell:Creating environment descriptor '/home/Projects/HET/alicia_ws/install/alicia_d_control_interfaces/share/alicia_d_control_interfaces/hook/cmake_prefix_path.dsv'
[46.941s] INFO:colcon.colcon_core.shell:Creating environment hook '/home/Projects/HET/alicia_ws/install/alicia_d_control_interfaces/share/alicia_d_control_interfaces/hook/cmake_prefix_path.sh'
[46.942s] Level 1:colcon.colcon_core.environment:checking '/home/Projects/HET/alicia_ws/install/alicia_d_control_interfaces/lib'
[46.942s] Level 1:colcon.colcon_core.shell:create_environment_hook('alicia_d_control_interfaces', 'ld_library_path_lib')
[46.943s] INFO:colcon.colcon_core.shell:Creating environment hook '/home/Projects/HET/alicia_ws/install/alicia_d_control_interfaces/share/alicia_d_control_interfaces/hook/ld_library_path_lib.ps1'
[46.944s] INFO:colcon.colcon_core.shell:Creating environment descriptor '/home/Projects/HET/alicia_ws/install/alicia_d_control_interfaces/share/alicia_d_control_interfaces/hook/ld_library_path_lib.dsv'
[46.946s] INFO:colcon.colcon_core.shell:Creating environment hook '/home/Projects/HET/alicia_ws/install/alicia_d_control_interfaces/share/alicia_d_control_interfaces/hook/ld_library_path_lib.sh'
[46.947s] Level 1:colcon.colcon_core.environment:checking '/home/Projects/HET/alicia_ws/install/alicia_d_control_interfaces/bin'
[46.948s] Level 1:colcon.colcon_core.environment:checking '/home/Projects/HET/alicia_ws/install/alicia_d_control_interfaces/lib/pkgconfig/alicia_d_control_interfaces.pc'
[46.948s] Level 1:colcon.colcon_core.environment:checking '/home/Projects/HET/alicia_ws/install/alicia_d_control_interfaces/lib/python3.10/site-packages'
[46.949s] Level 1:colcon.colcon_core.environment:checking '/home/Projects/HET/alicia_ws/install/alicia_d_control_interfaces/bin'
[46.950s] INFO:colcon.colcon_core.shell:Creating package script '/home/Projects/HET/alicia_ws/install/alicia_d_control_interfaces/share/alicia_d_control_interfaces/package.ps1'
[46.952s] INFO:colcon.colcon_core.shell:Creating package descriptor '/home/Projects/HET/alicia_ws/install/alicia_d_control_interfaces/share/alicia_d_control_interfaces/package.dsv'
[46.954s] INFO:colcon.colcon_core.shell:Creating package script '/home/Projects/HET/alicia_ws/install/alicia_d_control_interfaces/share/alicia_d_control_interfaces/package.sh'
[46.956s] INFO:colcon.colcon_core.shell:Creating package script '/home/Projects/HET/alicia_ws/install/alicia_d_control_interfaces/share/alicia_d_control_interfaces/package.bash'
[46.957s] INFO:colcon.colcon_core.shell:Creating package script '/home/Projects/HET/alicia_ws/install/alicia_d_control_interfaces/share/alicia_d_control_interfaces/package.zsh'
[46.958s] Level 1:colcon.colcon_core.environment:create_file_with_runtime_dependencies(/home/Projects/HET/alicia_ws/install/alicia_d_control_interfaces/share/colcon-core/packages/alicia_d_control_interfaces)
[46.960s] INFO:colcon.colcon_ros.task.ament_cmake.build:Building ROS package in '/home/Projects/HET/alicia_ws/src/alicia_d_sts_gripper' with build type 'ament_cmake'
[46.960s] INFO:colcon.colcon_cmake.task.cmake.build:Building CMake package in '/home/Projects/HET/alicia_ws/src/alicia_d_sts_gripper'
[46.961s] INFO:colcon.colcon_core.shell:Skip shell extension 'powershell' for command environment: Not usable outside of PowerShell
[46.962s] DEBUG:colcon.colcon_core.shell:Skip shell extension 'dsv' for command environment
[49.059s] DEBUG:colcon.colcon_core.event_handler.log_command:Invoking command in '/home/Projects/HET/alicia_ws/build/alicia_d_sts_gripper': AMENT_PREFIX_PATH=/home/Projects/HET/alicia_ws/install/alicia_d_control_interfaces:${AMENT_PREFIX_PATH} CMAKE_PREFIX_PATH=/home/Projects/HET/alicia_ws/install/alicia_d_control_interfaces:/opt/ros/humble LD_LIBRARY_PATH=/home/Projects/HET/alicia_ws/install/alicia_d_control_interfaces/lib:${LD_LIBRARY_PATH} PYTHONPATH=/home/Projects/HET/alicia_ws/install/alicia_d_control_interfaces/local/lib/python3.10/dist-packages:${PYTHONPATH} /usr/bin/cmake --build /home/Projects/HET/alicia_ws/build/alicia_d_sts_gripper -- -j20 -l20
[49.951s] DEBUG:colcon.colcon_core.event_handler.log_command:Invoked command in '/home/Projects/HET/alicia_ws/build/alicia_d_sts_gripper' returned '0': AMENT_PREFIX_PATH=/home/Projects/HET/alicia_ws/install/alicia_d_control_interfaces:${AMENT_PREFIX_PATH} CMAKE_PREFIX_PATH=/home/Projects/HET/alicia_ws/install/alicia_d_control_interfaces:/opt/ros/humble LD_LIBRARY_PATH=/home/Projects/HET/alicia_ws/install/alicia_d_control_interfaces/lib:${LD_LIBRARY_PATH} PYTHONPATH=/home/Projects/HET/alicia_ws/install/alicia_d_control_interfaces/local/lib/python3.10/dist-packages:${PYTHONPATH} /usr/bin/cmake --build /home/Projects/HET/alicia_ws/build/alicia_d_sts_gripper -- -j20 -l20
[49.956s] DEBUG:colcon.colcon_core.event_handler.log_command:Invoking command in '/home/Projects/HET/alicia_ws/build/alicia_d_sts_gripper': AMENT_PREFIX_PATH=/home/Projects/HET/alicia_ws/install/alicia_d_control_interfaces:${AMENT_PREFIX_PATH} CMAKE_PREFIX_PATH=/home/Projects/HET/alicia_ws/install/alicia_d_control_interfaces:/opt/ros/humble LD_LIBRARY_PATH=/home/Projects/HET/alicia_ws/install/alicia_d_control_interfaces/lib:${LD_LIBRARY_PATH} PYTHONPATH=/home/Projects/HET/alicia_ws/install/alicia_d_control_interfaces/local/lib/python3.10/dist-packages:${PYTHONPATH} /usr/bin/cmake --install /home/Projects/HET/alicia_ws/build/alicia_d_sts_gripper
[50.088s] Level 1:colcon.colcon_core.environment:create_environment_scripts_only(alicia_d_sts_gripper)
[50.089s] Level 1:colcon.colcon_core.environment:checking '/home/Projects/HET/alicia_ws/install/alicia_d_sts_gripper' for CMake module files
[50.094s] DEBUG:colcon.colcon_core.event_handler.log_command:Invoked command in '/home/Projects/HET/alicia_ws/build/alicia_d_sts_gripper' returned '0': AMENT_PREFIX_PATH=/home/Projects/HET/alicia_ws/install/alicia_d_control_interfaces:${AMENT_PREFIX_PATH} CMAKE_PREFIX_PATH=/home/Projects/HET/alicia_ws/install/alicia_d_control_interfaces:/opt/ros/humble LD_LIBRARY_PATH=/home/Projects/HET/alicia_ws/install/alicia_d_control_interfaces/lib:${LD_LIBRARY_PATH} PYTHONPATH=/home/Projects/HET/alicia_ws/install/alicia_d_control_interfaces/local/lib/python3.10/dist-packages:${PYTHONPATH} /usr/bin/cmake --install /home/Projects/HET/alicia_ws/build/alicia_d_sts_gripper
[50.095s] Level 1:colcon.colcon_core.environment:checking '/home/Projects/HET/alicia_ws/install/alicia_d_sts_gripper' for CMake config files
[50.096s] Level 1:colcon.colcon_core.shell:create_environment_hook('alicia_d_sts_gripper', 'cmake_prefix_path')
[50.096s] INFO:colcon.colcon_core.shell:Creating environment hook '/home/Projects/HET/alicia_ws/install/alicia_d_sts_gripper/share/alicia_d_sts_gripper/hook/cmake_prefix_path.ps1'
[50.098s] INFO:colcon.colcon_core.shell:Creating environment descriptor '/home/Projects/HET/alicia_ws/install/alicia_d_sts_gripper/share/alicia_d_sts_gripper/hook/cmake_prefix_path.dsv'
[50.099s] INFO:colcon.colcon_core.shell:Creating environment hook '/home/Projects/HET/alicia_ws/install/alicia_d_sts_gripper/share/alicia_d_sts_gripper/hook/cmake_prefix_path.sh'
[50.101s] Level 1:colcon.colcon_core.environment:checking '/home/Projects/HET/alicia_ws/install/alicia_d_sts_gripper/lib'
[50.101s] Level 1:colcon.colcon_core.environment:checking '/home/Projects/HET/alicia_ws/install/alicia_d_sts_gripper/bin'
[50.101s] Level 1:colcon.colcon_core.environment:checking '/home/Projects/HET/alicia_ws/install/alicia_d_sts_gripper/lib/pkgconfig/alicia_d_sts_gripper.pc'
[50.102s] Level 1:colcon.colcon_core.environment:checking '/home/Projects/HET/alicia_ws/install/alicia_d_sts_gripper/lib/python3.10/site-packages'
[50.102s] Level 1:colcon.colcon_core.environment:checking '/home/Projects/HET/alicia_ws/install/alicia_d_sts_gripper/bin'
[50.103s] INFO:colcon.colcon_core.shell:Creating package script '/home/Projects/HET/alicia_ws/install/alicia_d_sts_gripper/share/alicia_d_sts_gripper/package.ps1'
[50.104s] INFO:colcon.colcon_core.shell:Creating package descriptor '/home/Projects/HET/alicia_ws/install/alicia_d_sts_gripper/share/alicia_d_sts_gripper/package.dsv'
[50.106s] INFO:colcon.colcon_core.shell:Creating package script '/home/Projects/HET/alicia_ws/install/alicia_d_sts_gripper/share/alicia_d_sts_gripper/package.sh'
[50.107s] INFO:colcon.colcon_core.shell:Creating package script '/home/Projects/HET/alicia_ws/install/alicia_d_sts_gripper/share/alicia_d_sts_gripper/package.bash'
[50.108s] INFO:colcon.colcon_core.shell:Creating package script '/home/Projects/HET/alicia_ws/install/alicia_d_sts_gripper/share/alicia_d_sts_gripper/package.zsh'
[50.109s] Level 1:colcon.colcon_core.environment:create_file_with_runtime_dependencies(/home/Projects/HET/alicia_ws/install/alicia_d_sts_gripper/share/colcon-core/packages/alicia_d_sts_gripper)
[50.111s] Level 1:colcon.colcon_core.environment:create_environment_scripts_only(alicia_d_sts_gripper)
[50.112s] Level 1:colcon.colcon_core.environment:checking '/home/Projects/HET/alicia_ws/install/alicia_d_sts_gripper' for CMake module files
[50.114s] Level 1:colcon.colcon_core.environment:checking '/home/Projects/HET/alicia_ws/install/alicia_d_sts_gripper' for CMake config files
[50.114s] Level 1:colcon.colcon_core.shell:create_environment_hook('alicia_d_sts_gripper', 'cmake_prefix_path')
[50.115s] INFO:colcon.colcon_core.shell:Creating environment hook '/home/Projects/HET/alicia_ws/install/alicia_d_sts_gripper/share/alicia_d_sts_gripper/hook/cmake_prefix_path.ps1'
[50.116s] INFO:colcon.colcon_core.shell:Creating environment descriptor '/home/Projects/HET/alicia_ws/install/alicia_d_sts_gripper/share/alicia_d_sts_gripper/hook/cmake_prefix_path.dsv'
[50.117s] INFO:colcon.colcon_core.shell:Creating environment hook '/home/Projects/HET/alicia_ws/install/alicia_d_sts_gripper/share/alicia_d_sts_gripper/hook/cmake_prefix_path.sh'
[50.118s] Level 1:colcon.colcon_core.environment:checking '/home/Projects/HET/alicia_ws/install/alicia_d_sts_gripper/lib'
[50.118s] Level 1:colcon.colcon_core.environment:checking '/home/Projects/HET/alicia_ws/install/alicia_d_sts_gripper/bin'
[50.118s] Level 1:colcon.colcon_core.environment:checking '/home/Projects/HET/alicia_ws/install/alicia_d_sts_gripper/lib/pkgconfig/alicia_d_sts_gripper.pc'
[50.120s] Level 1:colcon.colcon_core.environment:checking '/home/Projects/HET/alicia_ws/install/alicia_d_sts_gripper/lib/python3.10/site-packages'
[50.121s] Level 1:colcon.colcon_core.environment:checking '/home/Projects/HET/alicia_ws/install/alicia_d_sts_gripper/bin'
[50.122s] INFO:colcon.colcon_core.shell:Creating package script '/home/Projects/HET/alicia_ws/install/alicia_d_sts_gripper/share/alicia_d_sts_gripper/package.ps1'
[50.123s] INFO:colcon.colcon_core.shell:Creating package descriptor '/home/Projects/HET/alicia_ws/install/alicia_d_sts_gripper/share/alicia_d_sts_gripper/package.dsv'
[50.125s] INFO:colcon.colcon_core.shell:Creating package script '/home/Projects/HET/alicia_ws/install/alicia_d_sts_gripper/share/alicia_d_sts_gripper/package.sh'
[50.126s] INFO:colcon.colcon_core.shell:Creating package script '/home/Projects/HET/alicia_ws/install/alicia_d_sts_gripper/share/alicia_d_sts_gripper/package.bash'
[50.127s] INFO:colcon.colcon_core.shell:Creating package script '/home/Projects/HET/alicia_ws/install/alicia_d_sts_gripper/share/alicia_d_sts_gripper/package.zsh'
[50.128s] Level 1:colcon.colcon_core.environment:create_file_with_runtime_dependencies(/home/Projects/HET/alicia_ws/install/alicia_d_sts_gripper/share/colcon-core/packages/alicia_d_sts_gripper)
[50.129s] DEBUG:colcon.colcon_parallel_executor.executor.parallel:closing loop
[50.130s] DEBUG:colcon.colcon_parallel_executor.executor.parallel:loop closed
[50.130s] DEBUG:colcon.colcon_parallel_executor.executor.parallel:run_until_complete finished with '0'
[50.130s] DEBUG:colcon.colcon_core.event_reactor:joining thread
[51.233s] INFO:colcon.colcon_core.plugin_system:Skipping extension 'colcon_notification.desktop_notification.notify_send': Could not find 'notify-send'
[51.234s] INFO:colcon.colcon_core.plugin_system:Skipping extension 'colcon_notification.desktop_notification.terminal_notifier': Not used on non-Darwin systems
[51.234s] INFO:colcon.colcon_core.plugin_system:Skipping extension 'colcon_notification.desktop_notification.win32': Not used on non-Windows systems
[51.234s] INFO:colcon.colcon_notification.desktop_notification:Sending desktop notification using 'notify2'
[51.235s] DEBUG:colcon.colcon_notification.desktop_notification.notify2:Failed to initialize notify2: org.freedesktop.DBus.Error.AccessDenied: Failed to connect to socket /run/user/0/bus: Operation not permitted
[51.236s] DEBUG:colcon.colcon_core.event_reactor:joined thread
[51.237s] INFO:colcon.colcon_core.shell:Creating prefix script '/home/Projects/HET/alicia_ws/install/local_setup.ps1'
[51.241s] INFO:colcon.colcon_core.shell:Creating prefix util module '/home/Projects/HET/alicia_ws/install/_local_setup_util_ps1.py'
[51.246s] INFO:colcon.colcon_core.shell:Creating prefix chain script '/home/Projects/HET/alicia_ws/install/setup.ps1'
[51.252s] INFO:colcon.colcon_core.shell:Creating prefix script '/home/Projects/HET/alicia_ws/install/local_setup.sh'
[51.254s] INFO:colcon.colcon_core.shell:Creating prefix util module '/home/Projects/HET/alicia_ws/install/_local_setup_util_sh.py'
[51.257s] INFO:colcon.colcon_core.shell:Creating prefix chain script '/home/Projects/HET/alicia_ws/install/setup.sh'
[51.261s] INFO:colcon.colcon_core.shell:Creating prefix script '/home/Projects/HET/alicia_ws/install/local_setup.bash'
[51.263s] INFO:colcon.colcon_core.shell:Creating prefix chain script '/home/Projects/HET/alicia_ws/install/setup.bash'
[51.267s] INFO:colcon.colcon_core.shell:Creating prefix script '/home/Projects/HET/alicia_ws/install/local_setup.zsh'
[51.269s] INFO:colcon.colcon_core.shell:Creating prefix chain script '/home/Projects/HET/alicia_ws/install/setup.zsh'
