[1.551s] DEBUG:colcon:Command line arguments: ['/usr/bin/colcon', 'build']
[1.551s] DEBUG:colcon:Parsed command line arguments: Namespace(log_base=None, log_level=None, verb_name='build', build_base='build', install_base='install', merge_install=False, symlink_install=False, test_result_base=None, continue_on_error=False, executor='parallel', parallel_workers=20, event_handlers=None, ignore_user_meta=False, metas=['./colcon.meta'], base_paths=['.'], packages_ignore=None, packages_ignore_regex=None, paths=None, packages_up_to=None, packages_up_to_regex=None, packages_above=None, packages_above_and_dependencies=None, packages_above_depth=None, packages_select_by_dep=None, packages_skip_by_dep=None, packages_skip_up_to=None, packages_select_build_failed=False, packages_skip_build_finished=False, packages_select_test_failures=False, packages_skip_test_passed=False, packages_select=None, packages_skip=None, packages_select_regex=None, packages_skip_regex=None, packages_start=None, packages_end=None, allow_overriding=[], cmake_args=None, cmake_target=None, cmake_target_skip_unavailable=False, cmake_clean_cache=False, cmake_clean_first=False, cmake_force_configure=False, ament_cmake_args=None, catkin_cmake_args=None, catkin_skip_building_tests=False, verb_parser=<colcon_defaults.argument_parser.defaults.DefaultArgumentsDecorator object at 0x7d21f9817c70>, verb_extension=<colcon_core.verb.build.BuildVerb object at 0x7d21f9817760>, main=<bound method BuildVerb.main of <colcon_core.verb.build.BuildVerb object at 0x7d21f9817760>>)
[1.870s] Level 1:colcon.colcon_core.package_discovery:discover_packages(colcon_meta) check parameters
[1.870s] Level 1:colcon.colcon_core.package_discovery:discover_packages(recursive) check parameters
[1.870s] Level 1:colcon.colcon_core.package_discovery:discover_packages(ignore) check parameters
[1.870s] Level 1:colcon.colcon_core.package_discovery:discover_packages(path) check parameters
[1.870s] Level 1:colcon.colcon_core.package_discovery:discover_packages(colcon_meta) discover
[1.871s] Level 1:colcon.colcon_core.package_discovery:discover_packages(recursive) discover
[1.871s] INFO:colcon.colcon_core.package_discovery:Crawling recursively for packages in '/home/Projects/HET/alicia_ws'
[1.871s] Level 1:colcon.colcon_core.package_identification:_identify(.) by extensions ['ignore', 'ignore_ament_install']
[1.871s] Level 1:colcon.colcon_core.package_identification:_identify(.) by extension 'ignore'
[1.871s] Level 1:colcon.colcon_core.package_identification:_identify(.) by extension 'ignore_ament_install'
[1.872s] Level 1:colcon.colcon_core.package_identification:_identify(.) by extensions ['colcon_pkg']
[1.872s] Level 1:colcon.colcon_core.package_identification:_identify(.) by extension 'colcon_pkg'
[1.872s] Level 1:colcon.colcon_core.package_identification:_identify(.) by extensions ['colcon_meta']
[1.872s] Level 1:colcon.colcon_core.package_identification:_identify(.) by extension 'colcon_meta'
[1.872s] Level 1:colcon.colcon_core.package_identification:_identify(.) by extensions ['ros']
[1.872s] Level 1:colcon.colcon_core.package_identification:_identify(.) by extension 'ros'
[1.898s] Level 1:colcon.colcon_core.package_identification:_identify(.) by extensions ['cmake', 'python']
[1.898s] Level 1:colcon.colcon_core.package_identification:_identify(.) by extension 'cmake'
[1.899s] Level 1:colcon.colcon_core.package_identification:_identify(.) by extension 'python'
[1.899s] Level 1:colcon.colcon_core.package_identification:_identify(.) by extensions ['python_setup_py']
[1.899s] Level 1:colcon.colcon_core.package_identification:_identify(.) by extension 'python_setup_py'
[1.899s] Level 1:colcon.colcon_core.package_identification:_identify(build) by extensions ['ignore', 'ignore_ament_install']
[1.899s] Level 1:colcon.colcon_core.package_identification:_identify(build) by extension 'ignore'
[1.899s] Level 1:colcon.colcon_core.package_identification:_identify(build) ignored
[1.900s] Level 1:colcon.colcon_core.package_identification:_identify(build_control2) by extensions ['ignore', 'ignore_ament_install']
[1.900s] Level 1:colcon.colcon_core.package_identification:_identify(build_control2) by extension 'ignore'
[1.900s] Level 1:colcon.colcon_core.package_identification:_identify(build_control2) ignored
[1.900s] Level 1:colcon.colcon_core.package_identification:_identify(experiment_logs) by extensions ['ignore', 'ignore_ament_install']
[1.900s] Level 1:colcon.colcon_core.package_identification:_identify(experiment_logs) by extension 'ignore'
[1.901s] Level 1:colcon.colcon_core.package_identification:_identify(experiment_logs) by extension 'ignore_ament_install'
[1.901s] Level 1:colcon.colcon_core.package_identification:_identify(experiment_logs) by extensions ['colcon_pkg']
[1.901s] Level 1:colcon.colcon_core.package_identification:_identify(experiment_logs) by extension 'colcon_pkg'
[1.901s] Level 1:colcon.colcon_core.package_identification:_identify(experiment_logs) by extensions ['colcon_meta']
[1.901s] Level 1:colcon.colcon_core.package_identification:_identify(experiment_logs) by extension 'colcon_meta'
[1.902s] Level 1:colcon.colcon_core.package_identification:_identify(experiment_logs) by extensions ['ros']
[1.902s] Level 1:colcon.colcon_core.package_identification:_identify(experiment_logs) by extension 'ros'
[1.902s] Level 1:colcon.colcon_core.package_identification:_identify(experiment_logs) by extensions ['cmake', 'python']
[1.902s] Level 1:colcon.colcon_core.package_identification:_identify(experiment_logs) by extension 'cmake'
[1.902s] Level 1:colcon.colcon_core.package_identification:_identify(experiment_logs) by extension 'python'
[1.903s] Level 1:colcon.colcon_core.package_identification:_identify(experiment_logs) by extensions ['python_setup_py']
[1.903s] Level 1:colcon.colcon_core.package_identification:_identify(experiment_logs) by extension 'python_setup_py'
[1.903s] Level 1:colcon.colcon_core.package_identification:_identify(experiment_logs/feedback_diagnostics) by extensions ['ignore', 'ignore_ament_install']
[1.903s] Level 1:colcon.colcon_core.package_identification:_identify(experiment_logs/feedback_diagnostics) by extension 'ignore'
[1.903s] Level 1:colcon.colcon_core.package_identification:_identify(experiment_logs/feedback_diagnostics) by extension 'ignore_ament_install'
[1.903s] Level 1:colcon.colcon_core.package_identification:_identify(experiment_logs/feedback_diagnostics) by extensions ['colcon_pkg']
[1.904s] Level 1:colcon.colcon_core.package_identification:_identify(experiment_logs/feedback_diagnostics) by extension 'colcon_pkg'
[1.904s] Level 1:colcon.colcon_core.package_identification:_identify(experiment_logs/feedback_diagnostics) by extensions ['colcon_meta']
[1.904s] Level 1:colcon.colcon_core.package_identification:_identify(experiment_logs/feedback_diagnostics) by extension 'colcon_meta'
[1.904s] Level 1:colcon.colcon_core.package_identification:_identify(experiment_logs/feedback_diagnostics) by extensions ['ros']
[1.904s] Level 1:colcon.colcon_core.package_identification:_identify(experiment_logs/feedback_diagnostics) by extension 'ros'
[1.904s] Level 1:colcon.colcon_core.package_identification:_identify(experiment_logs/feedback_diagnostics) by extensions ['cmake', 'python']
[1.904s] Level 1:colcon.colcon_core.package_identification:_identify(experiment_logs/feedback_diagnostics) by extension 'cmake'
[1.904s] Level 1:colcon.colcon_core.package_identification:_identify(experiment_logs/feedback_diagnostics) by extension 'python'
[1.904s] Level 1:colcon.colcon_core.package_identification:_identify(experiment_logs/feedback_diagnostics) by extensions ['python_setup_py']
[1.905s] Level 1:colcon.colcon_core.package_identification:_identify(experiment_logs/feedback_diagnostics) by extension 'python_setup_py'
[1.905s] Level 1:colcon.colcon_core.package_identification:_identify(experiment_logs/feedback_diagnostics/alicia_feedback_20260530_235550) by extensions ['ignore', 'ignore_ament_install']
[1.905s] Level 1:colcon.colcon_core.package_identification:_identify(experiment_logs/feedback_diagnostics/alicia_feedback_20260530_235550) by extension 'ignore'
[1.905s] Level 1:colcon.colcon_core.package_identification:_identify(experiment_logs/feedback_diagnostics/alicia_feedback_20260530_235550) by extension 'ignore_ament_install'
[1.906s] Level 1:colcon.colcon_core.package_identification:_identify(experiment_logs/feedback_diagnostics/alicia_feedback_20260530_235550) by extensions ['colcon_pkg']
[1.906s] Level 1:colcon.colcon_core.package_identification:_identify(experiment_logs/feedback_diagnostics/alicia_feedback_20260530_235550) by extension 'colcon_pkg'
[1.906s] Level 1:colcon.colcon_core.package_identification:_identify(experiment_logs/feedback_diagnostics/alicia_feedback_20260530_235550) by extensions ['colcon_meta']
[1.906s] Level 1:colcon.colcon_core.package_identification:_identify(experiment_logs/feedback_diagnostics/alicia_feedback_20260530_235550) by extension 'colcon_meta'
[1.906s] Level 1:colcon.colcon_core.package_identification:_identify(experiment_logs/feedback_diagnostics/alicia_feedback_20260530_235550) by extensions ['ros']
[1.906s] Level 1:colcon.colcon_core.package_identification:_identify(experiment_logs/feedback_diagnostics/alicia_feedback_20260530_235550) by extension 'ros'
[1.906s] Level 1:colcon.colcon_core.package_identification:_identify(experiment_logs/feedback_diagnostics/alicia_feedback_20260530_235550) by extensions ['cmake', 'python']
[1.906s] Level 1:colcon.colcon_core.package_identification:_identify(experiment_logs/feedback_diagnostics/alicia_feedback_20260530_235550) by extension 'cmake'
[1.907s] Level 1:colcon.colcon_core.package_identification:_identify(experiment_logs/feedback_diagnostics/alicia_feedback_20260530_235550) by extension 'python'
[1.907s] Level 1:colcon.colcon_core.package_identification:_identify(experiment_logs/feedback_diagnostics/alicia_feedback_20260530_235550) by extensions ['python_setup_py']
[1.907s] Level 1:colcon.colcon_core.package_identification:_identify(experiment_logs/feedback_diagnostics/alicia_feedback_20260530_235550) by extension 'python_setup_py'
[1.907s] Level 1:colcon.colcon_core.package_identification:_identify(experiment_logs/feedback_diagnostics/alicia_feedback_20260531_000949) by extensions ['ignore', 'ignore_ament_install']
[1.907s] Level 1:colcon.colcon_core.package_identification:_identify(experiment_logs/feedback_diagnostics/alicia_feedback_20260531_000949) by extension 'ignore'
[1.907s] Level 1:colcon.colcon_core.package_identification:_identify(experiment_logs/feedback_diagnostics/alicia_feedback_20260531_000949) by extension 'ignore_ament_install'
[1.908s] Level 1:colcon.colcon_core.package_identification:_identify(experiment_logs/feedback_diagnostics/alicia_feedback_20260531_000949) by extensions ['colcon_pkg']
[1.908s] Level 1:colcon.colcon_core.package_identification:_identify(experiment_logs/feedback_diagnostics/alicia_feedback_20260531_000949) by extension 'colcon_pkg'
[1.908s] Level 1:colcon.colcon_core.package_identification:_identify(experiment_logs/feedback_diagnostics/alicia_feedback_20260531_000949) by extensions ['colcon_meta']
[1.908s] Level 1:colcon.colcon_core.package_identification:_identify(experiment_logs/feedback_diagnostics/alicia_feedback_20260531_000949) by extension 'colcon_meta'
[1.908s] Level 1:colcon.colcon_core.package_identification:_identify(experiment_logs/feedback_diagnostics/alicia_feedback_20260531_000949) by extensions ['ros']
[1.908s] Level 1:colcon.colcon_core.package_identification:_identify(experiment_logs/feedback_diagnostics/alicia_feedback_20260531_000949) by extension 'ros'
[1.908s] Level 1:colcon.colcon_core.package_identification:_identify(experiment_logs/feedback_diagnostics/alicia_feedback_20260531_000949) by extensions ['cmake', 'python']
[1.908s] Level 1:colcon.colcon_core.package_identification:_identify(experiment_logs/feedback_diagnostics/alicia_feedback_20260531_000949) by extension 'cmake'
[1.908s] Level 1:colcon.colcon_core.package_identification:_identify(experiment_logs/feedback_diagnostics/alicia_feedback_20260531_000949) by extension 'python'
[1.908s] Level 1:colcon.colcon_core.package_identification:_identify(experiment_logs/feedback_diagnostics/alicia_feedback_20260531_000949) by extensions ['python_setup_py']
[1.909s] Level 1:colcon.colcon_core.package_identification:_identify(experiment_logs/feedback_diagnostics/alicia_feedback_20260531_000949) by extension 'python_setup_py'
[1.909s] Level 1:colcon.colcon_core.package_identification:_identify(experiment_logs/simulation) by extensions ['ignore', 'ignore_ament_install']
[1.909s] Level 1:colcon.colcon_core.package_identification:_identify(experiment_logs/simulation) by extension 'ignore'
[1.909s] Level 1:colcon.colcon_core.package_identification:_identify(experiment_logs/simulation) by extension 'ignore_ament_install'
[1.909s] Level 1:colcon.colcon_core.package_identification:_identify(experiment_logs/simulation) by extensions ['colcon_pkg']
[1.909s] Level 1:colcon.colcon_core.package_identification:_identify(experiment_logs/simulation) by extension 'colcon_pkg'
[1.909s] Level 1:colcon.colcon_core.package_identification:_identify(experiment_logs/simulation) by extensions ['colcon_meta']
[1.909s] Level 1:colcon.colcon_core.package_identification:_identify(experiment_logs/simulation) by extension 'colcon_meta'
[1.910s] Level 1:colcon.colcon_core.package_identification:_identify(experiment_logs/simulation) by extensions ['ros']
[1.910s] Level 1:colcon.colcon_core.package_identification:_identify(experiment_logs/simulation) by extension 'ros'
[1.910s] Level 1:colcon.colcon_core.package_identification:_identify(experiment_logs/simulation) by extensions ['cmake', 'python']
[1.910s] Level 1:colcon.colcon_core.package_identification:_identify(experiment_logs/simulation) by extension 'cmake'
[1.910s] Level 1:colcon.colcon_core.package_identification:_identify(experiment_logs/simulation) by extension 'python'
[1.910s] Level 1:colcon.colcon_core.package_identification:_identify(experiment_logs/simulation) by extensions ['python_setup_py']
[1.910s] Level 1:colcon.colcon_core.package_identification:_identify(experiment_logs/simulation) by extension 'python_setup_py'
[1.910s] Level 1:colcon.colcon_core.package_identification:_identify(experiment_logs/simulation/control_layer_20260530_222950) by extensions ['ignore', 'ignore_ament_install']
[1.911s] Level 1:colcon.colcon_core.package_identification:_identify(experiment_logs/simulation/control_layer_20260530_222950) by extension 'ignore'
[1.911s] Level 1:colcon.colcon_core.package_identification:_identify(experiment_logs/simulation/control_layer_20260530_222950) by extension 'ignore_ament_install'
[1.911s] Level 1:colcon.colcon_core.package_identification:_identify(experiment_logs/simulation/control_layer_20260530_222950) by extensions ['colcon_pkg']
[1.911s] Level 1:colcon.colcon_core.package_identification:_identify(experiment_logs/simulation/control_layer_20260530_222950) by extension 'colcon_pkg'
[1.911s] Level 1:colcon.colcon_core.package_identification:_identify(experiment_logs/simulation/control_layer_20260530_222950) by extensions ['colcon_meta']
[1.911s] Level 1:colcon.colcon_core.package_identification:_identify(experiment_logs/simulation/control_layer_20260530_222950) by extension 'colcon_meta'
[1.911s] Level 1:colcon.colcon_core.package_identification:_identify(experiment_logs/simulation/control_layer_20260530_222950) by extensions ['ros']
[1.911s] Level 1:colcon.colcon_core.package_identification:_identify(experiment_logs/simulation/control_layer_20260530_222950) by extension 'ros'
[1.911s] Level 1:colcon.colcon_core.package_identification:_identify(experiment_logs/simulation/control_layer_20260530_222950) by extensions ['cmake', 'python']
[1.912s] Level 1:colcon.colcon_core.package_identification:_identify(experiment_logs/simulation/control_layer_20260530_222950) by extension 'cmake'
[1.912s] Level 1:colcon.colcon_core.package_identification:_identify(experiment_logs/simulation/control_layer_20260530_222950) by extension 'python'
[1.912s] Level 1:colcon.colcon_core.package_identification:_identify(experiment_logs/simulation/control_layer_20260530_222950) by extensions ['python_setup_py']
[1.912s] Level 1:colcon.colcon_core.package_identification:_identify(experiment_logs/simulation/control_layer_20260530_222950) by extension 'python_setup_py'
[1.912s] Level 1:colcon.colcon_core.package_identification:_identify(experiment_logs/simulation/control_layer_20260530_222950/ros_logs) by extensions ['ignore', 'ignore_ament_install']
[1.912s] Level 1:colcon.colcon_core.package_identification:_identify(experiment_logs/simulation/control_layer_20260530_222950/ros_logs) by extension 'ignore'
[1.912s] Level 1:colcon.colcon_core.package_identification:_identify(experiment_logs/simulation/control_layer_20260530_222950/ros_logs) by extension 'ignore_ament_install'
[1.913s] Level 1:colcon.colcon_core.package_identification:_identify(experiment_logs/simulation/control_layer_20260530_222950/ros_logs) by extensions ['colcon_pkg']
[1.913s] Level 1:colcon.colcon_core.package_identification:_identify(experiment_logs/simulation/control_layer_20260530_222950/ros_logs) by extension 'colcon_pkg'
[1.913s] Level 1:colcon.colcon_core.package_identification:_identify(experiment_logs/simulation/control_layer_20260530_222950/ros_logs) by extensions ['colcon_meta']
[1.913s] Level 1:colcon.colcon_core.package_identification:_identify(experiment_logs/simulation/control_layer_20260530_222950/ros_logs) by extension 'colcon_meta'
[1.913s] Level 1:colcon.colcon_core.package_identification:_identify(experiment_logs/simulation/control_layer_20260530_222950/ros_logs) by extensions ['ros']
[1.913s] Level 1:colcon.colcon_core.package_identification:_identify(experiment_logs/simulation/control_layer_20260530_222950/ros_logs) by extension 'ros'
[1.913s] Level 1:colcon.colcon_core.package_identification:_identify(experiment_logs/simulation/control_layer_20260530_222950/ros_logs) by extensions ['cmake', 'python']
[1.913s] Level 1:colcon.colcon_core.package_identification:_identify(experiment_logs/simulation/control_layer_20260530_222950/ros_logs) by extension 'cmake'
[1.913s] Level 1:colcon.colcon_core.package_identification:_identify(experiment_logs/simulation/control_layer_20260530_222950/ros_logs) by extension 'python'
[1.914s] Level 1:colcon.colcon_core.package_identification:_identify(experiment_logs/simulation/control_layer_20260530_222950/ros_logs) by extensions ['python_setup_py']
[1.914s] Level 1:colcon.colcon_core.package_identification:_identify(experiment_logs/simulation/control_layer_20260530_222950/ros_logs) by extension 'python_setup_py'
[1.914s] Level 1:colcon.colcon_core.package_identification:_identify(experiment_logs/simulation/control_layer_20260530_223018) by extensions ['ignore', 'ignore_ament_install']
[1.914s] Level 1:colcon.colcon_core.package_identification:_identify(experiment_logs/simulation/control_layer_20260530_223018) by extension 'ignore'
[1.914s] Level 1:colcon.colcon_core.package_identification:_identify(experiment_logs/simulation/control_layer_20260530_223018) by extension 'ignore_ament_install'
[1.914s] Level 1:colcon.colcon_core.package_identification:_identify(experiment_logs/simulation/control_layer_20260530_223018) by extensions ['colcon_pkg']
[1.914s] Level 1:colcon.colcon_core.package_identification:_identify(experiment_logs/simulation/control_layer_20260530_223018) by extension 'colcon_pkg'
[1.915s] Level 1:colcon.colcon_core.package_identification:_identify(experiment_logs/simulation/control_layer_20260530_223018) by extensions ['colcon_meta']
[1.915s] Level 1:colcon.colcon_core.package_identification:_identify(experiment_logs/simulation/control_layer_20260530_223018) by extension 'colcon_meta'
[1.915s] Level 1:colcon.colcon_core.package_identification:_identify(experiment_logs/simulation/control_layer_20260530_223018) by extensions ['ros']
[1.915s] Level 1:colcon.colcon_core.package_identification:_identify(experiment_logs/simulation/control_layer_20260530_223018) by extension 'ros'
[1.915s] Level 1:colcon.colcon_core.package_identification:_identify(experiment_logs/simulation/control_layer_20260530_223018) by extensions ['cmake', 'python']
[1.915s] Level 1:colcon.colcon_core.package_identification:_identify(experiment_logs/simulation/control_layer_20260530_223018) by extension 'cmake'
[1.915s] Level 1:colcon.colcon_core.package_identification:_identify(experiment_logs/simulation/control_layer_20260530_223018) by extension 'python'
[1.915s] Level 1:colcon.colcon_core.package_identification:_identify(experiment_logs/simulation/control_layer_20260530_223018) by extensions ['python_setup_py']
[1.915s] Level 1:colcon.colcon_core.package_identification:_identify(experiment_logs/simulation/control_layer_20260530_223018) by extension 'python_setup_py'
[1.916s] Level 1:colcon.colcon_core.package_identification:_identify(experiment_logs/simulation/control_layer_20260530_223018/ros_logs) by extensions ['ignore', 'ignore_ament_install']
[1.916s] Level 1:colcon.colcon_core.package_identification:_identify(experiment_logs/simulation/control_layer_20260530_223018/ros_logs) by extension 'ignore'
[1.916s] Level 1:colcon.colcon_core.package_identification:_identify(experiment_logs/simulation/control_layer_20260530_223018/ros_logs) by extension 'ignore_ament_install'
[1.916s] Level 1:colcon.colcon_core.package_identification:_identify(experiment_logs/simulation/control_layer_20260530_223018/ros_logs) by extensions ['colcon_pkg']
[1.916s] Level 1:colcon.colcon_core.package_identification:_identify(experiment_logs/simulation/control_layer_20260530_223018/ros_logs) by extension 'colcon_pkg'
[1.916s] Level 1:colcon.colcon_core.package_identification:_identify(experiment_logs/simulation/control_layer_20260530_223018/ros_logs) by extensions ['colcon_meta']
[1.916s] Level 1:colcon.colcon_core.package_identification:_identify(experiment_logs/simulation/control_layer_20260530_223018/ros_logs) by extension 'colcon_meta'
[1.916s] Level 1:colcon.colcon_core.package_identification:_identify(experiment_logs/simulation/control_layer_20260530_223018/ros_logs) by extensions ['ros']
[1.917s] Level 1:colcon.colcon_core.package_identification:_identify(experiment_logs/simulation/control_layer_20260530_223018/ros_logs) by extension 'ros'
[1.917s] Level 1:colcon.colcon_core.package_identification:_identify(experiment_logs/simulation/control_layer_20260530_223018/ros_logs) by extensions ['cmake', 'python']
[1.917s] Level 1:colcon.colcon_core.package_identification:_identify(experiment_logs/simulation/control_layer_20260530_223018/ros_logs) by extension 'cmake'
[1.917s] Level 1:colcon.colcon_core.package_identification:_identify(experiment_logs/simulation/control_layer_20260530_223018/ros_logs) by extension 'python'
[1.917s] Level 1:colcon.colcon_core.package_identification:_identify(experiment_logs/simulation/control_layer_20260530_223018/ros_logs) by extensions ['python_setup_py']
[1.918s] Level 1:colcon.colcon_core.package_identification:_identify(experiment_logs/simulation/control_layer_20260530_223018/ros_logs) by extension 'python_setup_py'
[1.918s] Level 1:colcon.colcon_core.package_identification:_identify(experiment_logs/simulation/control_layer_20260530_223018/ros_logs/2026-05-30-22-30-19-699237-LAPTOP-EK504TPB-852831) by extensions ['ignore', 'ignore_ament_install']
[1.918s] Level 1:colcon.colcon_core.package_identification:_identify(experiment_logs/simulation/control_layer_20260530_223018/ros_logs/2026-05-30-22-30-19-699237-LAPTOP-EK504TPB-852831) by extension 'ignore'
[1.918s] Level 1:colcon.colcon_core.package_identification:_identify(experiment_logs/simulation/control_layer_20260530_223018/ros_logs/2026-05-30-22-30-19-699237-LAPTOP-EK504TPB-852831) by extension 'ignore_ament_install'
[1.918s] Level 1:colcon.colcon_core.package_identification:_identify(experiment_logs/simulation/control_layer_20260530_223018/ros_logs/2026-05-30-22-30-19-699237-LAPTOP-EK504TPB-852831) by extensions ['colcon_pkg']
[1.918s] Level 1:colcon.colcon_core.package_identification:_identify(experiment_logs/simulation/control_layer_20260530_223018/ros_logs/2026-05-30-22-30-19-699237-LAPTOP-EK504TPB-852831) by extension 'colcon_pkg'
[1.918s] Level 1:colcon.colcon_core.package_identification:_identify(experiment_logs/simulation/control_layer_20260530_223018/ros_logs/2026-05-30-22-30-19-699237-LAPTOP-EK504TPB-852831) by extensions ['colcon_meta']
[1.919s] Level 1:colcon.colcon_core.package_identification:_identify(experiment_logs/simulation/control_layer_20260530_223018/ros_logs/2026-05-30-22-30-19-699237-LAPTOP-EK504TPB-852831) by extension 'colcon_meta'
[1.919s] Level 1:colcon.colcon_core.package_identification:_identify(experiment_logs/simulation/control_layer_20260530_223018/ros_logs/2026-05-30-22-30-19-699237-LAPTOP-EK504TPB-852831) by extensions ['ros']
[1.919s] Level 1:colcon.colcon_core.package_identification:_identify(experiment_logs/simulation/control_layer_20260530_223018/ros_logs/2026-05-30-22-30-19-699237-LAPTOP-EK504TPB-852831) by extension 'ros'
[1.919s] Level 1:colcon.colcon_core.package_identification:_identify(experiment_logs/simulation/control_layer_20260530_223018/ros_logs/2026-05-30-22-30-19-699237-LAPTOP-EK504TPB-852831) by extensions ['cmake', 'python']
[1.919s] Level 1:colcon.colcon_core.package_identification:_identify(experiment_logs/simulation/control_layer_20260530_223018/ros_logs/2026-05-30-22-30-19-699237-LAPTOP-EK504TPB-852831) by extension 'cmake'
[1.919s] Level 1:colcon.colcon_core.package_identification:_identify(experiment_logs/simulation/control_layer_20260530_223018/ros_logs/2026-05-30-22-30-19-699237-LAPTOP-EK504TPB-852831) by extension 'python'
[1.920s] Level 1:colcon.colcon_core.package_identification:_identify(experiment_logs/simulation/control_layer_20260530_223018/ros_logs/2026-05-30-22-30-19-699237-LAPTOP-EK504TPB-852831) by extensions ['python_setup_py']
[1.920s] Level 1:colcon.colcon_core.package_identification:_identify(experiment_logs/simulation/control_layer_20260530_223018/ros_logs/2026-05-30-22-30-19-699237-LAPTOP-EK504TPB-852831) by extension 'python_setup_py'
[1.920s] Level 1:colcon.colcon_core.package_identification:_identify(experiment_logs/simulation/control_layer_20260530_223018/ros_logs/2026-05-30-22-30-57-981443-LAPTOP-EK504TPB-855213) by extensions ['ignore', 'ignore_ament_install']
[1.920s] Level 1:colcon.colcon_core.package_identification:_identify(experiment_logs/simulation/control_layer_20260530_223018/ros_logs/2026-05-30-22-30-57-981443-LAPTOP-EK504TPB-855213) by extension 'ignore'
[1.921s] Level 1:colcon.colcon_core.package_identification:_identify(experiment_logs/simulation/control_layer_20260530_223018/ros_logs/2026-05-30-22-30-57-981443-LAPTOP-EK504TPB-855213) by extension 'ignore_ament_install'
[1.921s] Level 1:colcon.colcon_core.package_identification:_identify(experiment_logs/simulation/control_layer_20260530_223018/ros_logs/2026-05-30-22-30-57-981443-LAPTOP-EK504TPB-855213) by extensions ['colcon_pkg']
[1.921s] Level 1:colcon.colcon_core.package_identification:_identify(experiment_logs/simulation/control_layer_20260530_223018/ros_logs/2026-05-30-22-30-57-981443-LAPTOP-EK504TPB-855213) by extension 'colcon_pkg'
[1.921s] Level 1:colcon.colcon_core.package_identification:_identify(experiment_logs/simulation/control_layer_20260530_223018/ros_logs/2026-05-30-22-30-57-981443-LAPTOP-EK504TPB-855213) by extensions ['colcon_meta']
[1.921s] Level 1:colcon.colcon_core.package_identification:_identify(experiment_logs/simulation/control_layer_20260530_223018/ros_logs/2026-05-30-22-30-57-981443-LAPTOP-EK504TPB-855213) by extension 'colcon_meta'
[1.921s] Level 1:colcon.colcon_core.package_identification:_identify(experiment_logs/simulation/control_layer_20260530_223018/ros_logs/2026-05-30-22-30-57-981443-LAPTOP-EK504TPB-855213) by extensions ['ros']
[1.922s] Level 1:colcon.colcon_core.package_identification:_identify(experiment_logs/simulation/control_layer_20260530_223018/ros_logs/2026-05-30-22-30-57-981443-LAPTOP-EK504TPB-855213) by extension 'ros'
[1.922s] Level 1:colcon.colcon_core.package_identification:_identify(experiment_logs/simulation/control_layer_20260530_223018/ros_logs/2026-05-30-22-30-57-981443-LAPTOP-EK504TPB-855213) by extensions ['cmake', 'python']
[1.922s] Level 1:colcon.colcon_core.package_identification:_identify(experiment_logs/simulation/control_layer_20260530_223018/ros_logs/2026-05-30-22-30-57-981443-LAPTOP-EK504TPB-855213) by extension 'cmake'
[1.922s] Level 1:colcon.colcon_core.package_identification:_identify(experiment_logs/simulation/control_layer_20260530_223018/ros_logs/2026-05-30-22-30-57-981443-LAPTOP-EK504TPB-855213) by extension 'python'
[1.922s] Level 1:colcon.colcon_core.package_identification:_identify(experiment_logs/simulation/control_layer_20260530_223018/ros_logs/2026-05-30-22-30-57-981443-LAPTOP-EK504TPB-855213) by extensions ['python_setup_py']
[1.922s] Level 1:colcon.colcon_core.package_identification:_identify(experiment_logs/simulation/control_layer_20260530_223018/ros_logs/2026-05-30-22-30-57-981443-LAPTOP-EK504TPB-855213) by extension 'python_setup_py'
[1.922s] Level 1:colcon.colcon_core.package_identification:_identify(experiment_logs/simulation/control_layer_20260530_223401) by extensions ['ignore', 'ignore_ament_install']
[1.923s] Level 1:colcon.colcon_core.package_identification:_identify(experiment_logs/simulation/control_layer_20260530_223401) by extension 'ignore'
[1.923s] Level 1:colcon.colcon_core.package_identification:_identify(experiment_logs/simulation/control_layer_20260530_223401) by extension 'ignore_ament_install'
[1.923s] Level 1:colcon.colcon_core.package_identification:_identify(experiment_logs/simulation/control_layer_20260530_223401) by extensions ['colcon_pkg']
[1.923s] Level 1:colcon.colcon_core.package_identification:_identify(experiment_logs/simulation/control_layer_20260530_223401) by extension 'colcon_pkg'
[1.923s] Level 1:colcon.colcon_core.package_identification:_identify(experiment_logs/simulation/control_layer_20260530_223401) by extensions ['colcon_meta']
[1.923s] Level 1:colcon.colcon_core.package_identification:_identify(experiment_logs/simulation/control_layer_20260530_223401) by extension 'colcon_meta'
[1.923s] Level 1:colcon.colcon_core.package_identification:_identify(experiment_logs/simulation/control_layer_20260530_223401) by extensions ['ros']
[1.923s] Level 1:colcon.colcon_core.package_identification:_identify(experiment_logs/simulation/control_layer_20260530_223401) by extension 'ros'
[1.924s] Level 1:colcon.colcon_core.package_identification:_identify(experiment_logs/simulation/control_layer_20260530_223401) by extensions ['cmake', 'python']
[1.924s] Level 1:colcon.colcon_core.package_identification:_identify(experiment_logs/simulation/control_layer_20260530_223401) by extension 'cmake'
[1.924s] Level 1:colcon.colcon_core.package_identification:_identify(experiment_logs/simulation/control_layer_20260530_223401) by extension 'python'
[1.924s] Level 1:colcon.colcon_core.package_identification:_identify(experiment_logs/simulation/control_layer_20260530_223401) by extensions ['python_setup_py']
[1.924s] Level 1:colcon.colcon_core.package_identification:_identify(experiment_logs/simulation/control_layer_20260530_223401) by extension 'python_setup_py'
[1.924s] Level 1:colcon.colcon_core.package_identification:_identify(experiment_logs/simulation/control_layer_20260530_223401/ros_logs) by extensions ['ignore', 'ignore_ament_install']
[1.924s] Level 1:colcon.colcon_core.package_identification:_identify(experiment_logs/simulation/control_layer_20260530_223401/ros_logs) by extension 'ignore'
[1.925s] Level 1:colcon.colcon_core.package_identification:_identify(experiment_logs/simulation/control_layer_20260530_223401/ros_logs) by extension 'ignore_ament_install'
[1.925s] Level 1:colcon.colcon_core.package_identification:_identify(experiment_logs/simulation/control_layer_20260530_223401/ros_logs) by extensions ['colcon_pkg']
[1.925s] Level 1:colcon.colcon_core.package_identification:_identify(experiment_logs/simulation/control_layer_20260530_223401/ros_logs) by extension 'colcon_pkg'
[1.925s] Level 1:colcon.colcon_core.package_identification:_identify(experiment_logs/simulation/control_layer_20260530_223401/ros_logs) by extensions ['colcon_meta']
[1.925s] Level 1:colcon.colcon_core.package_identification:_identify(experiment_logs/simulation/control_layer_20260530_223401/ros_logs) by extension 'colcon_meta'
[1.925s] Level 1:colcon.colcon_core.package_identification:_identify(experiment_logs/simulation/control_layer_20260530_223401/ros_logs) by extensions ['ros']
[1.925s] Level 1:colcon.colcon_core.package_identification:_identify(experiment_logs/simulation/control_layer_20260530_223401/ros_logs) by extension 'ros'
[1.925s] Level 1:colcon.colcon_core.package_identification:_identify(experiment_logs/simulation/control_layer_20260530_223401/ros_logs) by extensions ['cmake', 'python']
[1.926s] Level 1:colcon.colcon_core.package_identification:_identify(experiment_logs/simulation/control_layer_20260530_223401/ros_logs) by extension 'cmake'
[1.926s] Level 1:colcon.colcon_core.package_identification:_identify(experiment_logs/simulation/control_layer_20260530_223401/ros_logs) by extension 'python'
[1.926s] Level 1:colcon.colcon_core.package_identification:_identify(experiment_logs/simulation/control_layer_20260530_223401/ros_logs) by extensions ['python_setup_py']
[1.926s] Level 1:colcon.colcon_core.package_identification:_identify(experiment_logs/simulation/control_layer_20260530_223401/ros_logs) by extension 'python_setup_py'
[1.926s] Level 1:colcon.colcon_core.package_identification:_identify(experiment_logs/simulation/control_layer_20260530_223401/ros_logs/2026-05-30-22-34-02-205947-LAPTOP-EK504TPB-865800) by extensions ['ignore', 'ignore_ament_install']
[1.926s] Level 1:colcon.colcon_core.package_identification:_identify(experiment_logs/simulation/control_layer_20260530_223401/ros_logs/2026-05-30-22-34-02-205947-LAPTOP-EK504TPB-865800) by extension 'ignore'
[1.926s] Level 1:colcon.colcon_core.package_identification:_identify(experiment_logs/simulation/control_layer_20260530_223401/ros_logs/2026-05-30-22-34-02-205947-LAPTOP-EK504TPB-865800) by extension 'ignore_ament_install'
[1.927s] Level 1:colcon.colcon_core.package_identification:_identify(experiment_logs/simulation/control_layer_20260530_223401/ros_logs/2026-05-30-22-34-02-205947-LAPTOP-EK504TPB-865800) by extensions ['colcon_pkg']
[1.927s] Level 1:colcon.colcon_core.package_identification:_identify(experiment_logs/simulation/control_layer_20260530_223401/ros_logs/2026-05-30-22-34-02-205947-LAPTOP-EK504TPB-865800) by extension 'colcon_pkg'
[1.927s] Level 1:colcon.colcon_core.package_identification:_identify(experiment_logs/simulation/control_layer_20260530_223401/ros_logs/2026-05-30-22-34-02-205947-LAPTOP-EK504TPB-865800) by extensions ['colcon_meta']
[1.927s] Level 1:colcon.colcon_core.package_identification:_identify(experiment_logs/simulation/control_layer_20260530_223401/ros_logs/2026-05-30-22-34-02-205947-LAPTOP-EK504TPB-865800) by extension 'colcon_meta'
[1.927s] Level 1:colcon.colcon_core.package_identification:_identify(experiment_logs/simulation/control_layer_20260530_223401/ros_logs/2026-05-30-22-34-02-205947-LAPTOP-EK504TPB-865800) by extensions ['ros']
[1.927s] Level 1:colcon.colcon_core.package_identification:_identify(experiment_logs/simulation/control_layer_20260530_223401/ros_logs/2026-05-30-22-34-02-205947-LAPTOP-EK504TPB-865800) by extension 'ros'
[1.927s] Level 1:colcon.colcon_core.package_identification:_identify(experiment_logs/simulation/control_layer_20260530_223401/ros_logs/2026-05-30-22-34-02-205947-LAPTOP-EK504TPB-865800) by extensions ['cmake', 'python']
[1.927s] Level 1:colcon.colcon_core.package_identification:_identify(experiment_logs/simulation/control_layer_20260530_223401/ros_logs/2026-05-30-22-34-02-205947-LAPTOP-EK504TPB-865800) by extension 'cmake'
[1.927s] Level 1:colcon.colcon_core.package_identification:_identify(experiment_logs/simulation/control_layer_20260530_223401/ros_logs/2026-05-30-22-34-02-205947-LAPTOP-EK504TPB-865800) by extension 'python'
[1.928s] Level 1:colcon.colcon_core.package_identification:_identify(experiment_logs/simulation/control_layer_20260530_223401/ros_logs/2026-05-30-22-34-02-205947-LAPTOP-EK504TPB-865800) by extensions ['python_setup_py']
[1.928s] Level 1:colcon.colcon_core.package_identification:_identify(experiment_logs/simulation/control_layer_20260530_223401/ros_logs/2026-05-30-22-34-02-205947-LAPTOP-EK504TPB-865800) by extension 'python_setup_py'
[1.928s] Level 1:colcon.colcon_core.package_identification:_identify(install) by extensions ['ignore', 'ignore_ament_install']
[1.928s] Level 1:colcon.colcon_core.package_identification:_identify(install) by extension 'ignore'
[1.928s] Level 1:colcon.colcon_core.package_identification:_identify(install) ignored
[1.928s] Level 1:colcon.colcon_core.package_identification:_identify(install_control2) by extensions ['ignore', 'ignore_ament_install']
[1.928s] Level 1:colcon.colcon_core.package_identification:_identify(install_control2) by extension 'ignore'
[1.929s] Level 1:colcon.colcon_core.package_identification:_identify(install_control2) ignored
[1.929s] Level 1:colcon.colcon_core.package_identification:_identify(log) by extensions ['ignore', 'ignore_ament_install']
[1.929s] Level 1:colcon.colcon_core.package_identification:_identify(log) by extension 'ignore'
[1.929s] Level 1:colcon.colcon_core.package_identification:_identify(log) ignored
[1.929s] Level 1:colcon.colcon_core.package_identification:_identify(log_control2) by extensions ['ignore', 'ignore_ament_install']
[1.930s] Level 1:colcon.colcon_core.package_identification:_identify(log_control2) by extension 'ignore'
[1.930s] Level 1:colcon.colcon_core.package_identification:_identify(log_control2) ignored
[1.930s] Level 1:colcon.colcon_core.package_identification:_identify(src) by extensions ['ignore', 'ignore_ament_install']
[1.930s] Level 1:colcon.colcon_core.package_identification:_identify(src) by extension 'ignore'
[1.930s] Level 1:colcon.colcon_core.package_identification:_identify(src) by extension 'ignore_ament_install'
[1.930s] Level 1:colcon.colcon_core.package_identification:_identify(src) by extensions ['colcon_pkg']
[1.931s] Level 1:colcon.colcon_core.package_identification:_identify(src) by extension 'colcon_pkg'
[1.931s] Level 1:colcon.colcon_core.package_identification:_identify(src) by extensions ['colcon_meta']
[1.931s] Level 1:colcon.colcon_core.package_identification:_identify(src) by extension 'colcon_meta'
[1.931s] Level 1:colcon.colcon_core.package_identification:_identify(src) by extensions ['ros']
[1.931s] Level 1:colcon.colcon_core.package_identification:_identify(src) by extension 'ros'
[1.931s] Level 1:colcon.colcon_core.package_identification:_identify(src) by extensions ['cmake', 'python']
[1.931s] Level 1:colcon.colcon_core.package_identification:_identify(src) by extension 'cmake'
[1.931s] Level 1:colcon.colcon_core.package_identification:_identify(src) by extension 'python'
[1.931s] Level 1:colcon.colcon_core.package_identification:_identify(src) by extensions ['python_setup_py']
[1.931s] Level 1:colcon.colcon_core.package_identification:_identify(src) by extension 'python_setup_py'
[1.932s] Level 1:colcon.colcon_core.package_identification:_identify(src/alicia_d_calibration) by extensions ['ignore', 'ignore_ament_install']
[1.932s] Level 1:colcon.colcon_core.package_identification:_identify(src/alicia_d_calibration) by extension 'ignore'
[1.932s] Level 1:colcon.colcon_core.package_identification:_identify(src/alicia_d_calibration) by extension 'ignore_ament_install'
[1.932s] Level 1:colcon.colcon_core.package_identification:_identify(src/alicia_d_calibration) by extensions ['colcon_pkg']
[1.932s] Level 1:colcon.colcon_core.package_identification:_identify(src/alicia_d_calibration) by extension 'colcon_pkg'
[1.932s] Level 1:colcon.colcon_core.package_identification:_identify(src/alicia_d_calibration) by extensions ['colcon_meta']
[1.932s] Level 1:colcon.colcon_core.package_identification:_identify(src/alicia_d_calibration) by extension 'colcon_meta'
[1.932s] Level 1:colcon.colcon_core.package_identification:_identify(src/alicia_d_calibration) by extensions ['ros']
[1.933s] Level 1:colcon.colcon_core.package_identification:_identify(src/alicia_d_calibration) by extension 'ros'
[1.940s] DEBUG:colcon.colcon_core.package_identification:Package 'src/alicia_d_calibration' with type 'ros.ament_cmake' and name 'alicia_d_calibration'
[1.940s] Level 1:colcon.colcon_core.package_identification:_identify(src/alicia_d_cube_sort) by extensions ['ignore', 'ignore_ament_install']
[1.940s] Level 1:colcon.colcon_core.package_identification:_identify(src/alicia_d_cube_sort) by extension 'ignore'
[1.941s] Level 1:colcon.colcon_core.package_identification:_identify(src/alicia_d_cube_sort) by extension 'ignore_ament_install'
[1.941s] Level 1:colcon.colcon_core.package_identification:_identify(src/alicia_d_cube_sort) by extensions ['colcon_pkg']
[1.941s] Level 1:colcon.colcon_core.package_identification:_identify(src/alicia_d_cube_sort) by extension 'colcon_pkg'
[1.942s] Level 1:colcon.colcon_core.package_identification:_identify(src/alicia_d_cube_sort) by extensions ['colcon_meta']
[1.942s] Level 1:colcon.colcon_core.package_identification:_identify(src/alicia_d_cube_sort) by extension 'colcon_meta'
[1.942s] Level 1:colcon.colcon_core.package_identification:_identify(src/alicia_d_cube_sort) by extensions ['ros']
[1.942s] Level 1:colcon.colcon_core.package_identification:_identify(src/alicia_d_cube_sort) by extension 'ros'
[1.944s] DEBUG:colcon.colcon_core.package_identification:Package 'src/alicia_d_cube_sort' with type 'ros.ament_cmake' and name 'alicia_d_cube_sort'
[1.945s] Level 1:colcon.colcon_core.package_identification:_identify(src/alicia_d_descriptions) by extensions ['ignore', 'ignore_ament_install']
[1.945s] Level 1:colcon.colcon_core.package_identification:_identify(src/alicia_d_descriptions) by extension 'ignore'
[1.945s] Level 1:colcon.colcon_core.package_identification:_identify(src/alicia_d_descriptions) by extension 'ignore_ament_install'
[1.945s] Level 1:colcon.colcon_core.package_identification:_identify(src/alicia_d_descriptions) by extensions ['colcon_pkg']
[1.945s] Level 1:colcon.colcon_core.package_identification:_identify(src/alicia_d_descriptions) by extension 'colcon_pkg'
[1.945s] Level 1:colcon.colcon_core.package_identification:_identify(src/alicia_d_descriptions) by extensions ['colcon_meta']
[1.946s] Level 1:colcon.colcon_core.package_identification:_identify(src/alicia_d_descriptions) by extension 'colcon_meta'
[1.946s] Level 1:colcon.colcon_core.package_identification:_identify(src/alicia_d_descriptions) by extensions ['ros']
[1.946s] Level 1:colcon.colcon_core.package_identification:_identify(src/alicia_d_descriptions) by extension 'ros'
[1.947s] DEBUG:colcon.colcon_core.package_identification:Package 'src/alicia_d_descriptions' with type 'ros.ament_cmake' and name 'alicia_d_descriptions'
[1.947s] Level 1:colcon.colcon_core.package_identification:_identify(src/alicia_d_driver) by extensions ['ignore', 'ignore_ament_install']
[1.947s] Level 1:colcon.colcon_core.package_identification:_identify(src/alicia_d_driver) by extension 'ignore'
[1.948s] Level 1:colcon.colcon_core.package_identification:_identify(src/alicia_d_driver) by extension 'ignore_ament_install'
[1.948s] Level 1:colcon.colcon_core.package_identification:_identify(src/alicia_d_driver) by extensions ['colcon_pkg']
[1.948s] Level 1:colcon.colcon_core.package_identification:_identify(src/alicia_d_driver) by extension 'colcon_pkg'
[1.948s] Level 1:colcon.colcon_core.package_identification:_identify(src/alicia_d_driver) by extensions ['colcon_meta']
[1.948s] Level 1:colcon.colcon_core.package_identification:_identify(src/alicia_d_driver) by extension 'colcon_meta'
[1.948s] Level 1:colcon.colcon_core.package_identification:_identify(src/alicia_d_driver) by extensions ['ros']
[1.948s] Level 1:colcon.colcon_core.package_identification:_identify(src/alicia_d_driver) by extension 'ros'
[1.950s] DEBUG:colcon.colcon_core.package_identification:Package 'src/alicia_d_driver' with type 'ros.ament_cmake' and name 'alicia_d_driver'
[1.951s] Level 1:colcon.colcon_core.package_identification:_identify(src/alicia_d_grasp_6d) by extensions ['ignore', 'ignore_ament_install']
[1.951s] Level 1:colcon.colcon_core.package_identification:_identify(src/alicia_d_grasp_6d) by extension 'ignore'
[1.951s] Level 1:colcon.colcon_core.package_identification:_identify(src/alicia_d_grasp_6d) by extension 'ignore_ament_install'
[1.951s] Level 1:colcon.colcon_core.package_identification:_identify(src/alicia_d_grasp_6d) by extensions ['colcon_pkg']
[1.951s] Level 1:colcon.colcon_core.package_identification:_identify(src/alicia_d_grasp_6d) by extension 'colcon_pkg'
[1.951s] Level 1:colcon.colcon_core.package_identification:_identify(src/alicia_d_grasp_6d) by extensions ['colcon_meta']
[1.951s] Level 1:colcon.colcon_core.package_identification:_identify(src/alicia_d_grasp_6d) by extension 'colcon_meta'
[1.952s] Level 1:colcon.colcon_core.package_identification:_identify(src/alicia_d_grasp_6d) by extensions ['ros']
[1.952s] Level 1:colcon.colcon_core.package_identification:_identify(src/alicia_d_grasp_6d) by extension 'ros'
[1.952s] Level 1:colcon.colcon_core.package_identification:_identify(src/alicia_d_grasp_6d) by extensions ['cmake', 'python']
[1.952s] Level 1:colcon.colcon_core.package_identification:_identify(src/alicia_d_grasp_6d) by extension 'cmake'
[1.952s] Level 1:colcon.colcon_core.package_identification:_identify(src/alicia_d_grasp_6d) by extension 'python'
[1.952s] Level 1:colcon.colcon_core.package_identification:_identify(src/alicia_d_grasp_6d) by extensions ['python_setup_py']
[1.952s] Level 1:colcon.colcon_core.package_identification:_identify(src/alicia_d_grasp_6d) by extension 'python_setup_py'
[1.952s] Level 1:colcon.colcon_core.package_identification:_identify(src/alicia_d_grasp_6d/Models) by extensions ['ignore', 'ignore_ament_install']
[1.953s] Level 1:colcon.colcon_core.package_identification:_identify(src/alicia_d_grasp_6d/Models) by extension 'ignore'
[1.953s] Level 1:colcon.colcon_core.package_identification:_identify(src/alicia_d_grasp_6d/Models) ignored
[1.953s] Level 1:colcon.colcon_core.package_identification:_identify(src/alicia_d_grasp_6d/scripts) by extensions ['ignore', 'ignore_ament_install']
[1.953s] Level 1:colcon.colcon_core.package_identification:_identify(src/alicia_d_grasp_6d/scripts) by extension 'ignore'
[1.953s] Level 1:colcon.colcon_core.package_identification:_identify(src/alicia_d_grasp_6d/scripts) by extension 'ignore_ament_install'
[1.953s] Level 1:colcon.colcon_core.package_identification:_identify(src/alicia_d_grasp_6d/scripts) by extensions ['colcon_pkg']
[1.953s] Level 1:colcon.colcon_core.package_identification:_identify(src/alicia_d_grasp_6d/scripts) by extension 'colcon_pkg'
[1.953s] Level 1:colcon.colcon_core.package_identification:_identify(src/alicia_d_grasp_6d/scripts) by extensions ['colcon_meta']
[1.953s] Level 1:colcon.colcon_core.package_identification:_identify(src/alicia_d_grasp_6d/scripts) by extension 'colcon_meta'
[1.954s] Level 1:colcon.colcon_core.package_identification:_identify(src/alicia_d_grasp_6d/scripts) by extensions ['ros']
[1.954s] Level 1:colcon.colcon_core.package_identification:_identify(src/alicia_d_grasp_6d/scripts) by extension 'ros'
[1.954s] Level 1:colcon.colcon_core.package_identification:_identify(src/alicia_d_grasp_6d/scripts) by extensions ['cmake', 'python']
[1.954s] Level 1:colcon.colcon_core.package_identification:_identify(src/alicia_d_grasp_6d/scripts) by extension 'cmake'
[1.954s] Level 1:colcon.colcon_core.package_identification:_identify(src/alicia_d_grasp_6d/scripts) by extension 'python'
[1.954s] Level 1:colcon.colcon_core.package_identification:_identify(src/alicia_d_grasp_6d/scripts) by extensions ['python_setup_py']
[1.954s] Level 1:colcon.colcon_core.package_identification:_identify(src/alicia_d_grasp_6d/scripts) by extension 'python_setup_py'
[1.954s] Level 1:colcon.colcon_core.package_identification:_identify(src/alicia_d_grasp_6d/scripts/intel_rs_d405) by extensions ['ignore', 'ignore_ament_install']
[1.955s] Level 1:colcon.colcon_core.package_identification:_identify(src/alicia_d_grasp_6d/scripts/intel_rs_d405) by extension 'ignore'
[1.955s] Level 1:colcon.colcon_core.package_identification:_identify(src/alicia_d_grasp_6d/scripts/intel_rs_d405) by extension 'ignore_ament_install'
[1.955s] Level 1:colcon.colcon_core.package_identification:_identify(src/alicia_d_grasp_6d/scripts/intel_rs_d405) by extensions ['colcon_pkg']
[1.955s] Level 1:colcon.colcon_core.package_identification:_identify(src/alicia_d_grasp_6d/scripts/intel_rs_d405) by extension 'colcon_pkg'
[1.955s] Level 1:colcon.colcon_core.package_identification:_identify(src/alicia_d_grasp_6d/scripts/intel_rs_d405) by extensions ['colcon_meta']
[1.955s] Level 1:colcon.colcon_core.package_identification:_identify(src/alicia_d_grasp_6d/scripts/intel_rs_d405) by extension 'colcon_meta'
[1.955s] Level 1:colcon.colcon_core.package_identification:_identify(src/alicia_d_grasp_6d/scripts/intel_rs_d405) by extensions ['ros']
[1.956s] Level 1:colcon.colcon_core.package_identification:_identify(src/alicia_d_grasp_6d/scripts/intel_rs_d405) by extension 'ros'
[1.956s] Level 1:colcon.colcon_core.package_identification:_identify(src/alicia_d_grasp_6d/scripts/intel_rs_d405) by extensions ['cmake', 'python']
[1.956s] Level 1:colcon.colcon_core.package_identification:_identify(src/alicia_d_grasp_6d/scripts/intel_rs_d405) by extension 'cmake'
[1.956s] Level 1:colcon.colcon_core.package_identification:_identify(src/alicia_d_grasp_6d/scripts/intel_rs_d405) by extension 'python'
[1.956s] Level 1:colcon.colcon_core.package_identification:_identify(src/alicia_d_grasp_6d/scripts/intel_rs_d405) by extensions ['python_setup_py']
[1.956s] Level 1:colcon.colcon_core.package_identification:_identify(src/alicia_d_grasp_6d/scripts/intel_rs_d405) by extension 'python_setup_py'
[1.957s] Level 1:colcon.colcon_core.package_identification:_identify(src/alicia_d_grasp_6d/scripts/intel_rs_d405/utils) by extensions ['ignore', 'ignore_ament_install']
[1.957s] Level 1:colcon.colcon_core.package_identification:_identify(src/alicia_d_grasp_6d/scripts/intel_rs_d405/utils) by extension 'ignore'
[1.957s] Level 1:colcon.colcon_core.package_identification:_identify(src/alicia_d_grasp_6d/scripts/intel_rs_d405/utils) by extension 'ignore_ament_install'
[1.957s] Level 1:colcon.colcon_core.package_identification:_identify(src/alicia_d_grasp_6d/scripts/intel_rs_d405/utils) by extensions ['colcon_pkg']
[1.957s] Level 1:colcon.colcon_core.package_identification:_identify(src/alicia_d_grasp_6d/scripts/intel_rs_d405/utils) by extension 'colcon_pkg'
[1.957s] Level 1:colcon.colcon_core.package_identification:_identify(src/alicia_d_grasp_6d/scripts/intel_rs_d405/utils) by extensions ['colcon_meta']
[1.958s] Level 1:colcon.colcon_core.package_identification:_identify(src/alicia_d_grasp_6d/scripts/intel_rs_d405/utils) by extension 'colcon_meta'
[1.958s] Level 1:colcon.colcon_core.package_identification:_identify(src/alicia_d_grasp_6d/scripts/intel_rs_d405/utils) by extensions ['ros']
[1.958s] Level 1:colcon.colcon_core.package_identification:_identify(src/alicia_d_grasp_6d/scripts/intel_rs_d405/utils) by extension 'ros'
[1.958s] Level 1:colcon.colcon_core.package_identification:_identify(src/alicia_d_grasp_6d/scripts/intel_rs_d405/utils) by extensions ['cmake', 'python']
[1.958s] Level 1:colcon.colcon_core.package_identification:_identify(src/alicia_d_grasp_6d/scripts/intel_rs_d405/utils) by extension 'cmake'
[1.958s] Level 1:colcon.colcon_core.package_identification:_identify(src/alicia_d_grasp_6d/scripts/intel_rs_d405/utils) by extension 'python'
[1.958s] Level 1:colcon.colcon_core.package_identification:_identify(src/alicia_d_grasp_6d/scripts/intel_rs_d405/utils) by extensions ['python_setup_py']
[1.958s] Level 1:colcon.colcon_core.package_identification:_identify(src/alicia_d_grasp_6d/scripts/intel_rs_d405/utils) by extension 'python_setup_py'
[1.959s] Level 1:colcon.colcon_core.package_identification:_identify(src/alicia_d_grasp_6d/scripts/orbbec_gemini_335) by extensions ['ignore', 'ignore_ament_install']
[1.959s] Level 1:colcon.colcon_core.package_identification:_identify(src/alicia_d_grasp_6d/scripts/orbbec_gemini_335) by extension 'ignore'
[1.959s] Level 1:colcon.colcon_core.package_identification:_identify(src/alicia_d_grasp_6d/scripts/orbbec_gemini_335) by extension 'ignore_ament_install'
[1.959s] Level 1:colcon.colcon_core.package_identification:_identify(src/alicia_d_grasp_6d/scripts/orbbec_gemini_335) by extensions ['colcon_pkg']
[1.959s] Level 1:colcon.colcon_core.package_identification:_identify(src/alicia_d_grasp_6d/scripts/orbbec_gemini_335) by extension 'colcon_pkg'
[1.959s] Level 1:colcon.colcon_core.package_identification:_identify(src/alicia_d_grasp_6d/scripts/orbbec_gemini_335) by extensions ['colcon_meta']
[1.959s] Level 1:colcon.colcon_core.package_identification:_identify(src/alicia_d_grasp_6d/scripts/orbbec_gemini_335) by extension 'colcon_meta'
[1.960s] Level 1:colcon.colcon_core.package_identification:_identify(src/alicia_d_grasp_6d/scripts/orbbec_gemini_335) by extensions ['ros']
[1.960s] Level 1:colcon.colcon_core.package_identification:_identify(src/alicia_d_grasp_6d/scripts/orbbec_gemini_335) by extension 'ros'
[1.960s] Level 1:colcon.colcon_core.package_identification:_identify(src/alicia_d_grasp_6d/scripts/orbbec_gemini_335) by extensions ['cmake', 'python']
[1.960s] Level 1:colcon.colcon_core.package_identification:_identify(src/alicia_d_grasp_6d/scripts/orbbec_gemini_335) by extension 'cmake'
[1.960s] Level 1:colcon.colcon_core.package_identification:_identify(src/alicia_d_grasp_6d/scripts/orbbec_gemini_335) by extension 'python'
[1.960s] Level 1:colcon.colcon_core.package_identification:_identify(src/alicia_d_grasp_6d/scripts/orbbec_gemini_335) by extensions ['python_setup_py']
[1.960s] Level 1:colcon.colcon_core.package_identification:_identify(src/alicia_d_grasp_6d/scripts/orbbec_gemini_335) by extension 'python_setup_py'
[1.961s] Level 1:colcon.colcon_core.package_identification:_identify(src/alicia_d_grasp_6d/scripts/orbbec_gemini_335/utils) by extensions ['ignore', 'ignore_ament_install']
[1.961s] Level 1:colcon.colcon_core.package_identification:_identify(src/alicia_d_grasp_6d/scripts/orbbec_gemini_335/utils) by extension 'ignore'
[1.961s] Level 1:colcon.colcon_core.package_identification:_identify(src/alicia_d_grasp_6d/scripts/orbbec_gemini_335/utils) by extension 'ignore_ament_install'
[1.961s] Level 1:colcon.colcon_core.package_identification:_identify(src/alicia_d_grasp_6d/scripts/orbbec_gemini_335/utils) by extensions ['colcon_pkg']
[1.961s] Level 1:colcon.colcon_core.package_identification:_identify(src/alicia_d_grasp_6d/scripts/orbbec_gemini_335/utils) by extension 'colcon_pkg'
[1.961s] Level 1:colcon.colcon_core.package_identification:_identify(src/alicia_d_grasp_6d/scripts/orbbec_gemini_335/utils) by extensions ['colcon_meta']
[1.961s] Level 1:colcon.colcon_core.package_identification:_identify(src/alicia_d_grasp_6d/scripts/orbbec_gemini_335/utils) by extension 'colcon_meta'
[1.962s] Level 1:colcon.colcon_core.package_identification:_identify(src/alicia_d_grasp_6d/scripts/orbbec_gemini_335/utils) by extensions ['ros']
[1.962s] Level 1:colcon.colcon_core.package_identification:_identify(src/alicia_d_grasp_6d/scripts/orbbec_gemini_335/utils) by extension 'ros'
[1.962s] Level 1:colcon.colcon_core.package_identification:_identify(src/alicia_d_grasp_6d/scripts/orbbec_gemini_335/utils) by extensions ['cmake', 'python']
[1.962s] Level 1:colcon.colcon_core.package_identification:_identify(src/alicia_d_grasp_6d/scripts/orbbec_gemini_335/utils) by extension 'cmake'
[1.962s] Level 1:colcon.colcon_core.package_identification:_identify(src/alicia_d_grasp_6d/scripts/orbbec_gemini_335/utils) by extension 'python'
[1.962s] Level 1:colcon.colcon_core.package_identification:_identify(src/alicia_d_grasp_6d/scripts/orbbec_gemini_335/utils) by extensions ['python_setup_py']
[1.962s] Level 1:colcon.colcon_core.package_identification:_identify(src/alicia_d_grasp_6d/scripts/orbbec_gemini_335/utils) by extension 'python_setup_py'
[1.962s] Level 1:colcon.colcon_core.package_identification:_identify(src/alicia_d_moveit) by extensions ['ignore', 'ignore_ament_install']
[1.963s] Level 1:colcon.colcon_core.package_identification:_identify(src/alicia_d_moveit) by extension 'ignore'
[1.963s] Level 1:colcon.colcon_core.package_identification:_identify(src/alicia_d_moveit) by extension 'ignore_ament_install'
[1.963s] Level 1:colcon.colcon_core.package_identification:_identify(src/alicia_d_moveit) by extensions ['colcon_pkg']
[1.963s] Level 1:colcon.colcon_core.package_identification:_identify(src/alicia_d_moveit) by extension 'colcon_pkg'
[1.963s] Level 1:colcon.colcon_core.package_identification:_identify(src/alicia_d_moveit) by extensions ['colcon_meta']
[1.963s] Level 1:colcon.colcon_core.package_identification:_identify(src/alicia_d_moveit) by extension 'colcon_meta'
[1.963s] Level 1:colcon.colcon_core.package_identification:_identify(src/alicia_d_moveit) by extensions ['ros']
[1.963s] Level 1:colcon.colcon_core.package_identification:_identify(src/alicia_d_moveit) by extension 'ros'
[1.965s] DEBUG:colcon.colcon_core.package_identification:Package 'src/alicia_d_moveit' with type 'ros.ament_cmake' and name 'alicia_d_moveit'
[1.966s] Level 1:colcon.colcon_core.package_identification:_identify(src/alicia_d_thinkgrasp_bridge) by extensions ['ignore', 'ignore_ament_install']
[1.966s] Level 1:colcon.colcon_core.package_identification:_identify(src/alicia_d_thinkgrasp_bridge) by extension 'ignore'
[1.966s] Level 1:colcon.colcon_core.package_identification:_identify(src/alicia_d_thinkgrasp_bridge) by extension 'ignore_ament_install'
[1.966s] Level 1:colcon.colcon_core.package_identification:_identify(src/alicia_d_thinkgrasp_bridge) by extensions ['colcon_pkg']
[1.966s] Level 1:colcon.colcon_core.package_identification:_identify(src/alicia_d_thinkgrasp_bridge) by extension 'colcon_pkg'
[1.966s] Level 1:colcon.colcon_core.package_identification:_identify(src/alicia_d_thinkgrasp_bridge) by extensions ['colcon_meta']
[1.966s] Level 1:colcon.colcon_core.package_identification:_identify(src/alicia_d_thinkgrasp_bridge) by extension 'colcon_meta'
[1.966s] Level 1:colcon.colcon_core.package_identification:_identify(src/alicia_d_thinkgrasp_bridge) by extensions ['ros']
[1.967s] Level 1:colcon.colcon_core.package_identification:_identify(src/alicia_d_thinkgrasp_bridge) by extension 'ros'
[1.968s] DEBUG:colcon.colcon_core.package_identification:Package 'src/alicia_d_thinkgrasp_bridge' with type 'ros.ament_cmake' and name 'alicia_d_thinkgrasp_bridge'
[1.968s] Level 1:colcon.colcon_core.package_identification:_identify(src/docs) by extensions ['ignore', 'ignore_ament_install']
[1.969s] Level 1:colcon.colcon_core.package_identification:_identify(src/docs) by extension 'ignore'
[1.969s] Level 1:colcon.colcon_core.package_identification:_identify(src/docs) by extension 'ignore_ament_install'
[1.969s] Level 1:colcon.colcon_core.package_identification:_identify(src/docs) by extensions ['colcon_pkg']
[1.969s] Level 1:colcon.colcon_core.package_identification:_identify(src/docs) by extension 'colcon_pkg'
[1.970s] Level 1:colcon.colcon_core.package_identification:_identify(src/docs) by extensions ['colcon_meta']
[1.970s] Level 1:colcon.colcon_core.package_identification:_identify(src/docs) by extension 'colcon_meta'
[1.970s] Level 1:colcon.colcon_core.package_identification:_identify(src/docs) by extensions ['ros']
[1.970s] Level 1:colcon.colcon_core.package_identification:_identify(src/docs) by extension 'ros'
[1.970s] Level 1:colcon.colcon_core.package_identification:_identify(src/docs) by extensions ['cmake', 'python']
[1.970s] Level 1:colcon.colcon_core.package_identification:_identify(src/docs) by extension 'cmake'
[1.970s] Level 1:colcon.colcon_core.package_identification:_identify(src/docs) by extension 'python'
[1.970s] Level 1:colcon.colcon_core.package_identification:_identify(src/docs) by extensions ['python_setup_py']
[1.970s] Level 1:colcon.colcon_core.package_identification:_identify(src/docs) by extension 'python_setup_py'
[1.971s] Level 1:colcon.colcon_core.package_identification:_identify(src/examples) by extensions ['ignore', 'ignore_ament_install']
[1.971s] Level 1:colcon.colcon_core.package_identification:_identify(src/examples) by extension 'ignore'
[1.971s] Level 1:colcon.colcon_core.package_identification:_identify(src/examples) by extension 'ignore_ament_install'
[1.971s] Level 1:colcon.colcon_core.package_identification:_identify(src/examples) by extensions ['colcon_pkg']
[1.971s] Level 1:colcon.colcon_core.package_identification:_identify(src/examples) by extension 'colcon_pkg'
[1.971s] Level 1:colcon.colcon_core.package_identification:_identify(src/examples) by extensions ['colcon_meta']
[1.971s] Level 1:colcon.colcon_core.package_identification:_identify(src/examples) by extension 'colcon_meta'
[1.972s] Level 1:colcon.colcon_core.package_identification:_identify(src/examples) by extensions ['ros']
[1.972s] Level 1:colcon.colcon_core.package_identification:_identify(src/examples) by extension 'ros'
[1.972s] Level 1:colcon.colcon_core.package_identification:_identify(src/examples) by extensions ['cmake', 'python']
[1.972s] Level 1:colcon.colcon_core.package_identification:_identify(src/examples) by extension 'cmake'
[1.972s] Level 1:colcon.colcon_core.package_identification:_identify(src/examples) by extension 'python'
[1.972s] Level 1:colcon.colcon_core.package_identification:_identify(src/examples) by extensions ['python_setup_py']
[1.973s] Level 1:colcon.colcon_core.package_identification:_identify(src/examples) by extension 'python_setup_py'
[1.973s] Level 1:colcon.colcon_core.package_identification:_identify(src/imgs) by extensions ['ignore', 'ignore_ament_install']
[1.973s] Level 1:colcon.colcon_core.package_identification:_identify(src/imgs) by extension 'ignore'
[1.973s] Level 1:colcon.colcon_core.package_identification:_identify(src/imgs) by extension 'ignore_ament_install'
[1.974s] Level 1:colcon.colcon_core.package_identification:_identify(src/imgs) by extensions ['colcon_pkg']
[1.974s] Level 1:colcon.colcon_core.package_identification:_identify(src/imgs) by extension 'colcon_pkg'
[1.974s] Level 1:colcon.colcon_core.package_identification:_identify(src/imgs) by extensions ['colcon_meta']
[1.974s] Level 1:colcon.colcon_core.package_identification:_identify(src/imgs) by extension 'colcon_meta'
[1.974s] Level 1:colcon.colcon_core.package_identification:_identify(src/imgs) by extensions ['ros']
[1.974s] Level 1:colcon.colcon_core.package_identification:_identify(src/imgs) by extension 'ros'
[1.974s] Level 1:colcon.colcon_core.package_identification:_identify(src/imgs) by extensions ['cmake', 'python']
[1.974s] Level 1:colcon.colcon_core.package_identification:_identify(src/imgs) by extension 'cmake'
[1.975s] Level 1:colcon.colcon_core.package_identification:_identify(src/imgs) by extension 'python'
[1.975s] Level 1:colcon.colcon_core.package_identification:_identify(src/imgs) by extensions ['python_setup_py']
[1.975s] Level 1:colcon.colcon_core.package_identification:_identify(src/imgs) by extension 'python_setup_py'
[1.975s] Level 1:colcon.colcon_core.package_identification:_identify(tools) by extensions ['ignore', 'ignore_ament_install']
[1.976s] Level 1:colcon.colcon_core.package_identification:_identify(tools) by extension 'ignore'
[1.976s] Level 1:colcon.colcon_core.package_identification:_identify(tools) by extension 'ignore_ament_install'
[1.976s] Level 1:colcon.colcon_core.package_identification:_identify(tools) by extensions ['colcon_pkg']
[1.976s] Level 1:colcon.colcon_core.package_identification:_identify(tools) by extension 'colcon_pkg'
[1.976s] Level 1:colcon.colcon_core.package_identification:_identify(tools) by extensions ['colcon_meta']
[1.976s] Level 1:colcon.colcon_core.package_identification:_identify(tools) by extension 'colcon_meta'
[1.976s] Level 1:colcon.colcon_core.package_identification:_identify(tools) by extensions ['ros']
[1.976s] Level 1:colcon.colcon_core.package_identification:_identify(tools) by extension 'ros'
[1.977s] Level 1:colcon.colcon_core.package_identification:_identify(tools) by extensions ['cmake', 'python']
[1.977s] Level 1:colcon.colcon_core.package_identification:_identify(tools) by extension 'cmake'
[1.977s] Level 1:colcon.colcon_core.package_identification:_identify(tools) by extension 'python'
[1.977s] Level 1:colcon.colcon_core.package_identification:_identify(tools) by extensions ['python_setup_py']
[1.977s] Level 1:colcon.colcon_core.package_identification:_identify(tools) by extension 'python_setup_py'
[1.977s] Level 1:colcon.colcon_core.package_identification:_identify(tools/__pycache__) by extensions ['ignore', 'ignore_ament_install']
[1.978s] Level 1:colcon.colcon_core.package_identification:_identify(tools/__pycache__) by extension 'ignore'
[1.978s] Level 1:colcon.colcon_core.package_identification:_identify(tools/__pycache__) by extension 'ignore_ament_install'
[1.978s] Level 1:colcon.colcon_core.package_identification:_identify(tools/__pycache__) by extensions ['colcon_pkg']
[1.978s] Level 1:colcon.colcon_core.package_identification:_identify(tools/__pycache__) by extension 'colcon_pkg'
[1.978s] Level 1:colcon.colcon_core.package_identification:_identify(tools/__pycache__) by extensions ['colcon_meta']
[1.978s] Level 1:colcon.colcon_core.package_identification:_identify(tools/__pycache__) by extension 'colcon_meta'
[1.978s] Level 1:colcon.colcon_core.package_identification:_identify(tools/__pycache__) by extensions ['ros']
[1.978s] Level 1:colcon.colcon_core.package_identification:_identify(tools/__pycache__) by extension 'ros'
[1.978s] Level 1:colcon.colcon_core.package_identification:_identify(tools/__pycache__) by extensions ['cmake', 'python']
[1.979s] Level 1:colcon.colcon_core.package_identification:_identify(tools/__pycache__) by extension 'cmake'
[1.979s] Level 1:colcon.colcon_core.package_identification:_identify(tools/__pycache__) by extension 'python'
[1.979s] Level 1:colcon.colcon_core.package_identification:_identify(tools/__pycache__) by extensions ['python_setup_py']
[1.979s] Level 1:colcon.colcon_core.package_identification:_identify(tools/__pycache__) by extension 'python_setup_py'
[1.979s] Level 1:colcon.colcon_core.package_discovery:discover_packages(recursive) using defaults
[1.979s] Level 1:colcon.colcon_core.package_discovery:discover_packages(ignore) discover
[1.979s] Level 1:colcon.colcon_core.package_discovery:discover_packages(ignore) using defaults
[1.979s] Level 1:colcon.colcon_core.package_discovery:discover_packages(path) discover
[1.979s] Level 1:colcon.colcon_core.package_discovery:discover_packages(path) using defaults
[2.044s] Level 1:colcon.colcon_core.package_discovery:discover_packages(prefix_path) check parameters
[2.044s] Level 1:colcon.colcon_core.package_discovery:discover_packages(prefix_path) discover
[2.050s] DEBUG:colcon.colcon_installed_package_information.package_discovery:Found 383 installed packages in /opt/ros/humble
[2.054s] Level 1:colcon.colcon_core.package_discovery:discover_packages(prefix_path) using defaults
[2.143s] Level 5:colcon.colcon_core.verb:set package 'alicia_d_calibration' build argument 'cmake_args' from command line to 'None'
[2.143s] Level 5:colcon.colcon_core.verb:set package 'alicia_d_calibration' build argument 'cmake_target' from command line to 'None'
[2.143s] Level 5:colcon.colcon_core.verb:set package 'alicia_d_calibration' build argument 'cmake_target_skip_unavailable' from command line to 'False'
[2.143s] Level 5:colcon.colcon_core.verb:set package 'alicia_d_calibration' build argument 'cmake_clean_cache' from command line to 'False'
[2.143s] Level 5:colcon.colcon_core.verb:set package 'alicia_d_calibration' build argument 'cmake_clean_first' from command line to 'False'
[2.143s] Level 5:colcon.colcon_core.verb:set package 'alicia_d_calibration' build argument 'cmake_force_configure' from command line to 'False'
[2.143s] Level 5:colcon.colcon_core.verb:set package 'alicia_d_calibration' build argument 'ament_cmake_args' from command line to 'None'
[2.143s] Level 5:colcon.colcon_core.verb:set package 'alicia_d_calibration' build argument 'catkin_cmake_args' from command line to 'None'
[2.144s] Level 5:colcon.colcon_core.verb:set package 'alicia_d_calibration' build argument 'catkin_skip_building_tests' from command line to 'False'
[2.144s] DEBUG:colcon.colcon_core.verb:Building package 'alicia_d_calibration' with the following arguments: {'ament_cmake_args': None, 'build_base': '/home/Projects/HET/alicia_ws/build/alicia_d_calibration', 'catkin_cmake_args': None, 'catkin_skip_building_tests': False, 'cmake_args': None, 'cmake_clean_cache': False, 'cmake_clean_first': False, 'cmake_force_configure': False, 'cmake_target': None, 'cmake_target_skip_unavailable': False, 'install_base': '/home/Projects/HET/alicia_ws/install/alicia_d_calibration', 'merge_install': False, 'path': '/home/Projects/HET/alicia_ws/src/alicia_d_calibration', 'symlink_install': False, 'test_result_base': None}
[2.144s] Level 5:colcon.colcon_core.verb:set package 'alicia_d_cube_sort' build argument 'cmake_args' from command line to 'None'
[2.145s] Level 5:colcon.colcon_core.verb:set package 'alicia_d_cube_sort' build argument 'cmake_target' from command line to 'None'
[2.145s] Level 5:colcon.colcon_core.verb:set package 'alicia_d_cube_sort' build argument 'cmake_target_skip_unavailable' from command line to 'False'
[2.145s] Level 5:colcon.colcon_core.verb:set package 'alicia_d_cube_sort' build argument 'cmake_clean_cache' from command line to 'False'
[2.145s] Level 5:colcon.colcon_core.verb:set package 'alicia_d_cube_sort' build argument 'cmake_clean_first' from command line to 'False'
[2.145s] Level 5:colcon.colcon_core.verb:set package 'alicia_d_cube_sort' build argument 'cmake_force_configure' from command line to 'False'
[2.145s] Level 5:colcon.colcon_core.verb:set package 'alicia_d_cube_sort' build argument 'ament_cmake_args' from command line to 'None'
[2.145s] Level 5:colcon.colcon_core.verb:set package 'alicia_d_cube_sort' build argument 'catkin_cmake_args' from command line to 'None'
[2.145s] Level 5:colcon.colcon_core.verb:set package 'alicia_d_cube_sort' build argument 'catkin_skip_building_tests' from command line to 'False'
[2.145s] DEBUG:colcon.colcon_core.verb:Building package 'alicia_d_cube_sort' with the following arguments: {'ament_cmake_args': None, 'build_base': '/home/Projects/HET/alicia_ws/build/alicia_d_cube_sort', 'catkin_cmake_args': None, 'catkin_skip_building_tests': False, 'cmake_args': None, 'cmake_clean_cache': False, 'cmake_clean_first': False, 'cmake_force_configure': False, 'cmake_target': None, 'cmake_target_skip_unavailable': False, 'install_base': '/home/Projects/HET/alicia_ws/install/alicia_d_cube_sort', 'merge_install': False, 'path': '/home/Projects/HET/alicia_ws/src/alicia_d_cube_sort', 'symlink_install': False, 'test_result_base': None}
[2.146s] Level 5:colcon.colcon_core.verb:set package 'alicia_d_descriptions' build argument 'cmake_args' from command line to 'None'
[2.146s] Level 5:colcon.colcon_core.verb:set package 'alicia_d_descriptions' build argument 'cmake_target' from command line to 'None'
[2.146s] Level 5:colcon.colcon_core.verb:set package 'alicia_d_descriptions' build argument 'cmake_target_skip_unavailable' from command line to 'False'
[2.146s] Level 5:colcon.colcon_core.verb:set package 'alicia_d_descriptions' build argument 'cmake_clean_cache' from command line to 'False'
[2.146s] Level 5:colcon.colcon_core.verb:set package 'alicia_d_descriptions' build argument 'cmake_clean_first' from command line to 'False'
[2.146s] Level 5:colcon.colcon_core.verb:set package 'alicia_d_descriptions' build argument 'cmake_force_configure' from command line to 'False'
[2.146s] Level 5:colcon.colcon_core.verb:set package 'alicia_d_descriptions' build argument 'ament_cmake_args' from command line to 'None'
[2.146s] Level 5:colcon.colcon_core.verb:set package 'alicia_d_descriptions' build argument 'catkin_cmake_args' from command line to 'None'
[2.146s] Level 5:colcon.colcon_core.verb:set package 'alicia_d_descriptions' build argument 'catkin_skip_building_tests' from command line to 'False'
[2.146s] DEBUG:colcon.colcon_core.verb:Building package 'alicia_d_descriptions' with the following arguments: {'ament_cmake_args': None, 'build_base': '/home/Projects/HET/alicia_ws/build/alicia_d_descriptions', 'catkin_cmake_args': None, 'catkin_skip_building_tests': False, 'cmake_args': None, 'cmake_clean_cache': False, 'cmake_clean_first': False, 'cmake_force_configure': False, 'cmake_target': None, 'cmake_target_skip_unavailable': False, 'install_base': '/home/Projects/HET/alicia_ws/install/alicia_d_descriptions', 'merge_install': False, 'path': '/home/Projects/HET/alicia_ws/src/alicia_d_descriptions', 'symlink_install': False, 'test_result_base': None}
[2.147s] Level 5:colcon.colcon_core.verb:set package 'alicia_d_driver' build argument 'cmake_args' from command line to 'None'
[2.147s] Level 5:colcon.colcon_core.verb:set package 'alicia_d_driver' build argument 'cmake_target' from command line to 'None'
[2.147s] Level 5:colcon.colcon_core.verb:set package 'alicia_d_driver' build argument 'cmake_target_skip_unavailable' from command line to 'False'
[2.147s] Level 5:colcon.colcon_core.verb:set package 'alicia_d_driver' build argument 'cmake_clean_cache' from command line to 'False'
[2.147s] Level 5:colcon.colcon_core.verb:set package 'alicia_d_driver' build argument 'cmake_clean_first' from command line to 'False'
[2.147s] Level 5:colcon.colcon_core.verb:set package 'alicia_d_driver' build argument 'cmake_force_configure' from command line to 'False'
[2.147s] Level 5:colcon.colcon_core.verb:set package 'alicia_d_driver' build argument 'ament_cmake_args' from command line to 'None'
[2.147s] Level 5:colcon.colcon_core.verb:set package 'alicia_d_driver' build argument 'catkin_cmake_args' from command line to 'None'
[2.147s] Level 5:colcon.colcon_core.verb:set package 'alicia_d_driver' build argument 'catkin_skip_building_tests' from command line to 'False'
[2.148s] DEBUG:colcon.colcon_core.verb:Building package 'alicia_d_driver' with the following arguments: {'ament_cmake_args': None, 'build_base': '/home/Projects/HET/alicia_ws/build/alicia_d_driver', 'catkin_cmake_args': None, 'catkin_skip_building_tests': False, 'cmake_args': None, 'cmake_clean_cache': False, 'cmake_clean_first': False, 'cmake_force_configure': False, 'cmake_target': None, 'cmake_target_skip_unavailable': False, 'install_base': '/home/Projects/HET/alicia_ws/install/alicia_d_driver', 'merge_install': False, 'path': '/home/Projects/HET/alicia_ws/src/alicia_d_driver', 'symlink_install': False, 'test_result_base': None}
[2.148s] Level 5:colcon.colcon_core.verb:set package 'alicia_d_thinkgrasp_bridge' build argument 'cmake_args' from command line to 'None'
[2.148s] Level 5:colcon.colcon_core.verb:set package 'alicia_d_thinkgrasp_bridge' build argument 'cmake_target' from command line to 'None'
[2.148s] Level 5:colcon.colcon_core.verb:set package 'alicia_d_thinkgrasp_bridge' build argument 'cmake_target_skip_unavailable' from command line to 'False'
[2.148s] Level 5:colcon.colcon_core.verb:set package 'alicia_d_thinkgrasp_bridge' build argument 'cmake_clean_cache' from command line to 'False'
[2.148s] Level 5:colcon.colcon_core.verb:set package 'alicia_d_thinkgrasp_bridge' build argument 'cmake_clean_first' from command line to 'False'
[2.148s] Level 5:colcon.colcon_core.verb:set package 'alicia_d_thinkgrasp_bridge' build argument 'cmake_force_configure' from command line to 'False'
[2.149s] Level 5:colcon.colcon_core.verb:set package 'alicia_d_thinkgrasp_bridge' build argument 'ament_cmake_args' from command line to 'None'
[2.149s] Level 5:colcon.colcon_core.verb:set package 'alicia_d_thinkgrasp_bridge' build argument 'catkin_cmake_args' from command line to 'None'
[2.149s] Level 5:colcon.colcon_core.verb:set package 'alicia_d_thinkgrasp_bridge' build argument 'catkin_skip_building_tests' from command line to 'False'
[2.149s] DEBUG:colcon.colcon_core.verb:Building package 'alicia_d_thinkgrasp_bridge' with the following arguments: {'ament_cmake_args': None, 'build_base': '/home/Projects/HET/alicia_ws/build/alicia_d_thinkgrasp_bridge', 'catkin_cmake_args': None, 'catkin_skip_building_tests': False, 'cmake_args': None, 'cmake_clean_cache': False, 'cmake_clean_first': False, 'cmake_force_configure': False, 'cmake_target': None, 'cmake_target_skip_unavailable': False, 'install_base': '/home/Projects/HET/alicia_ws/install/alicia_d_thinkgrasp_bridge', 'merge_install': False, 'path': '/home/Projects/HET/alicia_ws/src/alicia_d_thinkgrasp_bridge', 'symlink_install': False, 'test_result_base': None}
[2.149s] Level 5:colcon.colcon_core.verb:set package 'alicia_d_moveit' build argument 'cmake_args' from command line to 'None'
[2.150s] Level 5:colcon.colcon_core.verb:set package 'alicia_d_moveit' build argument 'cmake_target' from command line to 'None'
[2.150s] Level 5:colcon.colcon_core.verb:set package 'alicia_d_moveit' build argument 'cmake_target_skip_unavailable' from command line to 'False'
[2.150s] Level 5:colcon.colcon_core.verb:set package 'alicia_d_moveit' build argument 'cmake_clean_cache' from command line to 'False'
[2.150s] Level 5:colcon.colcon_core.verb:set package 'alicia_d_moveit' build argument 'cmake_clean_first' from command line to 'False'
[2.150s] Level 5:colcon.colcon_core.verb:set package 'alicia_d_moveit' build argument 'cmake_force_configure' from command line to 'False'
[2.150s] Level 5:colcon.colcon_core.verb:set package 'alicia_d_moveit' build argument 'ament_cmake_args' from command line to 'None'
[2.150s] Level 5:colcon.colcon_core.verb:set package 'alicia_d_moveit' build argument 'catkin_cmake_args' from command line to 'None'
[2.151s] Level 5:colcon.colcon_core.verb:set package 'alicia_d_moveit' build argument 'catkin_skip_building_tests' from command line to 'False'
[2.151s] DEBUG:colcon.colcon_core.verb:Building package 'alicia_d_moveit' with the following arguments: {'ament_cmake_args': None, 'build_base': '/home/Projects/HET/alicia_ws/build/alicia_d_moveit', 'catkin_cmake_args': None, 'catkin_skip_building_tests': False, 'cmake_args': None, 'cmake_clean_cache': False, 'cmake_clean_first': False, 'cmake_force_configure': False, 'cmake_target': None, 'cmake_target_skip_unavailable': False, 'install_base': '/home/Projects/HET/alicia_ws/install/alicia_d_moveit', 'merge_install': False, 'path': '/home/Projects/HET/alicia_ws/src/alicia_d_moveit', 'symlink_install': False, 'test_result_base': None}
[2.151s] INFO:colcon.colcon_core.executor:Executing jobs using 'parallel' executor
[2.153s] DEBUG:colcon.colcon_parallel_executor.executor.parallel:run_until_complete
[2.155s] INFO:colcon.colcon_ros.task.ament_cmake.build:Building ROS package in '/home/Projects/HET/alicia_ws/src/alicia_d_descriptions' with build type 'ament_cmake'
[2.155s] INFO:colcon.colcon_cmake.task.cmake.build:Building CMake package in '/home/Projects/HET/alicia_ws/src/alicia_d_descriptions'
[2.161s] INFO:colcon.colcon_core.plugin_system:Skipping extension 'colcon_core.shell.bat': Not used on non-Windows systems
[2.161s] INFO:colcon.colcon_core.shell:Skip shell extension 'powershell' for command environment: Not usable outside of PowerShell
[2.162s] DEBUG:colcon.colcon_core.shell:Skip shell extension 'dsv' for command environment
[2.169s] INFO:colcon.colcon_ros.task.ament_cmake.build:Building ROS package in '/home/Projects/HET/alicia_ws/src/alicia_d_driver' with build type 'ament_cmake'
[2.169s] INFO:colcon.colcon_cmake.task.cmake.build:Building CMake package in '/home/Projects/HET/alicia_ws/src/alicia_d_driver'
[2.170s] INFO:colcon.colcon_core.shell:Skip shell extension 'powershell' for command environment: Not usable outside of PowerShell
[2.171s] DEBUG:colcon.colcon_core.shell:Skip shell extension 'dsv' for command environment
[2.179s] INFO:colcon.colcon_ros.task.ament_cmake.build:Building ROS package in '/home/Projects/HET/alicia_ws/src/alicia_d_calibration' with build type 'ament_cmake'
[2.179s] INFO:colcon.colcon_cmake.task.cmake.build:Building CMake package in '/home/Projects/HET/alicia_ws/src/alicia_d_calibration'
[2.180s] INFO:colcon.colcon_core.shell:Skip shell extension 'powershell' for command environment: Not usable outside of PowerShell
[2.180s] DEBUG:colcon.colcon_core.shell:Skip shell extension 'dsv' for command environment
[2.188s] INFO:colcon.colcon_ros.task.ament_cmake.build:Building ROS package in '/home/Projects/HET/alicia_ws/src/alicia_d_cube_sort' with build type 'ament_cmake'
[2.189s] INFO:colcon.colcon_cmake.task.cmake.build:Building CMake package in '/home/Projects/HET/alicia_ws/src/alicia_d_cube_sort'
[2.190s] INFO:colcon.colcon_core.shell:Skip shell extension 'powershell' for command environment: Not usable outside of PowerShell
[2.190s] DEBUG:colcon.colcon_core.shell:Skip shell extension 'dsv' for command environment
[2.198s] INFO:colcon.colcon_ros.task.ament_cmake.build:Building ROS package in '/home/Projects/HET/alicia_ws/src/alicia_d_thinkgrasp_bridge' with build type 'ament_cmake'
[2.198s] INFO:colcon.colcon_cmake.task.cmake.build:Building CMake package in '/home/Projects/HET/alicia_ws/src/alicia_d_thinkgrasp_bridge'
[2.199s] INFO:colcon.colcon_core.shell:Skip shell extension 'powershell' for command environment: Not usable outside of PowerShell
[2.200s] DEBUG:colcon.colcon_core.shell:Skip shell extension 'dsv' for command environment
[2.227s] DEBUG:colcon.colcon_core.event_handler.log_command:Invoking command in '/home/Projects/HET/alicia_ws/build/alicia_d_descriptions': CMAKE_PREFIX_PATH=/opt/ros/humble /usr/bin/cmake /home/Projects/HET/alicia_ws/src/alicia_d_descriptions -DCMAKE_INSTALL_PREFIX=/home/Projects/HET/alicia_ws/install/alicia_d_descriptions
[2.239s] DEBUG:colcon.colcon_core.event_handler.log_command:Invoking command in '/home/Projects/HET/alicia_ws/build/alicia_d_driver': CMAKE_PREFIX_PATH=/opt/ros/humble /usr/bin/cmake /home/Projects/HET/alicia_ws/src/alicia_d_driver -DCMAKE_INSTALL_PREFIX=/home/Projects/HET/alicia_ws/install/alicia_d_driver
[2.250s] DEBUG:colcon.colcon_core.event_handler.log_command:Invoking command in '/home/Projects/HET/alicia_ws/build/alicia_d_calibration': CMAKE_PREFIX_PATH=/opt/ros/humble /usr/bin/cmake /home/Projects/HET/alicia_ws/src/alicia_d_calibration -DCMAKE_INSTALL_PREFIX=/home/Projects/HET/alicia_ws/install/alicia_d_calibration
[2.261s] DEBUG:colcon.colcon_core.event_handler.log_command:Invoking command in '/home/Projects/HET/alicia_ws/build/alicia_d_cube_sort': CMAKE_PREFIX_PATH=/opt/ros/humble /usr/bin/cmake /home/Projects/HET/alicia_ws/src/alicia_d_cube_sort -DCMAKE_INSTALL_PREFIX=/home/Projects/HET/alicia_ws/install/alicia_d_cube_sort
[2.283s] DEBUG:colcon.colcon_core.event_handler.log_command:Invoking command in '/home/Projects/HET/alicia_ws/build/alicia_d_thinkgrasp_bridge': CMAKE_PREFIX_PATH=/opt/ros/humble /usr/bin/cmake /home/Projects/HET/alicia_ws/src/alicia_d_thinkgrasp_bridge -DCMAKE_INSTALL_PREFIX=/home/Projects/HET/alicia_ws/install/alicia_d_thinkgrasp_bridge
[20.997s] DEBUG:colcon.colcon_core.event_handler.log_command:Invoked command in '/home/Projects/HET/alicia_ws/build/alicia_d_thinkgrasp_bridge' returned '0': CMAKE_PREFIX_PATH=/opt/ros/humble /usr/bin/cmake /home/Projects/HET/alicia_ws/src/alicia_d_thinkgrasp_bridge -DCMAKE_INSTALL_PREFIX=/home/Projects/HET/alicia_ws/install/alicia_d_thinkgrasp_bridge
[21.003s] DEBUG:colcon.colcon_core.event_handler.log_command:Invoking command in '/home/Projects/HET/alicia_ws/build/alicia_d_thinkgrasp_bridge': CMAKE_PREFIX_PATH=/opt/ros/humble /usr/bin/cmake --build /home/Projects/HET/alicia_ws/build/alicia_d_thinkgrasp_bridge -- -j20 -l20
[21.006s] DEBUG:colcon.colcon_core.event_handler.log_command:Invoked command in '/home/Projects/HET/alicia_ws/build/alicia_d_cube_sort' returned '0': CMAKE_PREFIX_PATH=/opt/ros/humble /usr/bin/cmake /home/Projects/HET/alicia_ws/src/alicia_d_cube_sort -DCMAKE_INSTALL_PREFIX=/home/Projects/HET/alicia_ws/install/alicia_d_cube_sort
[21.007s] DEBUG:colcon.colcon_core.event_handler.log_command:Invoking command in '/home/Projects/HET/alicia_ws/build/alicia_d_cube_sort': CMAKE_PREFIX_PATH=/opt/ros/humble /usr/bin/cmake --build /home/Projects/HET/alicia_ws/build/alicia_d_cube_sort -- -j20 -l20
[21.688s] DEBUG:colcon.colcon_core.event_handler.log_command:Invoked command in '/home/Projects/HET/alicia_ws/build/alicia_d_thinkgrasp_bridge' returned '0': CMAKE_PREFIX_PATH=/opt/ros/humble /usr/bin/cmake --build /home/Projects/HET/alicia_ws/build/alicia_d_thinkgrasp_bridge -- -j20 -l20
[21.711s] DEBUG:colcon.colcon_core.event_handler.log_command:Invoking command in '/home/Projects/HET/alicia_ws/build/alicia_d_thinkgrasp_bridge': CMAKE_PREFIX_PATH=/opt/ros/humble /usr/bin/cmake --install /home/Projects/HET/alicia_ws/build/alicia_d_thinkgrasp_bridge
[21.743s] DEBUG:colcon.colcon_core.event_handler.log_command:Invoked command in '/home/Projects/HET/alicia_ws/build/alicia_d_cube_sort' returned '0': CMAKE_PREFIX_PATH=/opt/ros/humble /usr/bin/cmake --build /home/Projects/HET/alicia_ws/build/alicia_d_cube_sort -- -j20 -l20
[21.745s] DEBUG:colcon.colcon_core.event_handler.log_command:Invoking command in '/home/Projects/HET/alicia_ws/build/alicia_d_cube_sort': CMAKE_PREFIX_PATH=/opt/ros/humble /usr/bin/cmake --install /home/Projects/HET/alicia_ws/build/alicia_d_cube_sort
[21.842s] Level 1:colcon.colcon_core.environment:create_environment_scripts_only(alicia_d_thinkgrasp_bridge)
[21.844s] DEBUG:colcon.colcon_core.event_handler.log_command:Invoked command in '/home/Projects/HET/alicia_ws/build/alicia_d_thinkgrasp_bridge' returned '0': CMAKE_PREFIX_PATH=/opt/ros/humble /usr/bin/cmake --install /home/Projects/HET/alicia_ws/build/alicia_d_thinkgrasp_bridge
[21.849s] Level 1:colcon.colcon_core.environment:checking '/home/Projects/HET/alicia_ws/install/alicia_d_thinkgrasp_bridge' for CMake module files
[21.850s] Level 1:colcon.colcon_core.environment:checking '/home/Projects/HET/alicia_ws/install/alicia_d_thinkgrasp_bridge' for CMake config files
[21.851s] Level 1:colcon.colcon_core.shell:create_environment_hook('alicia_d_thinkgrasp_bridge', 'cmake_prefix_path')
[21.851s] INFO:colcon.colcon_core.shell:Creating environment hook '/home/Projects/HET/alicia_ws/install/alicia_d_thinkgrasp_bridge/share/alicia_d_thinkgrasp_bridge/hook/cmake_prefix_path.ps1'
[21.853s] INFO:colcon.colcon_core.shell:Creating environment descriptor '/home/Projects/HET/alicia_ws/install/alicia_d_thinkgrasp_bridge/share/alicia_d_thinkgrasp_bridge/hook/cmake_prefix_path.dsv'
[21.855s] INFO:colcon.colcon_core.shell:Creating environment hook '/home/Projects/HET/alicia_ws/install/alicia_d_thinkgrasp_bridge/share/alicia_d_thinkgrasp_bridge/hook/cmake_prefix_path.sh'
[21.858s] Level 1:colcon.colcon_core.environment:checking '/home/Projects/HET/alicia_ws/install/alicia_d_thinkgrasp_bridge/lib'
[21.858s] Level 1:colcon.colcon_core.environment:checking '/home/Projects/HET/alicia_ws/install/alicia_d_thinkgrasp_bridge/bin'
[21.859s] Level 1:colcon.colcon_core.environment:checking '/home/Projects/HET/alicia_ws/install/alicia_d_thinkgrasp_bridge/lib/pkgconfig/alicia_d_thinkgrasp_bridge.pc'
[21.859s] Level 1:colcon.colcon_core.environment:checking '/home/Projects/HET/alicia_ws/install/alicia_d_thinkgrasp_bridge/lib/python3.10/site-packages'
[21.860s] Level 1:colcon.colcon_core.environment:checking '/home/Projects/HET/alicia_ws/install/alicia_d_thinkgrasp_bridge/bin'
[21.861s] INFO:colcon.colcon_core.shell:Creating package script '/home/Projects/HET/alicia_ws/install/alicia_d_thinkgrasp_bridge/share/alicia_d_thinkgrasp_bridge/package.ps1'
[21.866s] INFO:colcon.colcon_core.shell:Creating package descriptor '/home/Projects/HET/alicia_ws/install/alicia_d_thinkgrasp_bridge/share/alicia_d_thinkgrasp_bridge/package.dsv'
[21.870s] INFO:colcon.colcon_core.shell:Creating package script '/home/Projects/HET/alicia_ws/install/alicia_d_thinkgrasp_bridge/share/alicia_d_thinkgrasp_bridge/package.sh'
[21.873s] INFO:colcon.colcon_core.shell:Creating package script '/home/Projects/HET/alicia_ws/install/alicia_d_thinkgrasp_bridge/share/alicia_d_thinkgrasp_bridge/package.bash'
[21.876s] INFO:colcon.colcon_core.shell:Creating package script '/home/Projects/HET/alicia_ws/install/alicia_d_thinkgrasp_bridge/share/alicia_d_thinkgrasp_bridge/package.zsh'
[21.878s] Level 1:colcon.colcon_core.environment:create_file_with_runtime_dependencies(/home/Projects/HET/alicia_ws/install/alicia_d_thinkgrasp_bridge/share/colcon-core/packages/alicia_d_thinkgrasp_bridge)
[21.886s] Level 1:colcon.colcon_core.environment:create_environment_scripts_only(alicia_d_thinkgrasp_bridge)
[21.888s] Level 1:colcon.colcon_core.environment:checking '/home/Projects/HET/alicia_ws/install/alicia_d_thinkgrasp_bridge' for CMake module files
[21.897s] Level 1:colcon.colcon_core.environment:checking '/home/Projects/HET/alicia_ws/install/alicia_d_thinkgrasp_bridge' for CMake config files
[21.904s] Level 1:colcon.colcon_core.shell:create_environment_hook('alicia_d_thinkgrasp_bridge', 'cmake_prefix_path')
[21.905s] INFO:colcon.colcon_core.shell:Creating environment hook '/home/Projects/HET/alicia_ws/install/alicia_d_thinkgrasp_bridge/share/alicia_d_thinkgrasp_bridge/hook/cmake_prefix_path.ps1'
[21.909s] INFO:colcon.colcon_core.shell:Creating environment descriptor '/home/Projects/HET/alicia_ws/install/alicia_d_thinkgrasp_bridge/share/alicia_d_thinkgrasp_bridge/hook/cmake_prefix_path.dsv'
[21.911s] INFO:colcon.colcon_core.shell:Creating environment hook '/home/Projects/HET/alicia_ws/install/alicia_d_thinkgrasp_bridge/share/alicia_d_thinkgrasp_bridge/hook/cmake_prefix_path.sh'
[21.913s] Level 1:colcon.colcon_core.environment:checking '/home/Projects/HET/alicia_ws/install/alicia_d_thinkgrasp_bridge/lib'
[21.914s] Level 1:colcon.colcon_core.environment:checking '/home/Projects/HET/alicia_ws/install/alicia_d_thinkgrasp_bridge/bin'
[21.914s] Level 1:colcon.colcon_core.environment:checking '/home/Projects/HET/alicia_ws/install/alicia_d_thinkgrasp_bridge/lib/pkgconfig/alicia_d_thinkgrasp_bridge.pc'
[21.915s] Level 1:colcon.colcon_core.environment:checking '/home/Projects/HET/alicia_ws/install/alicia_d_thinkgrasp_bridge/lib/python3.10/site-packages'
[21.917s] Level 1:colcon.colcon_core.environment:checking '/home/Projects/HET/alicia_ws/install/alicia_d_thinkgrasp_bridge/bin'
[21.918s] INFO:colcon.colcon_core.shell:Creating package script '/home/Projects/HET/alicia_ws/install/alicia_d_thinkgrasp_bridge/share/alicia_d_thinkgrasp_bridge/package.ps1'
[21.920s] INFO:colcon.colcon_core.shell:Creating package descriptor '/home/Projects/HET/alicia_ws/install/alicia_d_thinkgrasp_bridge/share/alicia_d_thinkgrasp_bridge/package.dsv'
[21.922s] INFO:colcon.colcon_core.shell:Creating package script '/home/Projects/HET/alicia_ws/install/alicia_d_thinkgrasp_bridge/share/alicia_d_thinkgrasp_bridge/package.sh'
[21.923s] INFO:colcon.colcon_core.shell:Creating package script '/home/Projects/HET/alicia_ws/install/alicia_d_thinkgrasp_bridge/share/alicia_d_thinkgrasp_bridge/package.bash'
[21.925s] INFO:colcon.colcon_core.shell:Creating package script '/home/Projects/HET/alicia_ws/install/alicia_d_thinkgrasp_bridge/share/alicia_d_thinkgrasp_bridge/package.zsh'
[21.926s] Level 1:colcon.colcon_core.environment:create_file_with_runtime_dependencies(/home/Projects/HET/alicia_ws/install/alicia_d_thinkgrasp_bridge/share/colcon-core/packages/alicia_d_thinkgrasp_bridge)
[21.930s] Level 1:colcon.colcon_core.environment:create_environment_scripts_only(alicia_d_cube_sort)
[21.932s] Level 1:colcon.colcon_core.environment:checking '/home/Projects/HET/alicia_ws/install/alicia_d_cube_sort' for CMake module files
[21.934s] DEBUG:colcon.colcon_core.event_handler.log_command:Invoked command in '/home/Projects/HET/alicia_ws/build/alicia_d_cube_sort' returned '0': CMAKE_PREFIX_PATH=/opt/ros/humble /usr/bin/cmake --install /home/Projects/HET/alicia_ws/build/alicia_d_cube_sort
[21.935s] Level 1:colcon.colcon_core.environment:checking '/home/Projects/HET/alicia_ws/install/alicia_d_cube_sort' for CMake config files
[21.936s] Level 1:colcon.colcon_core.shell:create_environment_hook('alicia_d_cube_sort', 'cmake_prefix_path')
[21.936s] INFO:colcon.colcon_core.shell:Creating environment hook '/home/Projects/HET/alicia_ws/install/alicia_d_cube_sort/share/alicia_d_cube_sort/hook/cmake_prefix_path.ps1'
[21.939s] INFO:colcon.colcon_core.shell:Creating environment descriptor '/home/Projects/HET/alicia_ws/install/alicia_d_cube_sort/share/alicia_d_cube_sort/hook/cmake_prefix_path.dsv'
[21.941s] INFO:colcon.colcon_core.shell:Creating environment hook '/home/Projects/HET/alicia_ws/install/alicia_d_cube_sort/share/alicia_d_cube_sort/hook/cmake_prefix_path.sh'
[21.943s] Level 1:colcon.colcon_core.environment:checking '/home/Projects/HET/alicia_ws/install/alicia_d_cube_sort/lib'
[21.944s] Level 1:colcon.colcon_core.environment:checking '/home/Projects/HET/alicia_ws/install/alicia_d_cube_sort/bin'
[21.944s] Level 1:colcon.colcon_core.environment:checking '/home/Projects/HET/alicia_ws/install/alicia_d_cube_sort/lib/pkgconfig/alicia_d_cube_sort.pc'
[21.945s] Level 1:colcon.colcon_core.environment:checking '/home/Projects/HET/alicia_ws/install/alicia_d_cube_sort/lib/python3.10/site-packages'
[21.946s] Level 1:colcon.colcon_core.environment:checking '/home/Projects/HET/alicia_ws/install/alicia_d_cube_sort/bin'
[21.947s] INFO:colcon.colcon_core.shell:Creating package script '/home/Projects/HET/alicia_ws/install/alicia_d_cube_sort/share/alicia_d_cube_sort/package.ps1'
[21.948s] INFO:colcon.colcon_core.shell:Creating package descriptor '/home/Projects/HET/alicia_ws/install/alicia_d_cube_sort/share/alicia_d_cube_sort/package.dsv'
[21.950s] INFO:colcon.colcon_core.shell:Creating package script '/home/Projects/HET/alicia_ws/install/alicia_d_cube_sort/share/alicia_d_cube_sort/package.sh'
[21.951s] INFO:colcon.colcon_core.shell:Creating package script '/home/Projects/HET/alicia_ws/install/alicia_d_cube_sort/share/alicia_d_cube_sort/package.bash'
[21.952s] INFO:colcon.colcon_core.shell:Creating package script '/home/Projects/HET/alicia_ws/install/alicia_d_cube_sort/share/alicia_d_cube_sort/package.zsh'
[21.954s] Level 1:colcon.colcon_core.environment:create_file_with_runtime_dependencies(/home/Projects/HET/alicia_ws/install/alicia_d_cube_sort/share/colcon-core/packages/alicia_d_cube_sort)
[21.958s] Level 1:colcon.colcon_core.environment:create_environment_scripts_only(alicia_d_cube_sort)
[21.959s] Level 1:colcon.colcon_core.environment:checking '/home/Projects/HET/alicia_ws/install/alicia_d_cube_sort' for CMake module files
[21.960s] Level 1:colcon.colcon_core.environment:checking '/home/Projects/HET/alicia_ws/install/alicia_d_cube_sort' for CMake config files
[21.961s] Level 1:colcon.colcon_core.shell:create_environment_hook('alicia_d_cube_sort', 'cmake_prefix_path')
[21.961s] INFO:colcon.colcon_core.shell:Creating environment hook '/home/Projects/HET/alicia_ws/install/alicia_d_cube_sort/share/alicia_d_cube_sort/hook/cmake_prefix_path.ps1'
[21.963s] INFO:colcon.colcon_core.shell:Creating environment descriptor '/home/Projects/HET/alicia_ws/install/alicia_d_cube_sort/share/alicia_d_cube_sort/hook/cmake_prefix_path.dsv'
[21.965s] INFO:colcon.colcon_core.shell:Creating environment hook '/home/Projects/HET/alicia_ws/install/alicia_d_cube_sort/share/alicia_d_cube_sort/hook/cmake_prefix_path.sh'
[21.967s] Level 1:colcon.colcon_core.environment:checking '/home/Projects/HET/alicia_ws/install/alicia_d_cube_sort/lib'
[21.967s] Level 1:colcon.colcon_core.environment:checking '/home/Projects/HET/alicia_ws/install/alicia_d_cube_sort/bin'
[21.968s] Level 1:colcon.colcon_core.environment:checking '/home/Projects/HET/alicia_ws/install/alicia_d_cube_sort/lib/pkgconfig/alicia_d_cube_sort.pc'
[21.968s] Level 1:colcon.colcon_core.environment:checking '/home/Projects/HET/alicia_ws/install/alicia_d_cube_sort/lib/python3.10/site-packages'
[21.970s] Level 1:colcon.colcon_core.environment:checking '/home/Projects/HET/alicia_ws/install/alicia_d_cube_sort/bin'
[21.971s] INFO:colcon.colcon_core.shell:Creating package script '/home/Projects/HET/alicia_ws/install/alicia_d_cube_sort/share/alicia_d_cube_sort/package.ps1'
[21.974s] INFO:colcon.colcon_core.shell:Creating package descriptor '/home/Projects/HET/alicia_ws/install/alicia_d_cube_sort/share/alicia_d_cube_sort/package.dsv'
[21.976s] INFO:colcon.colcon_core.shell:Creating package script '/home/Projects/HET/alicia_ws/install/alicia_d_cube_sort/share/alicia_d_cube_sort/package.sh'
[21.977s] INFO:colcon.colcon_core.shell:Creating package script '/home/Projects/HET/alicia_ws/install/alicia_d_cube_sort/share/alicia_d_cube_sort/package.bash'
[21.978s] INFO:colcon.colcon_core.shell:Creating package script '/home/Projects/HET/alicia_ws/install/alicia_d_cube_sort/share/alicia_d_cube_sort/package.zsh'
[21.980s] Level 1:colcon.colcon_core.environment:create_file_with_runtime_dependencies(/home/Projects/HET/alicia_ws/install/alicia_d_cube_sort/share/colcon-core/packages/alicia_d_cube_sort)
[22.045s] DEBUG:colcon.colcon_core.event_handler.log_command:Invoked command in '/home/Projects/HET/alicia_ws/build/alicia_d_descriptions' returned '0': CMAKE_PREFIX_PATH=/opt/ros/humble /usr/bin/cmake /home/Projects/HET/alicia_ws/src/alicia_d_descriptions -DCMAKE_INSTALL_PREFIX=/home/Projects/HET/alicia_ws/install/alicia_d_descriptions
[22.050s] DEBUG:colcon.colcon_core.event_handler.log_command:Invoking command in '/home/Projects/HET/alicia_ws/build/alicia_d_descriptions': CMAKE_PREFIX_PATH=/opt/ros/humble /usr/bin/cmake --build /home/Projects/HET/alicia_ws/build/alicia_d_descriptions -- -j20 -l20
[22.142s] DEBUG:colcon.colcon_core.event_handler.log_command:Invoked command in '/home/Projects/HET/alicia_ws/build/alicia_d_descriptions' returned '0': CMAKE_PREFIX_PATH=/opt/ros/humble /usr/bin/cmake --build /home/Projects/HET/alicia_ws/build/alicia_d_descriptions -- -j20 -l20
[22.148s] DEBUG:colcon.colcon_core.event_handler.log_command:Invoking command in '/home/Projects/HET/alicia_ws/build/alicia_d_descriptions': CMAKE_PREFIX_PATH=/opt/ros/humble /usr/bin/cmake --install /home/Projects/HET/alicia_ws/build/alicia_d_descriptions
[22.305s] DEBUG:colcon.colcon_core.event_handler.log_command:Invoked command in '/home/Projects/HET/alicia_ws/build/alicia_d_calibration' returned '0': CMAKE_PREFIX_PATH=/opt/ros/humble /usr/bin/cmake /home/Projects/HET/alicia_ws/src/alicia_d_calibration -DCMAKE_INSTALL_PREFIX=/home/Projects/HET/alicia_ws/install/alicia_d_calibration
[22.307s] DEBUG:colcon.colcon_core.event_handler.log_command:Invoking command in '/home/Projects/HET/alicia_ws/build/alicia_d_calibration': CMAKE_PREFIX_PATH=/opt/ros/humble /usr/bin/cmake --build /home/Projects/HET/alicia_ws/build/alicia_d_calibration -- -j20 -l20
[22.890s] Level 1:colcon.colcon_core.environment:create_environment_scripts_only(alicia_d_descriptions)
[22.891s] Level 1:colcon.colcon_core.environment:checking '/home/Projects/HET/alicia_ws/install/alicia_d_descriptions' for CMake module files
[22.892s] DEBUG:colcon.colcon_core.event_handler.log_command:Invoked command in '/home/Projects/HET/alicia_ws/build/alicia_d_descriptions' returned '0': CMAKE_PREFIX_PATH=/opt/ros/humble /usr/bin/cmake --install /home/Projects/HET/alicia_ws/build/alicia_d_descriptions
[22.894s] Level 1:colcon.colcon_core.environment:checking '/home/Projects/HET/alicia_ws/install/alicia_d_descriptions' for CMake config files
[22.894s] Level 1:colcon.colcon_core.shell:create_environment_hook('alicia_d_descriptions', 'cmake_prefix_path')
[22.895s] INFO:colcon.colcon_core.shell:Creating environment hook '/home/Projects/HET/alicia_ws/install/alicia_d_descriptions/share/alicia_d_descriptions/hook/cmake_prefix_path.ps1'
[22.897s] INFO:colcon.colcon_core.shell:Creating environment descriptor '/home/Projects/HET/alicia_ws/install/alicia_d_descriptions/share/alicia_d_descriptions/hook/cmake_prefix_path.dsv'
[22.898s] INFO:colcon.colcon_core.shell:Creating environment hook '/home/Projects/HET/alicia_ws/install/alicia_d_descriptions/share/alicia_d_descriptions/hook/cmake_prefix_path.sh'
[22.899s] Level 1:colcon.colcon_core.environment:checking '/home/Projects/HET/alicia_ws/install/alicia_d_descriptions/lib'
[22.899s] Level 1:colcon.colcon_core.environment:checking '/home/Projects/HET/alicia_ws/install/alicia_d_descriptions/bin'
[22.899s] Level 1:colcon.colcon_core.environment:checking '/home/Projects/HET/alicia_ws/install/alicia_d_descriptions/lib/pkgconfig/alicia_d_descriptions.pc'
[22.900s] Level 1:colcon.colcon_core.environment:checking '/home/Projects/HET/alicia_ws/install/alicia_d_descriptions/lib/python3.10/site-packages'
[22.901s] Level 1:colcon.colcon_core.environment:checking '/home/Projects/HET/alicia_ws/install/alicia_d_descriptions/bin'
[22.902s] INFO:colcon.colcon_core.shell:Creating package script '/home/Projects/HET/alicia_ws/install/alicia_d_descriptions/share/alicia_d_descriptions/package.ps1'
[22.903s] INFO:colcon.colcon_core.shell:Creating package descriptor '/home/Projects/HET/alicia_ws/install/alicia_d_descriptions/share/alicia_d_descriptions/package.dsv'
[22.904s] INFO:colcon.colcon_core.shell:Creating package script '/home/Projects/HET/alicia_ws/install/alicia_d_descriptions/share/alicia_d_descriptions/package.sh'
[22.905s] INFO:colcon.colcon_core.shell:Creating package script '/home/Projects/HET/alicia_ws/install/alicia_d_descriptions/share/alicia_d_descriptions/package.bash'
[22.906s] INFO:colcon.colcon_core.shell:Creating package script '/home/Projects/HET/alicia_ws/install/alicia_d_descriptions/share/alicia_d_descriptions/package.zsh'
[22.908s] Level 1:colcon.colcon_core.environment:create_file_with_runtime_dependencies(/home/Projects/HET/alicia_ws/install/alicia_d_descriptions/share/colcon-core/packages/alicia_d_descriptions)
[22.910s] Level 1:colcon.colcon_core.environment:create_environment_scripts_only(alicia_d_descriptions)
[22.910s] Level 1:colcon.colcon_core.environment:checking '/home/Projects/HET/alicia_ws/install/alicia_d_descriptions' for CMake module files
[22.911s] Level 1:colcon.colcon_core.environment:checking '/home/Projects/HET/alicia_ws/install/alicia_d_descriptions' for CMake config files
[22.911s] Level 1:colcon.colcon_core.shell:create_environment_hook('alicia_d_descriptions', 'cmake_prefix_path')
[22.912s] INFO:colcon.colcon_core.shell:Creating environment hook '/home/Projects/HET/alicia_ws/install/alicia_d_descriptions/share/alicia_d_descriptions/hook/cmake_prefix_path.ps1'
[22.913s] INFO:colcon.colcon_core.shell:Creating environment descriptor '/home/Projects/HET/alicia_ws/install/alicia_d_descriptions/share/alicia_d_descriptions/hook/cmake_prefix_path.dsv'
[22.914s] INFO:colcon.colcon_core.shell:Creating environment hook '/home/Projects/HET/alicia_ws/install/alicia_d_descriptions/share/alicia_d_descriptions/hook/cmake_prefix_path.sh'
[22.915s] Level 1:colcon.colcon_core.environment:checking '/home/Projects/HET/alicia_ws/install/alicia_d_descriptions/lib'
[22.916s] Level 1:colcon.colcon_core.environment:checking '/home/Projects/HET/alicia_ws/install/alicia_d_descriptions/bin'
[22.916s] Level 1:colcon.colcon_core.environment:checking '/home/Projects/HET/alicia_ws/install/alicia_d_descriptions/lib/pkgconfig/alicia_d_descriptions.pc'
[22.916s] Level 1:colcon.colcon_core.environment:checking '/home/Projects/HET/alicia_ws/install/alicia_d_descriptions/lib/python3.10/site-packages'
[22.917s] Level 1:colcon.colcon_core.environment:checking '/home/Projects/HET/alicia_ws/install/alicia_d_descriptions/bin'
[22.918s] INFO:colcon.colcon_core.shell:Creating package script '/home/Projects/HET/alicia_ws/install/alicia_d_descriptions/share/alicia_d_descriptions/package.ps1'
[22.920s] INFO:colcon.colcon_core.shell:Creating package descriptor '/home/Projects/HET/alicia_ws/install/alicia_d_descriptions/share/alicia_d_descriptions/package.dsv'
[22.922s] INFO:colcon.colcon_core.shell:Creating package script '/home/Projects/HET/alicia_ws/install/alicia_d_descriptions/share/alicia_d_descriptions/package.sh'
[22.923s] INFO:colcon.colcon_core.shell:Creating package script '/home/Projects/HET/alicia_ws/install/alicia_d_descriptions/share/alicia_d_descriptions/package.bash'
[22.923s] INFO:colcon.colcon_core.shell:Creating package script '/home/Projects/HET/alicia_ws/install/alicia_d_descriptions/share/alicia_d_descriptions/package.zsh'
[22.924s] Level 1:colcon.colcon_core.environment:create_file_with_runtime_dependencies(/home/Projects/HET/alicia_ws/install/alicia_d_descriptions/share/colcon-core/packages/alicia_d_descriptions)
[23.080s] DEBUG:colcon.colcon_core.event_handler.log_command:Invoked command in '/home/Projects/HET/alicia_ws/build/alicia_d_calibration' returned '0': CMAKE_PREFIX_PATH=/opt/ros/humble /usr/bin/cmake --build /home/Projects/HET/alicia_ws/build/alicia_d_calibration -- -j20 -l20
[23.085s] DEBUG:colcon.colcon_core.event_handler.log_command:Invoking command in '/home/Projects/HET/alicia_ws/build/alicia_d_calibration': CMAKE_PREFIX_PATH=/opt/ros/humble /usr/bin/cmake --install /home/Projects/HET/alicia_ws/build/alicia_d_calibration
[23.198s] Level 1:colcon.colcon_core.environment:create_environment_scripts_only(alicia_d_calibration)
[23.199s] DEBUG:colcon.colcon_core.event_handler.log_command:Invoked command in '/home/Projects/HET/alicia_ws/build/alicia_d_calibration' returned '0': CMAKE_PREFIX_PATH=/opt/ros/humble /usr/bin/cmake --install /home/Projects/HET/alicia_ws/build/alicia_d_calibration
[23.200s] Level 1:colcon.colcon_core.environment:checking '/home/Projects/HET/alicia_ws/install/alicia_d_calibration' for CMake module files
[23.201s] Level 1:colcon.colcon_core.environment:checking '/home/Projects/HET/alicia_ws/install/alicia_d_calibration' for CMake config files
[23.202s] Level 1:colcon.colcon_core.shell:create_environment_hook('alicia_d_calibration', 'cmake_prefix_path')
[23.202s] INFO:colcon.colcon_core.shell:Creating environment hook '/home/Projects/HET/alicia_ws/install/alicia_d_calibration/share/alicia_d_calibration/hook/cmake_prefix_path.ps1'
[23.204s] INFO:colcon.colcon_core.shell:Creating environment descriptor '/home/Projects/HET/alicia_ws/install/alicia_d_calibration/share/alicia_d_calibration/hook/cmake_prefix_path.dsv'
[23.205s] INFO:colcon.colcon_core.shell:Creating environment hook '/home/Projects/HET/alicia_ws/install/alicia_d_calibration/share/alicia_d_calibration/hook/cmake_prefix_path.sh'
[23.206s] Level 1:colcon.colcon_core.environment:checking '/home/Projects/HET/alicia_ws/install/alicia_d_calibration/lib'
[23.206s] Level 1:colcon.colcon_core.environment:checking '/home/Projects/HET/alicia_ws/install/alicia_d_calibration/bin'
[23.206s] Level 1:colcon.colcon_core.environment:checking '/home/Projects/HET/alicia_ws/install/alicia_d_calibration/lib/pkgconfig/alicia_d_calibration.pc'
[23.207s] Level 1:colcon.colcon_core.environment:checking '/home/Projects/HET/alicia_ws/install/alicia_d_calibration/lib/python3.10/site-packages'
[23.208s] Level 1:colcon.colcon_core.environment:checking '/home/Projects/HET/alicia_ws/install/alicia_d_calibration/bin'
[23.208s] INFO:colcon.colcon_core.shell:Creating package script '/home/Projects/HET/alicia_ws/install/alicia_d_calibration/share/alicia_d_calibration/package.ps1'
[23.210s] INFO:colcon.colcon_core.shell:Creating package descriptor '/home/Projects/HET/alicia_ws/install/alicia_d_calibration/share/alicia_d_calibration/package.dsv'
[23.211s] INFO:colcon.colcon_core.shell:Creating package script '/home/Projects/HET/alicia_ws/install/alicia_d_calibration/share/alicia_d_calibration/package.sh'
[23.211s] INFO:colcon.colcon_core.shell:Creating package script '/home/Projects/HET/alicia_ws/install/alicia_d_calibration/share/alicia_d_calibration/package.bash'
[23.212s] INFO:colcon.colcon_core.shell:Creating package script '/home/Projects/HET/alicia_ws/install/alicia_d_calibration/share/alicia_d_calibration/package.zsh'
[23.213s] Level 1:colcon.colcon_core.environment:create_file_with_runtime_dependencies(/home/Projects/HET/alicia_ws/install/alicia_d_calibration/share/colcon-core/packages/alicia_d_calibration)
[23.216s] Level 1:colcon.colcon_core.environment:create_environment_scripts_only(alicia_d_calibration)
[23.216s] Level 1:colcon.colcon_core.environment:checking '/home/Projects/HET/alicia_ws/install/alicia_d_calibration' for CMake module files
[23.217s] Level 1:colcon.colcon_core.environment:checking '/home/Projects/HET/alicia_ws/install/alicia_d_calibration' for CMake config files
[23.218s] Level 1:colcon.colcon_core.shell:create_environment_hook('alicia_d_calibration', 'cmake_prefix_path')
[23.218s] INFO:colcon.colcon_core.shell:Creating environment hook '/home/Projects/HET/alicia_ws/install/alicia_d_calibration/share/alicia_d_calibration/hook/cmake_prefix_path.ps1'
[23.219s] INFO:colcon.colcon_core.shell:Creating environment descriptor '/home/Projects/HET/alicia_ws/install/alicia_d_calibration/share/alicia_d_calibration/hook/cmake_prefix_path.dsv'
[23.220s] INFO:colcon.colcon_core.shell:Creating environment hook '/home/Projects/HET/alicia_ws/install/alicia_d_calibration/share/alicia_d_calibration/hook/cmake_prefix_path.sh'
[23.221s] Level 1:colcon.colcon_core.environment:checking '/home/Projects/HET/alicia_ws/install/alicia_d_calibration/lib'
[23.222s] Level 1:colcon.colcon_core.environment:checking '/home/Projects/HET/alicia_ws/install/alicia_d_calibration/bin'
[23.222s] Level 1:colcon.colcon_core.environment:checking '/home/Projects/HET/alicia_ws/install/alicia_d_calibration/lib/pkgconfig/alicia_d_calibration.pc'
[23.222s] Level 1:colcon.colcon_core.environment:checking '/home/Projects/HET/alicia_ws/install/alicia_d_calibration/lib/python3.10/site-packages'
[23.223s] Level 1:colcon.colcon_core.environment:checking '/home/Projects/HET/alicia_ws/install/alicia_d_calibration/bin'
[23.224s] INFO:colcon.colcon_core.shell:Creating package script '/home/Projects/HET/alicia_ws/install/alicia_d_calibration/share/alicia_d_calibration/package.ps1'
[23.225s] INFO:colcon.colcon_core.shell:Creating package descriptor '/home/Projects/HET/alicia_ws/install/alicia_d_calibration/share/alicia_d_calibration/package.dsv'
[23.226s] INFO:colcon.colcon_core.shell:Creating package script '/home/Projects/HET/alicia_ws/install/alicia_d_calibration/share/alicia_d_calibration/package.sh'
[23.227s] INFO:colcon.colcon_core.shell:Creating package script '/home/Projects/HET/alicia_ws/install/alicia_d_calibration/share/alicia_d_calibration/package.bash'
[23.228s] INFO:colcon.colcon_core.shell:Creating package script '/home/Projects/HET/alicia_ws/install/alicia_d_calibration/share/alicia_d_calibration/package.zsh'
[23.229s] Level 1:colcon.colcon_core.environment:create_file_with_runtime_dependencies(/home/Projects/HET/alicia_ws/install/alicia_d_calibration/share/colcon-core/packages/alicia_d_calibration)
[83.946s] DEBUG:colcon.colcon_core.event_handler.log_command:Invoked command in '/home/Projects/HET/alicia_ws/build/alicia_d_driver' returned '0': CMAKE_PREFIX_PATH=/opt/ros/humble /usr/bin/cmake /home/Projects/HET/alicia_ws/src/alicia_d_driver -DCMAKE_INSTALL_PREFIX=/home/Projects/HET/alicia_ws/install/alicia_d_driver
[83.947s] DEBUG:colcon.colcon_core.event_handler.log_command:Invoking command in '/home/Projects/HET/alicia_ws/build/alicia_d_driver': CMAKE_PREFIX_PATH=/opt/ros/humble /usr/bin/cmake --build /home/Projects/HET/alicia_ws/build/alicia_d_driver -- -j20 -l20
[135.344s] DEBUG:colcon.colcon_core.event_handler.log_command:Invoked command in '/home/Projects/HET/alicia_ws/build/alicia_d_driver' returned '0': CMAKE_PREFIX_PATH=/opt/ros/humble /usr/bin/cmake --build /home/Projects/HET/alicia_ws/build/alicia_d_driver -- -j20 -l20
[135.351s] DEBUG:colcon.colcon_core.event_handler.log_command:Invoking command in '/home/Projects/HET/alicia_ws/build/alicia_d_driver': CMAKE_PREFIX_PATH=/opt/ros/humble /usr/bin/cmake --install /home/Projects/HET/alicia_ws/build/alicia_d_driver
[135.399s] Level 1:colcon.colcon_core.environment:create_environment_scripts_only(alicia_d_driver)
[135.400s] Level 1:colcon.colcon_core.environment:checking '/home/Projects/HET/alicia_ws/install/alicia_d_driver' for CMake module files
[135.402s] DEBUG:colcon.colcon_core.event_handler.log_command:Invoked command in '/home/Projects/HET/alicia_ws/build/alicia_d_driver' returned '0': CMAKE_PREFIX_PATH=/opt/ros/humble /usr/bin/cmake --install /home/Projects/HET/alicia_ws/build/alicia_d_driver
[135.403s] Level 1:colcon.colcon_core.environment:checking '/home/Projects/HET/alicia_ws/install/alicia_d_driver' for CMake config files
[135.403s] Level 1:colcon.colcon_core.shell:create_environment_hook('alicia_d_driver', 'cmake_prefix_path')
[135.404s] INFO:colcon.colcon_core.shell:Creating environment hook '/home/Projects/HET/alicia_ws/install/alicia_d_driver/share/alicia_d_driver/hook/cmake_prefix_path.ps1'
[135.405s] INFO:colcon.colcon_core.shell:Creating environment descriptor '/home/Projects/HET/alicia_ws/install/alicia_d_driver/share/alicia_d_driver/hook/cmake_prefix_path.dsv'
[135.407s] INFO:colcon.colcon_core.shell:Creating environment hook '/home/Projects/HET/alicia_ws/install/alicia_d_driver/share/alicia_d_driver/hook/cmake_prefix_path.sh'
[135.408s] Level 1:colcon.colcon_core.environment:checking '/home/Projects/HET/alicia_ws/install/alicia_d_driver/lib'
[135.408s] Level 1:colcon.colcon_core.shell:create_environment_hook('alicia_d_driver', 'ld_library_path_lib')
[135.409s] INFO:colcon.colcon_core.shell:Creating environment hook '/home/Projects/HET/alicia_ws/install/alicia_d_driver/share/alicia_d_driver/hook/ld_library_path_lib.ps1'
[135.410s] INFO:colcon.colcon_core.shell:Creating environment descriptor '/home/Projects/HET/alicia_ws/install/alicia_d_driver/share/alicia_d_driver/hook/ld_library_path_lib.dsv'
[135.410s] INFO:colcon.colcon_core.shell:Creating environment hook '/home/Projects/HET/alicia_ws/install/alicia_d_driver/share/alicia_d_driver/hook/ld_library_path_lib.sh'
[135.411s] Level 1:colcon.colcon_core.environment:checking '/home/Projects/HET/alicia_ws/install/alicia_d_driver/bin'
[135.412s] Level 1:colcon.colcon_core.environment:checking '/home/Projects/HET/alicia_ws/install/alicia_d_driver/lib/pkgconfig/alicia_d_driver.pc'
[135.412s] Level 1:colcon.colcon_core.environment:checking '/home/Projects/HET/alicia_ws/install/alicia_d_driver/lib/python3.10/site-packages'
[135.413s] Level 1:colcon.colcon_core.environment:checking '/home/Projects/HET/alicia_ws/install/alicia_d_driver/bin'
[135.414s] INFO:colcon.colcon_core.shell:Creating package script '/home/Projects/HET/alicia_ws/install/alicia_d_driver/share/alicia_d_driver/package.ps1'
[135.415s] INFO:colcon.colcon_core.shell:Creating package descriptor '/home/Projects/HET/alicia_ws/install/alicia_d_driver/share/alicia_d_driver/package.dsv'
[135.416s] INFO:colcon.colcon_core.shell:Creating package script '/home/Projects/HET/alicia_ws/install/alicia_d_driver/share/alicia_d_driver/package.sh'
[135.417s] INFO:colcon.colcon_core.shell:Creating package script '/home/Projects/HET/alicia_ws/install/alicia_d_driver/share/alicia_d_driver/package.bash'
[135.418s] INFO:colcon.colcon_core.shell:Creating package script '/home/Projects/HET/alicia_ws/install/alicia_d_driver/share/alicia_d_driver/package.zsh'
[135.419s] Level 1:colcon.colcon_core.environment:create_file_with_runtime_dependencies(/home/Projects/HET/alicia_ws/install/alicia_d_driver/share/colcon-core/packages/alicia_d_driver)
[135.421s] Level 1:colcon.colcon_core.environment:create_environment_scripts_only(alicia_d_driver)
[135.422s] Level 1:colcon.colcon_core.environment:checking '/home/Projects/HET/alicia_ws/install/alicia_d_driver' for CMake module files
[135.423s] Level 1:colcon.colcon_core.environment:checking '/home/Projects/HET/alicia_ws/install/alicia_d_driver' for CMake config files
[135.423s] Level 1:colcon.colcon_core.shell:create_environment_hook('alicia_d_driver', 'cmake_prefix_path')
[135.424s] INFO:colcon.colcon_core.shell:Creating environment hook '/home/Projects/HET/alicia_ws/install/alicia_d_driver/share/alicia_d_driver/hook/cmake_prefix_path.ps1'
[135.425s] INFO:colcon.colcon_core.shell:Creating environment descriptor '/home/Projects/HET/alicia_ws/install/alicia_d_driver/share/alicia_d_driver/hook/cmake_prefix_path.dsv'
[135.425s] INFO:colcon.colcon_core.shell:Creating environment hook '/home/Projects/HET/alicia_ws/install/alicia_d_driver/share/alicia_d_driver/hook/cmake_prefix_path.sh'
[135.427s] Level 1:colcon.colcon_core.environment:checking '/home/Projects/HET/alicia_ws/install/alicia_d_driver/lib'
[135.427s] Level 1:colcon.colcon_core.shell:create_environment_hook('alicia_d_driver', 'ld_library_path_lib')
[135.427s] INFO:colcon.colcon_core.shell:Creating environment hook '/home/Projects/HET/alicia_ws/install/alicia_d_driver/share/alicia_d_driver/hook/ld_library_path_lib.ps1'
[135.428s] INFO:colcon.colcon_core.shell:Creating environment descriptor '/home/Projects/HET/alicia_ws/install/alicia_d_driver/share/alicia_d_driver/hook/ld_library_path_lib.dsv'
[135.429s] INFO:colcon.colcon_core.shell:Creating environment hook '/home/Projects/HET/alicia_ws/install/alicia_d_driver/share/alicia_d_driver/hook/ld_library_path_lib.sh'
[135.430s] Level 1:colcon.colcon_core.environment:checking '/home/Projects/HET/alicia_ws/install/alicia_d_driver/bin'
[135.430s] Level 1:colcon.colcon_core.environment:checking '/home/Projects/HET/alicia_ws/install/alicia_d_driver/lib/pkgconfig/alicia_d_driver.pc'
[135.430s] Level 1:colcon.colcon_core.environment:checking '/home/Projects/HET/alicia_ws/install/alicia_d_driver/lib/python3.10/site-packages'
[135.431s] Level 1:colcon.colcon_core.environment:checking '/home/Projects/HET/alicia_ws/install/alicia_d_driver/bin'
[135.432s] INFO:colcon.colcon_core.shell:Creating package script '/home/Projects/HET/alicia_ws/install/alicia_d_driver/share/alicia_d_driver/package.ps1'
[135.433s] INFO:colcon.colcon_core.shell:Creating package descriptor '/home/Projects/HET/alicia_ws/install/alicia_d_driver/share/alicia_d_driver/package.dsv'
[135.434s] INFO:colcon.colcon_core.shell:Creating package script '/home/Projects/HET/alicia_ws/install/alicia_d_driver/share/alicia_d_driver/package.sh'
[135.435s] INFO:colcon.colcon_core.shell:Creating package script '/home/Projects/HET/alicia_ws/install/alicia_d_driver/share/alicia_d_driver/package.bash'
[135.436s] INFO:colcon.colcon_core.shell:Creating package script '/home/Projects/HET/alicia_ws/install/alicia_d_driver/share/alicia_d_driver/package.zsh'
[135.437s] Level 1:colcon.colcon_core.environment:create_file_with_runtime_dependencies(/home/Projects/HET/alicia_ws/install/alicia_d_driver/share/colcon-core/packages/alicia_d_driver)
[135.438s] INFO:colcon.colcon_ros.task.ament_cmake.build:Building ROS package in '/home/Projects/HET/alicia_ws/src/alicia_d_moveit' with build type 'ament_cmake'
[135.438s] INFO:colcon.colcon_cmake.task.cmake.build:Building CMake package in '/home/Projects/HET/alicia_ws/src/alicia_d_moveit'
[135.439s] INFO:colcon.colcon_core.shell:Skip shell extension 'powershell' for command environment: Not usable outside of PowerShell
[135.440s] DEBUG:colcon.colcon_core.shell:Skip shell extension 'dsv' for command environment
[138.443s] DEBUG:colcon.colcon_core.event_handler.log_command:Invoking command in '/home/Projects/HET/alicia_ws/build/alicia_d_moveit': AMENT_PREFIX_PATH=/home/Projects/HET/alicia_ws/install/alicia_d_driver:/home/Projects/HET/alicia_ws/install/alicia_d_descriptions:${AMENT_PREFIX_PATH} CMAKE_PREFIX_PATH=/home/Projects/HET/alicia_ws/install/alicia_d_driver:/home/Projects/HET/alicia_ws/install/alicia_d_descriptions:/opt/ros/humble LD_LIBRARY_PATH=/home/Projects/HET/alicia_ws/install/alicia_d_driver/lib:${LD_LIBRARY_PATH} /usr/bin/cmake /home/Projects/HET/alicia_ws/src/alicia_d_moveit -DCMAKE_INSTALL_PREFIX=/home/Projects/HET/alicia_ws/install/alicia_d_moveit
[158.960s] DEBUG:colcon.colcon_core.event_handler.log_command:Invoked command in '/home/Projects/HET/alicia_ws/build/alicia_d_moveit' returned '0': AMENT_PREFIX_PATH=/home/Projects/HET/alicia_ws/install/alicia_d_driver:/home/Projects/HET/alicia_ws/install/alicia_d_descriptions:${AMENT_PREFIX_PATH} CMAKE_PREFIX_PATH=/home/Projects/HET/alicia_ws/install/alicia_d_driver:/home/Projects/HET/alicia_ws/install/alicia_d_descriptions:/opt/ros/humble LD_LIBRARY_PATH=/home/Projects/HET/alicia_ws/install/alicia_d_driver/lib:${LD_LIBRARY_PATH} /usr/bin/cmake /home/Projects/HET/alicia_ws/src/alicia_d_moveit -DCMAKE_INSTALL_PREFIX=/home/Projects/HET/alicia_ws/install/alicia_d_moveit
[158.964s] DEBUG:colcon.colcon_core.event_handler.log_command:Invoking command in '/home/Projects/HET/alicia_ws/build/alicia_d_moveit': AMENT_PREFIX_PATH=/home/Projects/HET/alicia_ws/install/alicia_d_driver:/home/Projects/HET/alicia_ws/install/alicia_d_descriptions:${AMENT_PREFIX_PATH} CMAKE_PREFIX_PATH=/home/Projects/HET/alicia_ws/install/alicia_d_driver:/home/Projects/HET/alicia_ws/install/alicia_d_descriptions:/opt/ros/humble LD_LIBRARY_PATH=/home/Projects/HET/alicia_ws/install/alicia_d_driver/lib:${LD_LIBRARY_PATH} /usr/bin/cmake --build /home/Projects/HET/alicia_ws/build/alicia_d_moveit -- -j20 -l20
[159.047s] DEBUG:colcon.colcon_core.event_handler.log_command:Invoked command in '/home/Projects/HET/alicia_ws/build/alicia_d_moveit' returned '0': AMENT_PREFIX_PATH=/home/Projects/HET/alicia_ws/install/alicia_d_driver:/home/Projects/HET/alicia_ws/install/alicia_d_descriptions:${AMENT_PREFIX_PATH} CMAKE_PREFIX_PATH=/home/Projects/HET/alicia_ws/install/alicia_d_driver:/home/Projects/HET/alicia_ws/install/alicia_d_descriptions:/opt/ros/humble LD_LIBRARY_PATH=/home/Projects/HET/alicia_ws/install/alicia_d_driver/lib:${LD_LIBRARY_PATH} /usr/bin/cmake --build /home/Projects/HET/alicia_ws/build/alicia_d_moveit -- -j20 -l20
[159.051s] DEBUG:colcon.colcon_core.event_handler.log_command:Invoking command in '/home/Projects/HET/alicia_ws/build/alicia_d_moveit': AMENT_PREFIX_PATH=/home/Projects/HET/alicia_ws/install/alicia_d_driver:/home/Projects/HET/alicia_ws/install/alicia_d_descriptions:${AMENT_PREFIX_PATH} CMAKE_PREFIX_PATH=/home/Projects/HET/alicia_ws/install/alicia_d_driver:/home/Projects/HET/alicia_ws/install/alicia_d_descriptions:/opt/ros/humble LD_LIBRARY_PATH=/home/Projects/HET/alicia_ws/install/alicia_d_driver/lib:${LD_LIBRARY_PATH} /usr/bin/cmake --install /home/Projects/HET/alicia_ws/build/alicia_d_moveit
[159.100s] Level 1:colcon.colcon_core.environment:create_environment_scripts_only(alicia_d_moveit)
[159.101s] Level 1:colcon.colcon_core.environment:checking '/home/Projects/HET/alicia_ws/install/alicia_d_moveit' for CMake module files
[159.103s] DEBUG:colcon.colcon_core.event_handler.log_command:Invoked command in '/home/Projects/HET/alicia_ws/build/alicia_d_moveit' returned '0': AMENT_PREFIX_PATH=/home/Projects/HET/alicia_ws/install/alicia_d_driver:/home/Projects/HET/alicia_ws/install/alicia_d_descriptions:${AMENT_PREFIX_PATH} CMAKE_PREFIX_PATH=/home/Projects/HET/alicia_ws/install/alicia_d_driver:/home/Projects/HET/alicia_ws/install/alicia_d_descriptions:/opt/ros/humble LD_LIBRARY_PATH=/home/Projects/HET/alicia_ws/install/alicia_d_driver/lib:${LD_LIBRARY_PATH} /usr/bin/cmake --install /home/Projects/HET/alicia_ws/build/alicia_d_moveit
[159.104s] Level 1:colcon.colcon_core.environment:checking '/home/Projects/HET/alicia_ws/install/alicia_d_moveit' for CMake config files
[159.104s] Level 1:colcon.colcon_core.shell:create_environment_hook('alicia_d_moveit', 'cmake_prefix_path')
[159.105s] INFO:colcon.colcon_core.shell:Creating environment hook '/home/Projects/HET/alicia_ws/install/alicia_d_moveit/share/alicia_d_moveit/hook/cmake_prefix_path.ps1'
[159.107s] INFO:colcon.colcon_core.shell:Creating environment descriptor '/home/Projects/HET/alicia_ws/install/alicia_d_moveit/share/alicia_d_moveit/hook/cmake_prefix_path.dsv'
[159.109s] INFO:colcon.colcon_core.shell:Creating environment hook '/home/Projects/HET/alicia_ws/install/alicia_d_moveit/share/alicia_d_moveit/hook/cmake_prefix_path.sh'
[159.110s] Level 1:colcon.colcon_core.environment:checking '/home/Projects/HET/alicia_ws/install/alicia_d_moveit/bin'
[159.110s] Level 1:colcon.colcon_core.environment:checking '/home/Projects/HET/alicia_ws/install/alicia_d_moveit/lib/pkgconfig/alicia_d_moveit.pc'
[159.111s] Level 1:colcon.colcon_core.environment:checking '/home/Projects/HET/alicia_ws/install/alicia_d_moveit/lib/python3.10/site-packages'
[159.112s] Level 1:colcon.colcon_core.environment:checking '/home/Projects/HET/alicia_ws/install/alicia_d_moveit/bin'
[159.112s] INFO:colcon.colcon_core.shell:Creating package script '/home/Projects/HET/alicia_ws/install/alicia_d_moveit/share/alicia_d_moveit/package.ps1'
[159.114s] INFO:colcon.colcon_core.shell:Creating package descriptor '/home/Projects/HET/alicia_ws/install/alicia_d_moveit/share/alicia_d_moveit/package.dsv'
[159.115s] INFO:colcon.colcon_core.shell:Creating package script '/home/Projects/HET/alicia_ws/install/alicia_d_moveit/share/alicia_d_moveit/package.sh'
[159.116s] INFO:colcon.colcon_core.shell:Creating package script '/home/Projects/HET/alicia_ws/install/alicia_d_moveit/share/alicia_d_moveit/package.bash'
[159.117s] INFO:colcon.colcon_core.shell:Creating package script '/home/Projects/HET/alicia_ws/install/alicia_d_moveit/share/alicia_d_moveit/package.zsh'
[159.118s] Level 1:colcon.colcon_core.environment:create_file_with_runtime_dependencies(/home/Projects/HET/alicia_ws/install/alicia_d_moveit/share/colcon-core/packages/alicia_d_moveit)
[159.122s] Level 1:colcon.colcon_core.environment:create_environment_scripts_only(alicia_d_moveit)
[159.123s] Level 1:colcon.colcon_core.environment:checking '/home/Projects/HET/alicia_ws/install/alicia_d_moveit' for CMake module files
[159.124s] Level 1:colcon.colcon_core.environment:checking '/home/Projects/HET/alicia_ws/install/alicia_d_moveit' for CMake config files
[159.124s] Level 1:colcon.colcon_core.shell:create_environment_hook('alicia_d_moveit', 'cmake_prefix_path')
[159.125s] INFO:colcon.colcon_core.shell:Creating environment hook '/home/Projects/HET/alicia_ws/install/alicia_d_moveit/share/alicia_d_moveit/hook/cmake_prefix_path.ps1'
[159.126s] INFO:colcon.colcon_core.shell:Creating environment descriptor '/home/Projects/HET/alicia_ws/install/alicia_d_moveit/share/alicia_d_moveit/hook/cmake_prefix_path.dsv'
[159.127s] INFO:colcon.colcon_core.shell:Creating environment hook '/home/Projects/HET/alicia_ws/install/alicia_d_moveit/share/alicia_d_moveit/hook/cmake_prefix_path.sh'
[159.128s] Level 1:colcon.colcon_core.environment:checking '/home/Projects/HET/alicia_ws/install/alicia_d_moveit/bin'
[159.128s] Level 1:colcon.colcon_core.environment:checking '/home/Projects/HET/alicia_ws/install/alicia_d_moveit/lib/pkgconfig/alicia_d_moveit.pc'
[159.129s] Level 1:colcon.colcon_core.environment:checking '/home/Projects/HET/alicia_ws/install/alicia_d_moveit/lib/python3.10/site-packages'
[159.130s] Level 1:colcon.colcon_core.environment:checking '/home/Projects/HET/alicia_ws/install/alicia_d_moveit/bin'
[159.130s] INFO:colcon.colcon_core.shell:Creating package script '/home/Projects/HET/alicia_ws/install/alicia_d_moveit/share/alicia_d_moveit/package.ps1'
[159.132s] INFO:colcon.colcon_core.shell:Creating package descriptor '/home/Projects/HET/alicia_ws/install/alicia_d_moveit/share/alicia_d_moveit/package.dsv'
[159.134s] INFO:colcon.colcon_core.shell:Creating package script '/home/Projects/HET/alicia_ws/install/alicia_d_moveit/share/alicia_d_moveit/package.sh'
[159.135s] INFO:colcon.colcon_core.shell:Creating package script '/home/Projects/HET/alicia_ws/install/alicia_d_moveit/share/alicia_d_moveit/package.bash'
[159.137s] INFO:colcon.colcon_core.shell:Creating package script '/home/Projects/HET/alicia_ws/install/alicia_d_moveit/share/alicia_d_moveit/package.zsh'
[159.138s] Level 1:colcon.colcon_core.environment:create_file_with_runtime_dependencies(/home/Projects/HET/alicia_ws/install/alicia_d_moveit/share/colcon-core/packages/alicia_d_moveit)
[159.139s] DEBUG:colcon.colcon_parallel_executor.executor.parallel:closing loop
[159.141s] DEBUG:colcon.colcon_parallel_executor.executor.parallel:loop closed
[159.141s] DEBUG:colcon.colcon_parallel_executor.executor.parallel:run_until_complete finished with '0'
[159.142s] DEBUG:colcon.colcon_core.event_reactor:joining thread
[159.775s] INFO:colcon.colcon_core.plugin_system:Skipping extension 'colcon_notification.desktop_notification.notify_send': Could not find 'notify-send'
[159.775s] INFO:colcon.colcon_core.plugin_system:Skipping extension 'colcon_notification.desktop_notification.terminal_notifier': Not used on non-Darwin systems
[159.775s] INFO:colcon.colcon_core.plugin_system:Skipping extension 'colcon_notification.desktop_notification.win32': Not used on non-Windows systems
[159.776s] INFO:colcon.colcon_notification.desktop_notification:Sending desktop notification using 'notify2'
[159.776s] DEBUG:colcon.colcon_notification.desktop_notification.notify2:Failed to initialize notify2: org.freedesktop.DBus.Error.FileNotFound: Failed to connect to socket /run/user/0/bus: No such file or directory
[159.776s] DEBUG:colcon.colcon_core.event_reactor:joined thread
[159.777s] INFO:colcon.colcon_core.shell:Creating prefix script '/home/Projects/HET/alicia_ws/install/local_setup.ps1'
[159.779s] INFO:colcon.colcon_core.shell:Creating prefix util module '/home/Projects/HET/alicia_ws/install/_local_setup_util_ps1.py'
[159.782s] INFO:colcon.colcon_core.shell:Creating prefix chain script '/home/Projects/HET/alicia_ws/install/setup.ps1'
[159.784s] INFO:colcon.colcon_core.shell:Creating prefix script '/home/Projects/HET/alicia_ws/install/local_setup.sh'
[159.785s] INFO:colcon.colcon_core.shell:Creating prefix util module '/home/Projects/HET/alicia_ws/install/_local_setup_util_sh.py'
[159.786s] INFO:colcon.colcon_core.shell:Creating prefix chain script '/home/Projects/HET/alicia_ws/install/setup.sh'
[159.788s] INFO:colcon.colcon_core.shell:Creating prefix script '/home/Projects/HET/alicia_ws/install/local_setup.bash'
[159.789s] INFO:colcon.colcon_core.shell:Creating prefix chain script '/home/Projects/HET/alicia_ws/install/setup.bash'
[159.791s] INFO:colcon.colcon_core.shell:Creating prefix script '/home/Projects/HET/alicia_ws/install/local_setup.zsh'
[159.792s] INFO:colcon.colcon_core.shell:Creating prefix chain script '/home/Projects/HET/alicia_ws/install/setup.zsh'
