[3.113s] DEBUG:colcon:Command line arguments: ['/usr/bin/colcon', 'build', '--packages-select', 'alicia_d_pick_coordinator']
[3.113s] DEBUG:colcon:Parsed command line arguments: Namespace(log_base=None, log_level=None, verb_name='build', build_base='build', install_base='install', merge_install=False, symlink_install=False, test_result_base=None, continue_on_error=False, executor='parallel', parallel_workers=20, event_handlers=None, ignore_user_meta=False, metas=['./colcon.meta'], base_paths=['.'], packages_ignore=None, packages_ignore_regex=None, paths=None, packages_up_to=None, packages_up_to_regex=None, packages_above=None, packages_above_and_dependencies=None, packages_above_depth=None, packages_select_by_dep=None, packages_skip_by_dep=None, packages_skip_up_to=None, packages_select_build_failed=False, packages_skip_build_finished=False, packages_select_test_failures=False, packages_skip_test_passed=False, packages_select=['alicia_d_pick_coordinator'], packages_skip=None, packages_select_regex=None, packages_skip_regex=None, packages_start=None, packages_end=None, allow_overriding=[], cmake_args=None, cmake_target=None, cmake_target_skip_unavailable=False, cmake_clean_cache=False, cmake_clean_first=False, cmake_force_configure=False, ament_cmake_args=None, catkin_cmake_args=None, catkin_skip_building_tests=False, verb_parser=<colcon_defaults.argument_parser.defaults.DefaultArgumentsDecorator object at 0x7416b3550040>, verb_extension=<colcon_core.verb.build.BuildVerb object at 0x7416b3513af0>, main=<bound method BuildVerb.main of <colcon_core.verb.build.BuildVerb object at 0x7416b3513af0>>)
[3.469s] Level 1:colcon.colcon_core.package_discovery:discover_packages(colcon_meta) check parameters
[3.470s] Level 1:colcon.colcon_core.package_discovery:discover_packages(recursive) check parameters
[3.470s] Level 1:colcon.colcon_core.package_discovery:discover_packages(ignore) check parameters
[3.470s] Level 1:colcon.colcon_core.package_discovery:discover_packages(path) check parameters
[3.470s] Level 1:colcon.colcon_core.package_discovery:discover_packages(colcon_meta) discover
[3.470s] Level 1:colcon.colcon_core.package_discovery:discover_packages(recursive) discover
[3.470s] INFO:colcon.colcon_core.package_discovery:Crawling recursively for packages in '/home/Projects/HET/alicia_ws'
[3.470s] Level 1:colcon.colcon_core.package_identification:_identify(.) by extensions ['ignore', 'ignore_ament_install']
[3.471s] Level 1:colcon.colcon_core.package_identification:_identify(.) by extension 'ignore'
[3.471s] Level 1:colcon.colcon_core.package_identification:_identify(.) by extension 'ignore_ament_install'
[3.471s] Level 1:colcon.colcon_core.package_identification:_identify(.) by extensions ['colcon_pkg']
[3.471s] Level 1:colcon.colcon_core.package_identification:_identify(.) by extension 'colcon_pkg'
[3.471s] Level 1:colcon.colcon_core.package_identification:_identify(.) by extensions ['colcon_meta']
[3.471s] Level 1:colcon.colcon_core.package_identification:_identify(.) by extension 'colcon_meta'
[3.471s] Level 1:colcon.colcon_core.package_identification:_identify(.) by extensions ['ros']
[3.472s] Level 1:colcon.colcon_core.package_identification:_identify(.) by extension 'ros'
[3.498s] Level 1:colcon.colcon_core.package_identification:_identify(.) by extensions ['cmake', 'python']
[3.498s] Level 1:colcon.colcon_core.package_identification:_identify(.) by extension 'cmake'
[3.498s] Level 1:colcon.colcon_core.package_identification:_identify(.) by extension 'python'
[3.498s] Level 1:colcon.colcon_core.package_identification:_identify(.) by extensions ['python_setup_py']
[3.499s] Level 1:colcon.colcon_core.package_identification:_identify(.) by extension 'python_setup_py'
[3.499s] Level 1:colcon.colcon_core.package_identification:_identify(build) by extensions ['ignore', 'ignore_ament_install']
[3.499s] Level 1:colcon.colcon_core.package_identification:_identify(build) by extension 'ignore'
[3.499s] Level 1:colcon.colcon_core.package_identification:_identify(build) ignored
[3.500s] Level 1:colcon.colcon_core.package_identification:_identify(experiment_logs) by extensions ['ignore', 'ignore_ament_install']
[3.500s] Level 1:colcon.colcon_core.package_identification:_identify(experiment_logs) by extension 'ignore'
[3.500s] Level 1:colcon.colcon_core.package_identification:_identify(experiment_logs) by extension 'ignore_ament_install'
[3.500s] Level 1:colcon.colcon_core.package_identification:_identify(experiment_logs) by extensions ['colcon_pkg']
[3.500s] Level 1:colcon.colcon_core.package_identification:_identify(experiment_logs) by extension 'colcon_pkg'
[3.500s] Level 1:colcon.colcon_core.package_identification:_identify(experiment_logs) by extensions ['colcon_meta']
[3.500s] Level 1:colcon.colcon_core.package_identification:_identify(experiment_logs) by extension 'colcon_meta'
[3.500s] Level 1:colcon.colcon_core.package_identification:_identify(experiment_logs) by extensions ['ros']
[3.500s] Level 1:colcon.colcon_core.package_identification:_identify(experiment_logs) by extension 'ros'
[3.501s] Level 1:colcon.colcon_core.package_identification:_identify(experiment_logs) by extensions ['cmake', 'python']
[3.501s] Level 1:colcon.colcon_core.package_identification:_identify(experiment_logs) by extension 'cmake'
[3.501s] Level 1:colcon.colcon_core.package_identification:_identify(experiment_logs) by extension 'python'
[3.501s] Level 1:colcon.colcon_core.package_identification:_identify(experiment_logs) by extensions ['python_setup_py']
[3.501s] Level 1:colcon.colcon_core.package_identification:_identify(experiment_logs) by extension 'python_setup_py'
[3.501s] Level 1:colcon.colcon_core.package_identification:_identify(experiment_logs/feedback_diagnostics) by extensions ['ignore', 'ignore_ament_install']
[3.502s] Level 1:colcon.colcon_core.package_identification:_identify(experiment_logs/feedback_diagnostics) by extension 'ignore'
[3.502s] Level 1:colcon.colcon_core.package_identification:_identify(experiment_logs/feedback_diagnostics) by extension 'ignore_ament_install'
[3.502s] Level 1:colcon.colcon_core.package_identification:_identify(experiment_logs/feedback_diagnostics) by extensions ['colcon_pkg']
[3.502s] Level 1:colcon.colcon_core.package_identification:_identify(experiment_logs/feedback_diagnostics) by extension 'colcon_pkg'
[3.502s] Level 1:colcon.colcon_core.package_identification:_identify(experiment_logs/feedback_diagnostics) by extensions ['colcon_meta']
[3.502s] Level 1:colcon.colcon_core.package_identification:_identify(experiment_logs/feedback_diagnostics) by extension 'colcon_meta'
[3.502s] Level 1:colcon.colcon_core.package_identification:_identify(experiment_logs/feedback_diagnostics) by extensions ['ros']
[3.502s] Level 1:colcon.colcon_core.package_identification:_identify(experiment_logs/feedback_diagnostics) by extension 'ros'
[3.502s] Level 1:colcon.colcon_core.package_identification:_identify(experiment_logs/feedback_diagnostics) by extensions ['cmake', 'python']
[3.503s] Level 1:colcon.colcon_core.package_identification:_identify(experiment_logs/feedback_diagnostics) by extension 'cmake'
[3.503s] Level 1:colcon.colcon_core.package_identification:_identify(experiment_logs/feedback_diagnostics) by extension 'python'
[3.503s] Level 1:colcon.colcon_core.package_identification:_identify(experiment_logs/feedback_diagnostics) by extensions ['python_setup_py']
[3.503s] Level 1:colcon.colcon_core.package_identification:_identify(experiment_logs/feedback_diagnostics) by extension 'python_setup_py'
[3.503s] Level 1:colcon.colcon_core.package_identification:_identify(experiment_logs/feedback_diagnostics/alicia_feedback_20260530_235550) by extensions ['ignore', 'ignore_ament_install']
[3.503s] Level 1:colcon.colcon_core.package_identification:_identify(experiment_logs/feedback_diagnostics/alicia_feedback_20260530_235550) by extension 'ignore'
[3.503s] Level 1:colcon.colcon_core.package_identification:_identify(experiment_logs/feedback_diagnostics/alicia_feedback_20260530_235550) by extension 'ignore_ament_install'
[3.503s] Level 1:colcon.colcon_core.package_identification:_identify(experiment_logs/feedback_diagnostics/alicia_feedback_20260530_235550) by extensions ['colcon_pkg']
[3.504s] Level 1:colcon.colcon_core.package_identification:_identify(experiment_logs/feedback_diagnostics/alicia_feedback_20260530_235550) by extension 'colcon_pkg'
[3.504s] Level 1:colcon.colcon_core.package_identification:_identify(experiment_logs/feedback_diagnostics/alicia_feedback_20260530_235550) by extensions ['colcon_meta']
[3.504s] Level 1:colcon.colcon_core.package_identification:_identify(experiment_logs/feedback_diagnostics/alicia_feedback_20260530_235550) by extension 'colcon_meta'
[3.504s] Level 1:colcon.colcon_core.package_identification:_identify(experiment_logs/feedback_diagnostics/alicia_feedback_20260530_235550) by extensions ['ros']
[3.504s] Level 1:colcon.colcon_core.package_identification:_identify(experiment_logs/feedback_diagnostics/alicia_feedback_20260530_235550) by extension 'ros'
[3.504s] Level 1:colcon.colcon_core.package_identification:_identify(experiment_logs/feedback_diagnostics/alicia_feedback_20260530_235550) by extensions ['cmake', 'python']
[3.504s] Level 1:colcon.colcon_core.package_identification:_identify(experiment_logs/feedback_diagnostics/alicia_feedback_20260530_235550) by extension 'cmake'
[3.504s] Level 1:colcon.colcon_core.package_identification:_identify(experiment_logs/feedback_diagnostics/alicia_feedback_20260530_235550) by extension 'python'
[3.504s] Level 1:colcon.colcon_core.package_identification:_identify(experiment_logs/feedback_diagnostics/alicia_feedback_20260530_235550) by extensions ['python_setup_py']
[3.504s] Level 1:colcon.colcon_core.package_identification:_identify(experiment_logs/feedback_diagnostics/alicia_feedback_20260530_235550) by extension 'python_setup_py'
[3.505s] Level 1:colcon.colcon_core.package_identification:_identify(experiment_logs/feedback_diagnostics/alicia_feedback_20260531_000949) by extensions ['ignore', 'ignore_ament_install']
[3.505s] Level 1:colcon.colcon_core.package_identification:_identify(experiment_logs/feedback_diagnostics/alicia_feedback_20260531_000949) by extension 'ignore'
[3.505s] Level 1:colcon.colcon_core.package_identification:_identify(experiment_logs/feedback_diagnostics/alicia_feedback_20260531_000949) by extension 'ignore_ament_install'
[3.505s] Level 1:colcon.colcon_core.package_identification:_identify(experiment_logs/feedback_diagnostics/alicia_feedback_20260531_000949) by extensions ['colcon_pkg']
[3.505s] Level 1:colcon.colcon_core.package_identification:_identify(experiment_logs/feedback_diagnostics/alicia_feedback_20260531_000949) by extension 'colcon_pkg'
[3.506s] Level 1:colcon.colcon_core.package_identification:_identify(experiment_logs/feedback_diagnostics/alicia_feedback_20260531_000949) by extensions ['colcon_meta']
[3.506s] Level 1:colcon.colcon_core.package_identification:_identify(experiment_logs/feedback_diagnostics/alicia_feedback_20260531_000949) by extension 'colcon_meta'
[3.506s] Level 1:colcon.colcon_core.package_identification:_identify(experiment_logs/feedback_diagnostics/alicia_feedback_20260531_000949) by extensions ['ros']
[3.506s] Level 1:colcon.colcon_core.package_identification:_identify(experiment_logs/feedback_diagnostics/alicia_feedback_20260531_000949) by extension 'ros'
[3.506s] Level 1:colcon.colcon_core.package_identification:_identify(experiment_logs/feedback_diagnostics/alicia_feedback_20260531_000949) by extensions ['cmake', 'python']
[3.506s] Level 1:colcon.colcon_core.package_identification:_identify(experiment_logs/feedback_diagnostics/alicia_feedback_20260531_000949) by extension 'cmake'
[3.506s] Level 1:colcon.colcon_core.package_identification:_identify(experiment_logs/feedback_diagnostics/alicia_feedback_20260531_000949) by extension 'python'
[3.506s] Level 1:colcon.colcon_core.package_identification:_identify(experiment_logs/feedback_diagnostics/alicia_feedback_20260531_000949) by extensions ['python_setup_py']
[3.506s] Level 1:colcon.colcon_core.package_identification:_identify(experiment_logs/feedback_diagnostics/alicia_feedback_20260531_000949) by extension 'python_setup_py'
[3.507s] Level 1:colcon.colcon_core.package_identification:_identify(experiment_logs/feedback_diagnostics/alicia_feedback_20260602_154605) by extensions ['ignore', 'ignore_ament_install']
[3.507s] Level 1:colcon.colcon_core.package_identification:_identify(experiment_logs/feedback_diagnostics/alicia_feedback_20260602_154605) by extension 'ignore'
[3.507s] Level 1:colcon.colcon_core.package_identification:_identify(experiment_logs/feedback_diagnostics/alicia_feedback_20260602_154605) by extension 'ignore_ament_install'
[3.507s] Level 1:colcon.colcon_core.package_identification:_identify(experiment_logs/feedback_diagnostics/alicia_feedback_20260602_154605) by extensions ['colcon_pkg']
[3.507s] Level 1:colcon.colcon_core.package_identification:_identify(experiment_logs/feedback_diagnostics/alicia_feedback_20260602_154605) by extension 'colcon_pkg'
[3.507s] Level 1:colcon.colcon_core.package_identification:_identify(experiment_logs/feedback_diagnostics/alicia_feedback_20260602_154605) by extensions ['colcon_meta']
[3.507s] Level 1:colcon.colcon_core.package_identification:_identify(experiment_logs/feedback_diagnostics/alicia_feedback_20260602_154605) by extension 'colcon_meta'
[3.508s] Level 1:colcon.colcon_core.package_identification:_identify(experiment_logs/feedback_diagnostics/alicia_feedback_20260602_154605) by extensions ['ros']
[3.508s] Level 1:colcon.colcon_core.package_identification:_identify(experiment_logs/feedback_diagnostics/alicia_feedback_20260602_154605) by extension 'ros'
[3.508s] Level 1:colcon.colcon_core.package_identification:_identify(experiment_logs/feedback_diagnostics/alicia_feedback_20260602_154605) by extensions ['cmake', 'python']
[3.508s] Level 1:colcon.colcon_core.package_identification:_identify(experiment_logs/feedback_diagnostics/alicia_feedback_20260602_154605) by extension 'cmake'
[3.508s] Level 1:colcon.colcon_core.package_identification:_identify(experiment_logs/feedback_diagnostics/alicia_feedback_20260602_154605) by extension 'python'
[3.508s] Level 1:colcon.colcon_core.package_identification:_identify(experiment_logs/feedback_diagnostics/alicia_feedback_20260602_154605) by extensions ['python_setup_py']
[3.508s] Level 1:colcon.colcon_core.package_identification:_identify(experiment_logs/feedback_diagnostics/alicia_feedback_20260602_154605) by extension 'python_setup_py'
[3.508s] Level 1:colcon.colcon_core.package_identification:_identify(experiment_logs/feedback_diagnostics/alicia_feedback_20260602_154702) by extensions ['ignore', 'ignore_ament_install']
[3.509s] Level 1:colcon.colcon_core.package_identification:_identify(experiment_logs/feedback_diagnostics/alicia_feedback_20260602_154702) by extension 'ignore'
[3.509s] Level 1:colcon.colcon_core.package_identification:_identify(experiment_logs/feedback_diagnostics/alicia_feedback_20260602_154702) by extension 'ignore_ament_install'
[3.509s] Level 1:colcon.colcon_core.package_identification:_identify(experiment_logs/feedback_diagnostics/alicia_feedback_20260602_154702) by extensions ['colcon_pkg']
[3.509s] Level 1:colcon.colcon_core.package_identification:_identify(experiment_logs/feedback_diagnostics/alicia_feedback_20260602_154702) by extension 'colcon_pkg'
[3.509s] Level 1:colcon.colcon_core.package_identification:_identify(experiment_logs/feedback_diagnostics/alicia_feedback_20260602_154702) by extensions ['colcon_meta']
[3.509s] Level 1:colcon.colcon_core.package_identification:_identify(experiment_logs/feedback_diagnostics/alicia_feedback_20260602_154702) by extension 'colcon_meta'
[3.509s] Level 1:colcon.colcon_core.package_identification:_identify(experiment_logs/feedback_diagnostics/alicia_feedback_20260602_154702) by extensions ['ros']
[3.510s] Level 1:colcon.colcon_core.package_identification:_identify(experiment_logs/feedback_diagnostics/alicia_feedback_20260602_154702) by extension 'ros'
[3.510s] Level 1:colcon.colcon_core.package_identification:_identify(experiment_logs/feedback_diagnostics/alicia_feedback_20260602_154702) by extensions ['cmake', 'python']
[3.510s] Level 1:colcon.colcon_core.package_identification:_identify(experiment_logs/feedback_diagnostics/alicia_feedback_20260602_154702) by extension 'cmake'
[3.510s] Level 1:colcon.colcon_core.package_identification:_identify(experiment_logs/feedback_diagnostics/alicia_feedback_20260602_154702) by extension 'python'
[3.510s] Level 1:colcon.colcon_core.package_identification:_identify(experiment_logs/feedback_diagnostics/alicia_feedback_20260602_154702) by extensions ['python_setup_py']
[3.510s] Level 1:colcon.colcon_core.package_identification:_identify(experiment_logs/feedback_diagnostics/alicia_feedback_20260602_154702) by extension 'python_setup_py'
[3.511s] Level 1:colcon.colcon_core.package_identification:_identify(experiment_logs/feedback_diagnostics/alicia_feedback_20260602_154723) by extensions ['ignore', 'ignore_ament_install']
[3.511s] Level 1:colcon.colcon_core.package_identification:_identify(experiment_logs/feedback_diagnostics/alicia_feedback_20260602_154723) by extension 'ignore'
[3.511s] Level 1:colcon.colcon_core.package_identification:_identify(experiment_logs/feedback_diagnostics/alicia_feedback_20260602_154723) by extension 'ignore_ament_install'
[3.511s] Level 1:colcon.colcon_core.package_identification:_identify(experiment_logs/feedback_diagnostics/alicia_feedback_20260602_154723) by extensions ['colcon_pkg']
[3.511s] Level 1:colcon.colcon_core.package_identification:_identify(experiment_logs/feedback_diagnostics/alicia_feedback_20260602_154723) by extension 'colcon_pkg'
[3.511s] Level 1:colcon.colcon_core.package_identification:_identify(experiment_logs/feedback_diagnostics/alicia_feedback_20260602_154723) by extensions ['colcon_meta']
[3.511s] Level 1:colcon.colcon_core.package_identification:_identify(experiment_logs/feedback_diagnostics/alicia_feedback_20260602_154723) by extension 'colcon_meta'
[3.512s] Level 1:colcon.colcon_core.package_identification:_identify(experiment_logs/feedback_diagnostics/alicia_feedback_20260602_154723) by extensions ['ros']
[3.512s] Level 1:colcon.colcon_core.package_identification:_identify(experiment_logs/feedback_diagnostics/alicia_feedback_20260602_154723) by extension 'ros'
[3.512s] Level 1:colcon.colcon_core.package_identification:_identify(experiment_logs/feedback_diagnostics/alicia_feedback_20260602_154723) by extensions ['cmake', 'python']
[3.512s] Level 1:colcon.colcon_core.package_identification:_identify(experiment_logs/feedback_diagnostics/alicia_feedback_20260602_154723) by extension 'cmake'
[3.512s] Level 1:colcon.colcon_core.package_identification:_identify(experiment_logs/feedback_diagnostics/alicia_feedback_20260602_154723) by extension 'python'
[3.512s] Level 1:colcon.colcon_core.package_identification:_identify(experiment_logs/feedback_diagnostics/alicia_feedback_20260602_154723) by extensions ['python_setup_py']
[3.512s] Level 1:colcon.colcon_core.package_identification:_identify(experiment_logs/feedback_diagnostics/alicia_feedback_20260602_154723) by extension 'python_setup_py'
[3.512s] Level 1:colcon.colcon_core.package_identification:_identify(experiment_logs/feedback_diagnostics/alicia_feedback_20260602_160741) by extensions ['ignore', 'ignore_ament_install']
[3.512s] Level 1:colcon.colcon_core.package_identification:_identify(experiment_logs/feedback_diagnostics/alicia_feedback_20260602_160741) by extension 'ignore'
[3.513s] Level 1:colcon.colcon_core.package_identification:_identify(experiment_logs/feedback_diagnostics/alicia_feedback_20260602_160741) by extension 'ignore_ament_install'
[3.513s] Level 1:colcon.colcon_core.package_identification:_identify(experiment_logs/feedback_diagnostics/alicia_feedback_20260602_160741) by extensions ['colcon_pkg']
[3.513s] Level 1:colcon.colcon_core.package_identification:_identify(experiment_logs/feedback_diagnostics/alicia_feedback_20260602_160741) by extension 'colcon_pkg'
[3.513s] Level 1:colcon.colcon_core.package_identification:_identify(experiment_logs/feedback_diagnostics/alicia_feedback_20260602_160741) by extensions ['colcon_meta']
[3.513s] Level 1:colcon.colcon_core.package_identification:_identify(experiment_logs/feedback_diagnostics/alicia_feedback_20260602_160741) by extension 'colcon_meta'
[3.513s] Level 1:colcon.colcon_core.package_identification:_identify(experiment_logs/feedback_diagnostics/alicia_feedback_20260602_160741) by extensions ['ros']
[3.513s] Level 1:colcon.colcon_core.package_identification:_identify(experiment_logs/feedback_diagnostics/alicia_feedback_20260602_160741) by extension 'ros'
[3.513s] Level 1:colcon.colcon_core.package_identification:_identify(experiment_logs/feedback_diagnostics/alicia_feedback_20260602_160741) by extensions ['cmake', 'python']
[3.514s] Level 1:colcon.colcon_core.package_identification:_identify(experiment_logs/feedback_diagnostics/alicia_feedback_20260602_160741) by extension 'cmake'
[3.514s] Level 1:colcon.colcon_core.package_identification:_identify(experiment_logs/feedback_diagnostics/alicia_feedback_20260602_160741) by extension 'python'
[3.514s] Level 1:colcon.colcon_core.package_identification:_identify(experiment_logs/feedback_diagnostics/alicia_feedback_20260602_160741) by extensions ['python_setup_py']
[3.514s] Level 1:colcon.colcon_core.package_identification:_identify(experiment_logs/feedback_diagnostics/alicia_feedback_20260602_160741) by extension 'python_setup_py'
[3.514s] Level 1:colcon.colcon_core.package_identification:_identify(experiment_logs/feedback_diagnostics/alicia_feedback_20260602_160914) by extensions ['ignore', 'ignore_ament_install']
[3.515s] Level 1:colcon.colcon_core.package_identification:_identify(experiment_logs/feedback_diagnostics/alicia_feedback_20260602_160914) by extension 'ignore'
[3.515s] Level 1:colcon.colcon_core.package_identification:_identify(experiment_logs/feedback_diagnostics/alicia_feedback_20260602_160914) by extension 'ignore_ament_install'
[3.515s] Level 1:colcon.colcon_core.package_identification:_identify(experiment_logs/feedback_diagnostics/alicia_feedback_20260602_160914) by extensions ['colcon_pkg']
[3.515s] Level 1:colcon.colcon_core.package_identification:_identify(experiment_logs/feedback_diagnostics/alicia_feedback_20260602_160914) by extension 'colcon_pkg'
[3.515s] Level 1:colcon.colcon_core.package_identification:_identify(experiment_logs/feedback_diagnostics/alicia_feedback_20260602_160914) by extensions ['colcon_meta']
[3.515s] Level 1:colcon.colcon_core.package_identification:_identify(experiment_logs/feedback_diagnostics/alicia_feedback_20260602_160914) by extension 'colcon_meta'
[3.515s] Level 1:colcon.colcon_core.package_identification:_identify(experiment_logs/feedback_diagnostics/alicia_feedback_20260602_160914) by extensions ['ros']
[3.515s] Level 1:colcon.colcon_core.package_identification:_identify(experiment_logs/feedback_diagnostics/alicia_feedback_20260602_160914) by extension 'ros'
[3.515s] Level 1:colcon.colcon_core.package_identification:_identify(experiment_logs/feedback_diagnostics/alicia_feedback_20260602_160914) by extensions ['cmake', 'python']
[3.515s] Level 1:colcon.colcon_core.package_identification:_identify(experiment_logs/feedback_diagnostics/alicia_feedback_20260602_160914) by extension 'cmake'
[3.516s] Level 1:colcon.colcon_core.package_identification:_identify(experiment_logs/feedback_diagnostics/alicia_feedback_20260602_160914) by extension 'python'
[3.516s] Level 1:colcon.colcon_core.package_identification:_identify(experiment_logs/feedback_diagnostics/alicia_feedback_20260602_160914) by extensions ['python_setup_py']
[3.516s] Level 1:colcon.colcon_core.package_identification:_identify(experiment_logs/feedback_diagnostics/alicia_feedback_20260602_160914) by extension 'python_setup_py'
[3.516s] Level 1:colcon.colcon_core.package_identification:_identify(experiment_logs/feedback_diagnostics/alicia_feedback_20260602_161215) by extensions ['ignore', 'ignore_ament_install']
[3.516s] Level 1:colcon.colcon_core.package_identification:_identify(experiment_logs/feedback_diagnostics/alicia_feedback_20260602_161215) by extension 'ignore'
[3.516s] Level 1:colcon.colcon_core.package_identification:_identify(experiment_logs/feedback_diagnostics/alicia_feedback_20260602_161215) by extension 'ignore_ament_install'
[3.517s] Level 1:colcon.colcon_core.package_identification:_identify(experiment_logs/feedback_diagnostics/alicia_feedback_20260602_161215) by extensions ['colcon_pkg']
[3.517s] Level 1:colcon.colcon_core.package_identification:_identify(experiment_logs/feedback_diagnostics/alicia_feedback_20260602_161215) by extension 'colcon_pkg'
[3.517s] Level 1:colcon.colcon_core.package_identification:_identify(experiment_logs/feedback_diagnostics/alicia_feedback_20260602_161215) by extensions ['colcon_meta']
[3.517s] Level 1:colcon.colcon_core.package_identification:_identify(experiment_logs/feedback_diagnostics/alicia_feedback_20260602_161215) by extension 'colcon_meta'
[3.517s] Level 1:colcon.colcon_core.package_identification:_identify(experiment_logs/feedback_diagnostics/alicia_feedback_20260602_161215) by extensions ['ros']
[3.517s] Level 1:colcon.colcon_core.package_identification:_identify(experiment_logs/feedback_diagnostics/alicia_feedback_20260602_161215) by extension 'ros'
[3.517s] Level 1:colcon.colcon_core.package_identification:_identify(experiment_logs/feedback_diagnostics/alicia_feedback_20260602_161215) by extensions ['cmake', 'python']
[3.517s] Level 1:colcon.colcon_core.package_identification:_identify(experiment_logs/feedback_diagnostics/alicia_feedback_20260602_161215) by extension 'cmake'
[3.518s] Level 1:colcon.colcon_core.package_identification:_identify(experiment_logs/feedback_diagnostics/alicia_feedback_20260602_161215) by extension 'python'
[3.518s] Level 1:colcon.colcon_core.package_identification:_identify(experiment_logs/feedback_diagnostics/alicia_feedback_20260602_161215) by extensions ['python_setup_py']
[3.518s] Level 1:colcon.colcon_core.package_identification:_identify(experiment_logs/feedback_diagnostics/alicia_feedback_20260602_161215) by extension 'python_setup_py'
[3.518s] Level 1:colcon.colcon_core.package_identification:_identify(experiment_logs/feedback_diagnostics/alicia_feedback_20260602_161500) by extensions ['ignore', 'ignore_ament_install']
[3.518s] Level 1:colcon.colcon_core.package_identification:_identify(experiment_logs/feedback_diagnostics/alicia_feedback_20260602_161500) by extension 'ignore'
[3.518s] Level 1:colcon.colcon_core.package_identification:_identify(experiment_logs/feedback_diagnostics/alicia_feedback_20260602_161500) by extension 'ignore_ament_install'
[3.518s] Level 1:colcon.colcon_core.package_identification:_identify(experiment_logs/feedback_diagnostics/alicia_feedback_20260602_161500) by extensions ['colcon_pkg']
[3.519s] Level 1:colcon.colcon_core.package_identification:_identify(experiment_logs/feedback_diagnostics/alicia_feedback_20260602_161500) by extension 'colcon_pkg'
[3.519s] Level 1:colcon.colcon_core.package_identification:_identify(experiment_logs/feedback_diagnostics/alicia_feedback_20260602_161500) by extensions ['colcon_meta']
[3.519s] Level 1:colcon.colcon_core.package_identification:_identify(experiment_logs/feedback_diagnostics/alicia_feedback_20260602_161500) by extension 'colcon_meta'
[3.519s] Level 1:colcon.colcon_core.package_identification:_identify(experiment_logs/feedback_diagnostics/alicia_feedback_20260602_161500) by extensions ['ros']
[3.519s] Level 1:colcon.colcon_core.package_identification:_identify(experiment_logs/feedback_diagnostics/alicia_feedback_20260602_161500) by extension 'ros'
[3.519s] Level 1:colcon.colcon_core.package_identification:_identify(experiment_logs/feedback_diagnostics/alicia_feedback_20260602_161500) by extensions ['cmake', 'python']
[3.519s] Level 1:colcon.colcon_core.package_identification:_identify(experiment_logs/feedback_diagnostics/alicia_feedback_20260602_161500) by extension 'cmake'
[3.519s] Level 1:colcon.colcon_core.package_identification:_identify(experiment_logs/feedback_diagnostics/alicia_feedback_20260602_161500) by extension 'python'
[3.519s] Level 1:colcon.colcon_core.package_identification:_identify(experiment_logs/feedback_diagnostics/alicia_feedback_20260602_161500) by extensions ['python_setup_py']
[3.519s] Level 1:colcon.colcon_core.package_identification:_identify(experiment_logs/feedback_diagnostics/alicia_feedback_20260602_161500) by extension 'python_setup_py'
[3.519s] Level 1:colcon.colcon_core.package_identification:_identify(experiment_logs/feedback_diagnostics/alicia_feedback_20260602_161548) by extensions ['ignore', 'ignore_ament_install']
[3.520s] Level 1:colcon.colcon_core.package_identification:_identify(experiment_logs/feedback_diagnostics/alicia_feedback_20260602_161548) by extension 'ignore'
[3.520s] Level 1:colcon.colcon_core.package_identification:_identify(experiment_logs/feedback_diagnostics/alicia_feedback_20260602_161548) by extension 'ignore_ament_install'
[3.520s] Level 1:colcon.colcon_core.package_identification:_identify(experiment_logs/feedback_diagnostics/alicia_feedback_20260602_161548) by extensions ['colcon_pkg']
[3.520s] Level 1:colcon.colcon_core.package_identification:_identify(experiment_logs/feedback_diagnostics/alicia_feedback_20260602_161548) by extension 'colcon_pkg'
[3.520s] Level 1:colcon.colcon_core.package_identification:_identify(experiment_logs/feedback_diagnostics/alicia_feedback_20260602_161548) by extensions ['colcon_meta']
[3.520s] Level 1:colcon.colcon_core.package_identification:_identify(experiment_logs/feedback_diagnostics/alicia_feedback_20260602_161548) by extension 'colcon_meta'
[3.520s] Level 1:colcon.colcon_core.package_identification:_identify(experiment_logs/feedback_diagnostics/alicia_feedback_20260602_161548) by extensions ['ros']
[3.520s] Level 1:colcon.colcon_core.package_identification:_identify(experiment_logs/feedback_diagnostics/alicia_feedback_20260602_161548) by extension 'ros'
[3.521s] Level 1:colcon.colcon_core.package_identification:_identify(experiment_logs/feedback_diagnostics/alicia_feedback_20260602_161548) by extensions ['cmake', 'python']
[3.521s] Level 1:colcon.colcon_core.package_identification:_identify(experiment_logs/feedback_diagnostics/alicia_feedback_20260602_161548) by extension 'cmake'
[3.521s] Level 1:colcon.colcon_core.package_identification:_identify(experiment_logs/feedback_diagnostics/alicia_feedback_20260602_161548) by extension 'python'
[3.521s] Level 1:colcon.colcon_core.package_identification:_identify(experiment_logs/feedback_diagnostics/alicia_feedback_20260602_161548) by extensions ['python_setup_py']
[3.521s] Level 1:colcon.colcon_core.package_identification:_identify(experiment_logs/feedback_diagnostics/alicia_feedback_20260602_161548) by extension 'python_setup_py'
[3.521s] Level 1:colcon.colcon_core.package_identification:_identify(experiment_logs/feedback_diagnostics/alicia_feedback_20260602_170312) by extensions ['ignore', 'ignore_ament_install']
[3.521s] Level 1:colcon.colcon_core.package_identification:_identify(experiment_logs/feedback_diagnostics/alicia_feedback_20260602_170312) by extension 'ignore'
[3.521s] Level 1:colcon.colcon_core.package_identification:_identify(experiment_logs/feedback_diagnostics/alicia_feedback_20260602_170312) by extension 'ignore_ament_install'
[3.522s] Level 1:colcon.colcon_core.package_identification:_identify(experiment_logs/feedback_diagnostics/alicia_feedback_20260602_170312) by extensions ['colcon_pkg']
[3.522s] Level 1:colcon.colcon_core.package_identification:_identify(experiment_logs/feedback_diagnostics/alicia_feedback_20260602_170312) by extension 'colcon_pkg'
[3.522s] Level 1:colcon.colcon_core.package_identification:_identify(experiment_logs/feedback_diagnostics/alicia_feedback_20260602_170312) by extensions ['colcon_meta']
[3.522s] Level 1:colcon.colcon_core.package_identification:_identify(experiment_logs/feedback_diagnostics/alicia_feedback_20260602_170312) by extension 'colcon_meta'
[3.522s] Level 1:colcon.colcon_core.package_identification:_identify(experiment_logs/feedback_diagnostics/alicia_feedback_20260602_170312) by extensions ['ros']
[3.522s] Level 1:colcon.colcon_core.package_identification:_identify(experiment_logs/feedback_diagnostics/alicia_feedback_20260602_170312) by extension 'ros'
[3.522s] Level 1:colcon.colcon_core.package_identification:_identify(experiment_logs/feedback_diagnostics/alicia_feedback_20260602_170312) by extensions ['cmake', 'python']
[3.522s] Level 1:colcon.colcon_core.package_identification:_identify(experiment_logs/feedback_diagnostics/alicia_feedback_20260602_170312) by extension 'cmake'
[3.523s] Level 1:colcon.colcon_core.package_identification:_identify(experiment_logs/feedback_diagnostics/alicia_feedback_20260602_170312) by extension 'python'
[3.523s] Level 1:colcon.colcon_core.package_identification:_identify(experiment_logs/feedback_diagnostics/alicia_feedback_20260602_170312) by extensions ['python_setup_py']
[3.523s] Level 1:colcon.colcon_core.package_identification:_identify(experiment_logs/feedback_diagnostics/alicia_feedback_20260602_170312) by extension 'python_setup_py'
[3.523s] Level 1:colcon.colcon_core.package_identification:_identify(experiment_logs/feedback_motion) by extensions ['ignore', 'ignore_ament_install']
[3.523s] Level 1:colcon.colcon_core.package_identification:_identify(experiment_logs/feedback_motion) by extension 'ignore'
[3.523s] Level 1:colcon.colcon_core.package_identification:_identify(experiment_logs/feedback_motion) by extension 'ignore_ament_install'
[3.523s] Level 1:colcon.colcon_core.package_identification:_identify(experiment_logs/feedback_motion) by extensions ['colcon_pkg']
[3.523s] Level 1:colcon.colcon_core.package_identification:_identify(experiment_logs/feedback_motion) by extension 'colcon_pkg'
[3.524s] Level 1:colcon.colcon_core.package_identification:_identify(experiment_logs/feedback_motion) by extensions ['colcon_meta']
[3.524s] Level 1:colcon.colcon_core.package_identification:_identify(experiment_logs/feedback_motion) by extension 'colcon_meta'
[3.524s] Level 1:colcon.colcon_core.package_identification:_identify(experiment_logs/feedback_motion) by extensions ['ros']
[3.524s] Level 1:colcon.colcon_core.package_identification:_identify(experiment_logs/feedback_motion) by extension 'ros'
[3.524s] Level 1:colcon.colcon_core.package_identification:_identify(experiment_logs/feedback_motion) by extensions ['cmake', 'python']
[3.524s] Level 1:colcon.colcon_core.package_identification:_identify(experiment_logs/feedback_motion) by extension 'cmake'
[3.524s] Level 1:colcon.colcon_core.package_identification:_identify(experiment_logs/feedback_motion) by extension 'python'
[3.524s] Level 1:colcon.colcon_core.package_identification:_identify(experiment_logs/feedback_motion) by extensions ['python_setup_py']
[3.524s] Level 1:colcon.colcon_core.package_identification:_identify(experiment_logs/feedback_motion) by extension 'python_setup_py'
[3.525s] Level 1:colcon.colcon_core.package_identification:_identify(experiment_logs/feedback_motion/tiny_feedback_motion_20260531_210724_current_gripper_state) by extensions ['ignore', 'ignore_ament_install']
[3.525s] Level 1:colcon.colcon_core.package_identification:_identify(experiment_logs/feedback_motion/tiny_feedback_motion_20260531_210724_current_gripper_state) by extension 'ignore'
[3.525s] Level 1:colcon.colcon_core.package_identification:_identify(experiment_logs/feedback_motion/tiny_feedback_motion_20260531_210724_current_gripper_state) by extension 'ignore_ament_install'
[3.525s] Level 1:colcon.colcon_core.package_identification:_identify(experiment_logs/feedback_motion/tiny_feedback_motion_20260531_210724_current_gripper_state) by extensions ['colcon_pkg']
[3.525s] Level 1:colcon.colcon_core.package_identification:_identify(experiment_logs/feedback_motion/tiny_feedback_motion_20260531_210724_current_gripper_state) by extension 'colcon_pkg'
[3.525s] Level 1:colcon.colcon_core.package_identification:_identify(experiment_logs/feedback_motion/tiny_feedback_motion_20260531_210724_current_gripper_state) by extensions ['colcon_meta']
[3.525s] Level 1:colcon.colcon_core.package_identification:_identify(experiment_logs/feedback_motion/tiny_feedback_motion_20260531_210724_current_gripper_state) by extension 'colcon_meta'
[3.526s] Level 1:colcon.colcon_core.package_identification:_identify(experiment_logs/feedback_motion/tiny_feedback_motion_20260531_210724_current_gripper_state) by extensions ['ros']
[3.526s] Level 1:colcon.colcon_core.package_identification:_identify(experiment_logs/feedback_motion/tiny_feedback_motion_20260531_210724_current_gripper_state) by extension 'ros'
[3.526s] Level 1:colcon.colcon_core.package_identification:_identify(experiment_logs/feedback_motion/tiny_feedback_motion_20260531_210724_current_gripper_state) by extensions ['cmake', 'python']
[3.526s] Level 1:colcon.colcon_core.package_identification:_identify(experiment_logs/feedback_motion/tiny_feedback_motion_20260531_210724_current_gripper_state) by extension 'cmake'
[3.526s] Level 1:colcon.colcon_core.package_identification:_identify(experiment_logs/feedback_motion/tiny_feedback_motion_20260531_210724_current_gripper_state) by extension 'python'
[3.526s] Level 1:colcon.colcon_core.package_identification:_identify(experiment_logs/feedback_motion/tiny_feedback_motion_20260531_210724_current_gripper_state) by extensions ['python_setup_py']
[3.526s] Level 1:colcon.colcon_core.package_identification:_identify(experiment_logs/feedback_motion/tiny_feedback_motion_20260531_210724_current_gripper_state) by extension 'python_setup_py'
[3.527s] Level 1:colcon.colcon_core.package_identification:_identify(experiment_logs/gripper_debug_state) by extensions ['ignore', 'ignore_ament_install']
[3.527s] Level 1:colcon.colcon_core.package_identification:_identify(experiment_logs/gripper_debug_state) by extension 'ignore'
[3.527s] Level 1:colcon.colcon_core.package_identification:_identify(experiment_logs/gripper_debug_state) by extension 'ignore_ament_install'
[3.527s] Level 1:colcon.colcon_core.package_identification:_identify(experiment_logs/gripper_debug_state) by extensions ['colcon_pkg']
[3.527s] Level 1:colcon.colcon_core.package_identification:_identify(experiment_logs/gripper_debug_state) by extension 'colcon_pkg'
[3.527s] Level 1:colcon.colcon_core.package_identification:_identify(experiment_logs/gripper_debug_state) by extensions ['colcon_meta']
[3.527s] Level 1:colcon.colcon_core.package_identification:_identify(experiment_logs/gripper_debug_state) by extension 'colcon_meta'
[3.527s] Level 1:colcon.colcon_core.package_identification:_identify(experiment_logs/gripper_debug_state) by extensions ['ros']
[3.527s] Level 1:colcon.colcon_core.package_identification:_identify(experiment_logs/gripper_debug_state) by extension 'ros'
[3.528s] Level 1:colcon.colcon_core.package_identification:_identify(experiment_logs/gripper_debug_state) by extensions ['cmake', 'python']
[3.528s] Level 1:colcon.colcon_core.package_identification:_identify(experiment_logs/gripper_debug_state) by extension 'cmake'
[3.528s] Level 1:colcon.colcon_core.package_identification:_identify(experiment_logs/gripper_debug_state) by extension 'python'
[3.528s] Level 1:colcon.colcon_core.package_identification:_identify(experiment_logs/gripper_debug_state) by extensions ['python_setup_py']
[3.528s] Level 1:colcon.colcon_core.package_identification:_identify(experiment_logs/gripper_debug_state) by extension 'python_setup_py'
[3.528s] Level 1:colcon.colcon_core.package_identification:_identify(experiment_logs/gripper_debug_state/gripper_debug_20260604_143305) by extensions ['ignore', 'ignore_ament_install']
[3.528s] Level 1:colcon.colcon_core.package_identification:_identify(experiment_logs/gripper_debug_state/gripper_debug_20260604_143305) by extension 'ignore'
[3.528s] Level 1:colcon.colcon_core.package_identification:_identify(experiment_logs/gripper_debug_state/gripper_debug_20260604_143305) by extension 'ignore_ament_install'
[3.529s] Level 1:colcon.colcon_core.package_identification:_identify(experiment_logs/gripper_debug_state/gripper_debug_20260604_143305) by extensions ['colcon_pkg']
[3.529s] Level 1:colcon.colcon_core.package_identification:_identify(experiment_logs/gripper_debug_state/gripper_debug_20260604_143305) by extension 'colcon_pkg'
[3.529s] Level 1:colcon.colcon_core.package_identification:_identify(experiment_logs/gripper_debug_state/gripper_debug_20260604_143305) by extensions ['colcon_meta']
[3.529s] Level 1:colcon.colcon_core.package_identification:_identify(experiment_logs/gripper_debug_state/gripper_debug_20260604_143305) by extension 'colcon_meta'
[3.529s] Level 1:colcon.colcon_core.package_identification:_identify(experiment_logs/gripper_debug_state/gripper_debug_20260604_143305) by extensions ['ros']
[3.529s] Level 1:colcon.colcon_core.package_identification:_identify(experiment_logs/gripper_debug_state/gripper_debug_20260604_143305) by extension 'ros'
[3.529s] Level 1:colcon.colcon_core.package_identification:_identify(experiment_logs/gripper_debug_state/gripper_debug_20260604_143305) by extensions ['cmake', 'python']
[3.529s] Level 1:colcon.colcon_core.package_identification:_identify(experiment_logs/gripper_debug_state/gripper_debug_20260604_143305) by extension 'cmake'
[3.529s] Level 1:colcon.colcon_core.package_identification:_identify(experiment_logs/gripper_debug_state/gripper_debug_20260604_143305) by extension 'python'
[3.530s] Level 1:colcon.colcon_core.package_identification:_identify(experiment_logs/gripper_debug_state/gripper_debug_20260604_143305) by extensions ['python_setup_py']
[3.530s] Level 1:colcon.colcon_core.package_identification:_identify(experiment_logs/gripper_debug_state/gripper_debug_20260604_143305) by extension 'python_setup_py'
[3.530s] Level 1:colcon.colcon_core.package_identification:_identify(experiment_logs/gripper_debug_state/gripper_debug_20260604_150215) by extensions ['ignore', 'ignore_ament_install']
[3.530s] Level 1:colcon.colcon_core.package_identification:_identify(experiment_logs/gripper_debug_state/gripper_debug_20260604_150215) by extension 'ignore'
[3.530s] Level 1:colcon.colcon_core.package_identification:_identify(experiment_logs/gripper_debug_state/gripper_debug_20260604_150215) by extension 'ignore_ament_install'
[3.530s] Level 1:colcon.colcon_core.package_identification:_identify(experiment_logs/gripper_debug_state/gripper_debug_20260604_150215) by extensions ['colcon_pkg']
[3.530s] Level 1:colcon.colcon_core.package_identification:_identify(experiment_logs/gripper_debug_state/gripper_debug_20260604_150215) by extension 'colcon_pkg'
[3.530s] Level 1:colcon.colcon_core.package_identification:_identify(experiment_logs/gripper_debug_state/gripper_debug_20260604_150215) by extensions ['colcon_meta']
[3.530s] Level 1:colcon.colcon_core.package_identification:_identify(experiment_logs/gripper_debug_state/gripper_debug_20260604_150215) by extension 'colcon_meta'
[3.531s] Level 1:colcon.colcon_core.package_identification:_identify(experiment_logs/gripper_debug_state/gripper_debug_20260604_150215) by extensions ['ros']
[3.531s] Level 1:colcon.colcon_core.package_identification:_identify(experiment_logs/gripper_debug_state/gripper_debug_20260604_150215) by extension 'ros'
[3.531s] Level 1:colcon.colcon_core.package_identification:_identify(experiment_logs/gripper_debug_state/gripper_debug_20260604_150215) by extensions ['cmake', 'python']
[3.531s] Level 1:colcon.colcon_core.package_identification:_identify(experiment_logs/gripper_debug_state/gripper_debug_20260604_150215) by extension 'cmake'
[3.531s] Level 1:colcon.colcon_core.package_identification:_identify(experiment_logs/gripper_debug_state/gripper_debug_20260604_150215) by extension 'python'
[3.531s] Level 1:colcon.colcon_core.package_identification:_identify(experiment_logs/gripper_debug_state/gripper_debug_20260604_150215) by extensions ['python_setup_py']
[3.531s] Level 1:colcon.colcon_core.package_identification:_identify(experiment_logs/gripper_debug_state/gripper_debug_20260604_150215) by extension 'python_setup_py'
[3.531s] Level 1:colcon.colcon_core.package_identification:_identify(experiment_logs/gripper_debug_state/gripper_debug_20260604_150713) by extensions ['ignore', 'ignore_ament_install']
[3.532s] Level 1:colcon.colcon_core.package_identification:_identify(experiment_logs/gripper_debug_state/gripper_debug_20260604_150713) by extension 'ignore'
[3.532s] Level 1:colcon.colcon_core.package_identification:_identify(experiment_logs/gripper_debug_state/gripper_debug_20260604_150713) by extension 'ignore_ament_install'
[3.532s] Level 1:colcon.colcon_core.package_identification:_identify(experiment_logs/gripper_debug_state/gripper_debug_20260604_150713) by extensions ['colcon_pkg']
[3.532s] Level 1:colcon.colcon_core.package_identification:_identify(experiment_logs/gripper_debug_state/gripper_debug_20260604_150713) by extension 'colcon_pkg'
[3.532s] Level 1:colcon.colcon_core.package_identification:_identify(experiment_logs/gripper_debug_state/gripper_debug_20260604_150713) by extensions ['colcon_meta']
[3.532s] Level 1:colcon.colcon_core.package_identification:_identify(experiment_logs/gripper_debug_state/gripper_debug_20260604_150713) by extension 'colcon_meta'
[3.532s] Level 1:colcon.colcon_core.package_identification:_identify(experiment_logs/gripper_debug_state/gripper_debug_20260604_150713) by extensions ['ros']
[3.532s] Level 1:colcon.colcon_core.package_identification:_identify(experiment_logs/gripper_debug_state/gripper_debug_20260604_150713) by extension 'ros'
[3.532s] Level 1:colcon.colcon_core.package_identification:_identify(experiment_logs/gripper_debug_state/gripper_debug_20260604_150713) by extensions ['cmake', 'python']
[3.532s] Level 1:colcon.colcon_core.package_identification:_identify(experiment_logs/gripper_debug_state/gripper_debug_20260604_150713) by extension 'cmake'
[3.532s] Level 1:colcon.colcon_core.package_identification:_identify(experiment_logs/gripper_debug_state/gripper_debug_20260604_150713) by extension 'python'
[3.532s] Level 1:colcon.colcon_core.package_identification:_identify(experiment_logs/gripper_debug_state/gripper_debug_20260604_150713) by extensions ['python_setup_py']
[3.532s] Level 1:colcon.colcon_core.package_identification:_identify(experiment_logs/gripper_debug_state/gripper_debug_20260604_150713) by extension 'python_setup_py'
[3.533s] Level 1:colcon.colcon_core.package_identification:_identify(experiment_logs/gripper_debug_state/gripper_debug_20260604_162128) by extensions ['ignore', 'ignore_ament_install']
[3.533s] Level 1:colcon.colcon_core.package_identification:_identify(experiment_logs/gripper_debug_state/gripper_debug_20260604_162128) by extension 'ignore'
[3.534s] Level 1:colcon.colcon_core.package_identification:_identify(experiment_logs/gripper_debug_state/gripper_debug_20260604_162128) by extension 'ignore_ament_install'
[3.534s] Level 1:colcon.colcon_core.package_identification:_identify(experiment_logs/gripper_debug_state/gripper_debug_20260604_162128) by extensions ['colcon_pkg']
[3.534s] Level 1:colcon.colcon_core.package_identification:_identify(experiment_logs/gripper_debug_state/gripper_debug_20260604_162128) by extension 'colcon_pkg'
[3.534s] Level 1:colcon.colcon_core.package_identification:_identify(experiment_logs/gripper_debug_state/gripper_debug_20260604_162128) by extensions ['colcon_meta']
[3.534s] Level 1:colcon.colcon_core.package_identification:_identify(experiment_logs/gripper_debug_state/gripper_debug_20260604_162128) by extension 'colcon_meta'
[3.534s] Level 1:colcon.colcon_core.package_identification:_identify(experiment_logs/gripper_debug_state/gripper_debug_20260604_162128) by extensions ['ros']
[3.534s] Level 1:colcon.colcon_core.package_identification:_identify(experiment_logs/gripper_debug_state/gripper_debug_20260604_162128) by extension 'ros'
[3.535s] Level 1:colcon.colcon_core.package_identification:_identify(experiment_logs/gripper_debug_state/gripper_debug_20260604_162128) by extensions ['cmake', 'python']
[3.535s] Level 1:colcon.colcon_core.package_identification:_identify(experiment_logs/gripper_debug_state/gripper_debug_20260604_162128) by extension 'cmake'
[3.535s] Level 1:colcon.colcon_core.package_identification:_identify(experiment_logs/gripper_debug_state/gripper_debug_20260604_162128) by extension 'python'
[3.535s] Level 1:colcon.colcon_core.package_identification:_identify(experiment_logs/gripper_debug_state/gripper_debug_20260604_162128) by extensions ['python_setup_py']
[3.535s] Level 1:colcon.colcon_core.package_identification:_identify(experiment_logs/gripper_debug_state/gripper_debug_20260604_162128) by extension 'python_setup_py'
[3.535s] Level 1:colcon.colcon_core.package_identification:_identify(experiment_logs/gripper_debug_state/gripper_debug_20260604_163028) by extensions ['ignore', 'ignore_ament_install']
[3.536s] Level 1:colcon.colcon_core.package_identification:_identify(experiment_logs/gripper_debug_state/gripper_debug_20260604_163028) by extension 'ignore'
[3.536s] Level 1:colcon.colcon_core.package_identification:_identify(experiment_logs/gripper_debug_state/gripper_debug_20260604_163028) by extension 'ignore_ament_install'
[3.536s] Level 1:colcon.colcon_core.package_identification:_identify(experiment_logs/gripper_debug_state/gripper_debug_20260604_163028) by extensions ['colcon_pkg']
[3.536s] Level 1:colcon.colcon_core.package_identification:_identify(experiment_logs/gripper_debug_state/gripper_debug_20260604_163028) by extension 'colcon_pkg'
[3.536s] Level 1:colcon.colcon_core.package_identification:_identify(experiment_logs/gripper_debug_state/gripper_debug_20260604_163028) by extensions ['colcon_meta']
[3.536s] Level 1:colcon.colcon_core.package_identification:_identify(experiment_logs/gripper_debug_state/gripper_debug_20260604_163028) by extension 'colcon_meta'
[3.536s] Level 1:colcon.colcon_core.package_identification:_identify(experiment_logs/gripper_debug_state/gripper_debug_20260604_163028) by extensions ['ros']
[3.536s] Level 1:colcon.colcon_core.package_identification:_identify(experiment_logs/gripper_debug_state/gripper_debug_20260604_163028) by extension 'ros'
[3.536s] Level 1:colcon.colcon_core.package_identification:_identify(experiment_logs/gripper_debug_state/gripper_debug_20260604_163028) by extensions ['cmake', 'python']
[3.537s] Level 1:colcon.colcon_core.package_identification:_identify(experiment_logs/gripper_debug_state/gripper_debug_20260604_163028) by extension 'cmake'
[3.537s] Level 1:colcon.colcon_core.package_identification:_identify(experiment_logs/gripper_debug_state/gripper_debug_20260604_163028) by extension 'python'
[3.537s] Level 1:colcon.colcon_core.package_identification:_identify(experiment_logs/gripper_debug_state/gripper_debug_20260604_163028) by extensions ['python_setup_py']
[3.537s] Level 1:colcon.colcon_core.package_identification:_identify(experiment_logs/gripper_debug_state/gripper_debug_20260604_163028) by extension 'python_setup_py'
[3.537s] Level 1:colcon.colcon_core.package_identification:_identify(experiment_logs/gripper_debug_state/gripper_debug_20260604_164701) by extensions ['ignore', 'ignore_ament_install']
[3.537s] Level 1:colcon.colcon_core.package_identification:_identify(experiment_logs/gripper_debug_state/gripper_debug_20260604_164701) by extension 'ignore'
[3.538s] Level 1:colcon.colcon_core.package_identification:_identify(experiment_logs/gripper_debug_state/gripper_debug_20260604_164701) by extension 'ignore_ament_install'
[3.538s] Level 1:colcon.colcon_core.package_identification:_identify(experiment_logs/gripper_debug_state/gripper_debug_20260604_164701) by extensions ['colcon_pkg']
[3.538s] Level 1:colcon.colcon_core.package_identification:_identify(experiment_logs/gripper_debug_state/gripper_debug_20260604_164701) by extension 'colcon_pkg'
[3.538s] Level 1:colcon.colcon_core.package_identification:_identify(experiment_logs/gripper_debug_state/gripper_debug_20260604_164701) by extensions ['colcon_meta']
[3.538s] Level 1:colcon.colcon_core.package_identification:_identify(experiment_logs/gripper_debug_state/gripper_debug_20260604_164701) by extension 'colcon_meta'
[3.538s] Level 1:colcon.colcon_core.package_identification:_identify(experiment_logs/gripper_debug_state/gripper_debug_20260604_164701) by extensions ['ros']
[3.538s] Level 1:colcon.colcon_core.package_identification:_identify(experiment_logs/gripper_debug_state/gripper_debug_20260604_164701) by extension 'ros'
[3.539s] Level 1:colcon.colcon_core.package_identification:_identify(experiment_logs/gripper_debug_state/gripper_debug_20260604_164701) by extensions ['cmake', 'python']
[3.539s] Level 1:colcon.colcon_core.package_identification:_identify(experiment_logs/gripper_debug_state/gripper_debug_20260604_164701) by extension 'cmake'
[3.539s] Level 1:colcon.colcon_core.package_identification:_identify(experiment_logs/gripper_debug_state/gripper_debug_20260604_164701) by extension 'python'
[3.539s] Level 1:colcon.colcon_core.package_identification:_identify(experiment_logs/gripper_debug_state/gripper_debug_20260604_164701) by extensions ['python_setup_py']
[3.539s] Level 1:colcon.colcon_core.package_identification:_identify(experiment_logs/gripper_debug_state/gripper_debug_20260604_164701) by extension 'python_setup_py'
[3.540s] Level 1:colcon.colcon_core.package_identification:_identify(experiment_logs/simulation) by extensions ['ignore', 'ignore_ament_install']
[3.540s] Level 1:colcon.colcon_core.package_identification:_identify(experiment_logs/simulation) by extension 'ignore'
[3.540s] Level 1:colcon.colcon_core.package_identification:_identify(experiment_logs/simulation) by extension 'ignore_ament_install'
[3.540s] Level 1:colcon.colcon_core.package_identification:_identify(experiment_logs/simulation) by extensions ['colcon_pkg']
[3.540s] Level 1:colcon.colcon_core.package_identification:_identify(experiment_logs/simulation) by extension 'colcon_pkg'
[3.540s] Level 1:colcon.colcon_core.package_identification:_identify(experiment_logs/simulation) by extensions ['colcon_meta']
[3.540s] Level 1:colcon.colcon_core.package_identification:_identify(experiment_logs/simulation) by extension 'colcon_meta'
[3.540s] Level 1:colcon.colcon_core.package_identification:_identify(experiment_logs/simulation) by extensions ['ros']
[3.541s] Level 1:colcon.colcon_core.package_identification:_identify(experiment_logs/simulation) by extension 'ros'
[3.541s] Level 1:colcon.colcon_core.package_identification:_identify(experiment_logs/simulation) by extensions ['cmake', 'python']
[3.541s] Level 1:colcon.colcon_core.package_identification:_identify(experiment_logs/simulation) by extension 'cmake'
[3.541s] Level 1:colcon.colcon_core.package_identification:_identify(experiment_logs/simulation) by extension 'python'
[3.541s] Level 1:colcon.colcon_core.package_identification:_identify(experiment_logs/simulation) by extensions ['python_setup_py']
[3.541s] Level 1:colcon.colcon_core.package_identification:_identify(experiment_logs/simulation) by extension 'python_setup_py'
[3.541s] Level 1:colcon.colcon_core.package_identification:_identify(experiment_logs/simulation/control_layer_20260530_222950) by extensions ['ignore', 'ignore_ament_install']
[3.542s] Level 1:colcon.colcon_core.package_identification:_identify(experiment_logs/simulation/control_layer_20260530_222950) by extension 'ignore'
[3.542s] Level 1:colcon.colcon_core.package_identification:_identify(experiment_logs/simulation/control_layer_20260530_222950) by extension 'ignore_ament_install'
[3.542s] Level 1:colcon.colcon_core.package_identification:_identify(experiment_logs/simulation/control_layer_20260530_222950) by extensions ['colcon_pkg']
[3.542s] Level 1:colcon.colcon_core.package_identification:_identify(experiment_logs/simulation/control_layer_20260530_222950) by extension 'colcon_pkg'
[3.542s] Level 1:colcon.colcon_core.package_identification:_identify(experiment_logs/simulation/control_layer_20260530_222950) by extensions ['colcon_meta']
[3.543s] Level 1:colcon.colcon_core.package_identification:_identify(experiment_logs/simulation/control_layer_20260530_222950) by extension 'colcon_meta'
[3.543s] Level 1:colcon.colcon_core.package_identification:_identify(experiment_logs/simulation/control_layer_20260530_222950) by extensions ['ros']
[3.543s] Level 1:colcon.colcon_core.package_identification:_identify(experiment_logs/simulation/control_layer_20260530_222950) by extension 'ros'
[3.543s] Level 1:colcon.colcon_core.package_identification:_identify(experiment_logs/simulation/control_layer_20260530_222950) by extensions ['cmake', 'python']
[3.543s] Level 1:colcon.colcon_core.package_identification:_identify(experiment_logs/simulation/control_layer_20260530_222950) by extension 'cmake'
[3.543s] Level 1:colcon.colcon_core.package_identification:_identify(experiment_logs/simulation/control_layer_20260530_222950) by extension 'python'
[3.543s] Level 1:colcon.colcon_core.package_identification:_identify(experiment_logs/simulation/control_layer_20260530_222950) by extensions ['python_setup_py']
[3.543s] Level 1:colcon.colcon_core.package_identification:_identify(experiment_logs/simulation/control_layer_20260530_222950) by extension 'python_setup_py'
[3.544s] Level 1:colcon.colcon_core.package_identification:_identify(experiment_logs/simulation/control_layer_20260530_222950/ros_logs) by extensions ['ignore', 'ignore_ament_install']
[3.544s] Level 1:colcon.colcon_core.package_identification:_identify(experiment_logs/simulation/control_layer_20260530_222950/ros_logs) by extension 'ignore'
[3.544s] Level 1:colcon.colcon_core.package_identification:_identify(experiment_logs/simulation/control_layer_20260530_222950/ros_logs) by extension 'ignore_ament_install'
[3.544s] Level 1:colcon.colcon_core.package_identification:_identify(experiment_logs/simulation/control_layer_20260530_222950/ros_logs) by extensions ['colcon_pkg']
[3.544s] Level 1:colcon.colcon_core.package_identification:_identify(experiment_logs/simulation/control_layer_20260530_222950/ros_logs) by extension 'colcon_pkg'
[3.544s] Level 1:colcon.colcon_core.package_identification:_identify(experiment_logs/simulation/control_layer_20260530_222950/ros_logs) by extensions ['colcon_meta']
[3.544s] Level 1:colcon.colcon_core.package_identification:_identify(experiment_logs/simulation/control_layer_20260530_222950/ros_logs) by extension 'colcon_meta'
[3.545s] Level 1:colcon.colcon_core.package_identification:_identify(experiment_logs/simulation/control_layer_20260530_222950/ros_logs) by extensions ['ros']
[3.545s] Level 1:colcon.colcon_core.package_identification:_identify(experiment_logs/simulation/control_layer_20260530_222950/ros_logs) by extension 'ros'
[3.545s] Level 1:colcon.colcon_core.package_identification:_identify(experiment_logs/simulation/control_layer_20260530_222950/ros_logs) by extensions ['cmake', 'python']
[3.545s] Level 1:colcon.colcon_core.package_identification:_identify(experiment_logs/simulation/control_layer_20260530_222950/ros_logs) by extension 'cmake'
[3.545s] Level 1:colcon.colcon_core.package_identification:_identify(experiment_logs/simulation/control_layer_20260530_222950/ros_logs) by extension 'python'
[3.545s] Level 1:colcon.colcon_core.package_identification:_identify(experiment_logs/simulation/control_layer_20260530_222950/ros_logs) by extensions ['python_setup_py']
[3.545s] Level 1:colcon.colcon_core.package_identification:_identify(experiment_logs/simulation/control_layer_20260530_222950/ros_logs) by extension 'python_setup_py'
[3.546s] Level 1:colcon.colcon_core.package_identification:_identify(experiment_logs/simulation/control_layer_20260530_223018) by extensions ['ignore', 'ignore_ament_install']
[3.546s] Level 1:colcon.colcon_core.package_identification:_identify(experiment_logs/simulation/control_layer_20260530_223018) by extension 'ignore'
[3.546s] Level 1:colcon.colcon_core.package_identification:_identify(experiment_logs/simulation/control_layer_20260530_223018) by extension 'ignore_ament_install'
[3.546s] Level 1:colcon.colcon_core.package_identification:_identify(experiment_logs/simulation/control_layer_20260530_223018) by extensions ['colcon_pkg']
[3.546s] Level 1:colcon.colcon_core.package_identification:_identify(experiment_logs/simulation/control_layer_20260530_223018) by extension 'colcon_pkg'
[3.546s] Level 1:colcon.colcon_core.package_identification:_identify(experiment_logs/simulation/control_layer_20260530_223018) by extensions ['colcon_meta']
[3.546s] Level 1:colcon.colcon_core.package_identification:_identify(experiment_logs/simulation/control_layer_20260530_223018) by extension 'colcon_meta'
[3.546s] Level 1:colcon.colcon_core.package_identification:_identify(experiment_logs/simulation/control_layer_20260530_223018) by extensions ['ros']
[3.547s] Level 1:colcon.colcon_core.package_identification:_identify(experiment_logs/simulation/control_layer_20260530_223018) by extension 'ros'
[3.547s] Level 1:colcon.colcon_core.package_identification:_identify(experiment_logs/simulation/control_layer_20260530_223018) by extensions ['cmake', 'python']
[3.547s] Level 1:colcon.colcon_core.package_identification:_identify(experiment_logs/simulation/control_layer_20260530_223018) by extension 'cmake'
[3.547s] Level 1:colcon.colcon_core.package_identification:_identify(experiment_logs/simulation/control_layer_20260530_223018) by extension 'python'
[3.547s] Level 1:colcon.colcon_core.package_identification:_identify(experiment_logs/simulation/control_layer_20260530_223018) by extensions ['python_setup_py']
[3.547s] Level 1:colcon.colcon_core.package_identification:_identify(experiment_logs/simulation/control_layer_20260530_223018) by extension 'python_setup_py'
[3.547s] Level 1:colcon.colcon_core.package_identification:_identify(experiment_logs/simulation/control_layer_20260530_223018/ros_logs) by extensions ['ignore', 'ignore_ament_install']
[3.548s] Level 1:colcon.colcon_core.package_identification:_identify(experiment_logs/simulation/control_layer_20260530_223018/ros_logs) by extension 'ignore'
[3.548s] Level 1:colcon.colcon_core.package_identification:_identify(experiment_logs/simulation/control_layer_20260530_223018/ros_logs) by extension 'ignore_ament_install'
[3.548s] Level 1:colcon.colcon_core.package_identification:_identify(experiment_logs/simulation/control_layer_20260530_223018/ros_logs) by extensions ['colcon_pkg']
[3.548s] Level 1:colcon.colcon_core.package_identification:_identify(experiment_logs/simulation/control_layer_20260530_223018/ros_logs) by extension 'colcon_pkg'
[3.548s] Level 1:colcon.colcon_core.package_identification:_identify(experiment_logs/simulation/control_layer_20260530_223018/ros_logs) by extensions ['colcon_meta']
[3.548s] Level 1:colcon.colcon_core.package_identification:_identify(experiment_logs/simulation/control_layer_20260530_223018/ros_logs) by extension 'colcon_meta'
[3.548s] Level 1:colcon.colcon_core.package_identification:_identify(experiment_logs/simulation/control_layer_20260530_223018/ros_logs) by extensions ['ros']
[3.548s] Level 1:colcon.colcon_core.package_identification:_identify(experiment_logs/simulation/control_layer_20260530_223018/ros_logs) by extension 'ros'
[3.548s] Level 1:colcon.colcon_core.package_identification:_identify(experiment_logs/simulation/control_layer_20260530_223018/ros_logs) by extensions ['cmake', 'python']
[3.548s] Level 1:colcon.colcon_core.package_identification:_identify(experiment_logs/simulation/control_layer_20260530_223018/ros_logs) by extension 'cmake'
[3.549s] Level 1:colcon.colcon_core.package_identification:_identify(experiment_logs/simulation/control_layer_20260530_223018/ros_logs) by extension 'python'
[3.549s] Level 1:colcon.colcon_core.package_identification:_identify(experiment_logs/simulation/control_layer_20260530_223018/ros_logs) by extensions ['python_setup_py']
[3.549s] Level 1:colcon.colcon_core.package_identification:_identify(experiment_logs/simulation/control_layer_20260530_223018/ros_logs) by extension 'python_setup_py'
[3.549s] Level 1:colcon.colcon_core.package_identification:_identify(experiment_logs/simulation/control_layer_20260530_223018/ros_logs/2026-05-30-22-30-19-699237-LAPTOP-EK504TPB-852831) by extensions ['ignore', 'ignore_ament_install']
[3.549s] Level 1:colcon.colcon_core.package_identification:_identify(experiment_logs/simulation/control_layer_20260530_223018/ros_logs/2026-05-30-22-30-19-699237-LAPTOP-EK504TPB-852831) by extension 'ignore'
[3.549s] Level 1:colcon.colcon_core.package_identification:_identify(experiment_logs/simulation/control_layer_20260530_223018/ros_logs/2026-05-30-22-30-19-699237-LAPTOP-EK504TPB-852831) by extension 'ignore_ament_install'
[3.549s] Level 1:colcon.colcon_core.package_identification:_identify(experiment_logs/simulation/control_layer_20260530_223018/ros_logs/2026-05-30-22-30-19-699237-LAPTOP-EK504TPB-852831) by extensions ['colcon_pkg']
[3.550s] Level 1:colcon.colcon_core.package_identification:_identify(experiment_logs/simulation/control_layer_20260530_223018/ros_logs/2026-05-30-22-30-19-699237-LAPTOP-EK504TPB-852831) by extension 'colcon_pkg'
[3.550s] Level 1:colcon.colcon_core.package_identification:_identify(experiment_logs/simulation/control_layer_20260530_223018/ros_logs/2026-05-30-22-30-19-699237-LAPTOP-EK504TPB-852831) by extensions ['colcon_meta']
[3.550s] Level 1:colcon.colcon_core.package_identification:_identify(experiment_logs/simulation/control_layer_20260530_223018/ros_logs/2026-05-30-22-30-19-699237-LAPTOP-EK504TPB-852831) by extension 'colcon_meta'
[3.550s] Level 1:colcon.colcon_core.package_identification:_identify(experiment_logs/simulation/control_layer_20260530_223018/ros_logs/2026-05-30-22-30-19-699237-LAPTOP-EK504TPB-852831) by extensions ['ros']
[3.550s] Level 1:colcon.colcon_core.package_identification:_identify(experiment_logs/simulation/control_layer_20260530_223018/ros_logs/2026-05-30-22-30-19-699237-LAPTOP-EK504TPB-852831) by extension 'ros'
[3.550s] Level 1:colcon.colcon_core.package_identification:_identify(experiment_logs/simulation/control_layer_20260530_223018/ros_logs/2026-05-30-22-30-19-699237-LAPTOP-EK504TPB-852831) by extensions ['cmake', 'python']
[3.550s] Level 1:colcon.colcon_core.package_identification:_identify(experiment_logs/simulation/control_layer_20260530_223018/ros_logs/2026-05-30-22-30-19-699237-LAPTOP-EK504TPB-852831) by extension 'cmake'
[3.550s] Level 1:colcon.colcon_core.package_identification:_identify(experiment_logs/simulation/control_layer_20260530_223018/ros_logs/2026-05-30-22-30-19-699237-LAPTOP-EK504TPB-852831) by extension 'python'
[3.550s] Level 1:colcon.colcon_core.package_identification:_identify(experiment_logs/simulation/control_layer_20260530_223018/ros_logs/2026-05-30-22-30-19-699237-LAPTOP-EK504TPB-852831) by extensions ['python_setup_py']
[3.551s] Level 1:colcon.colcon_core.package_identification:_identify(experiment_logs/simulation/control_layer_20260530_223018/ros_logs/2026-05-30-22-30-19-699237-LAPTOP-EK504TPB-852831) by extension 'python_setup_py'
[3.551s] Level 1:colcon.colcon_core.package_identification:_identify(experiment_logs/simulation/control_layer_20260530_223018/ros_logs/2026-05-30-22-30-57-981443-LAPTOP-EK504TPB-855213) by extensions ['ignore', 'ignore_ament_install']
[3.551s] Level 1:colcon.colcon_core.package_identification:_identify(experiment_logs/simulation/control_layer_20260530_223018/ros_logs/2026-05-30-22-30-57-981443-LAPTOP-EK504TPB-855213) by extension 'ignore'
[3.551s] Level 1:colcon.colcon_core.package_identification:_identify(experiment_logs/simulation/control_layer_20260530_223018/ros_logs/2026-05-30-22-30-57-981443-LAPTOP-EK504TPB-855213) by extension 'ignore_ament_install'
[3.551s] Level 1:colcon.colcon_core.package_identification:_identify(experiment_logs/simulation/control_layer_20260530_223018/ros_logs/2026-05-30-22-30-57-981443-LAPTOP-EK504TPB-855213) by extensions ['colcon_pkg']
[3.551s] Level 1:colcon.colcon_core.package_identification:_identify(experiment_logs/simulation/control_layer_20260530_223018/ros_logs/2026-05-30-22-30-57-981443-LAPTOP-EK504TPB-855213) by extension 'colcon_pkg'
[3.551s] Level 1:colcon.colcon_core.package_identification:_identify(experiment_logs/simulation/control_layer_20260530_223018/ros_logs/2026-05-30-22-30-57-981443-LAPTOP-EK504TPB-855213) by extensions ['colcon_meta']
[3.551s] Level 1:colcon.colcon_core.package_identification:_identify(experiment_logs/simulation/control_layer_20260530_223018/ros_logs/2026-05-30-22-30-57-981443-LAPTOP-EK504TPB-855213) by extension 'colcon_meta'
[3.552s] Level 1:colcon.colcon_core.package_identification:_identify(experiment_logs/simulation/control_layer_20260530_223018/ros_logs/2026-05-30-22-30-57-981443-LAPTOP-EK504TPB-855213) by extensions ['ros']
[3.552s] Level 1:colcon.colcon_core.package_identification:_identify(experiment_logs/simulation/control_layer_20260530_223018/ros_logs/2026-05-30-22-30-57-981443-LAPTOP-EK504TPB-855213) by extension 'ros'
[3.552s] Level 1:colcon.colcon_core.package_identification:_identify(experiment_logs/simulation/control_layer_20260530_223018/ros_logs/2026-05-30-22-30-57-981443-LAPTOP-EK504TPB-855213) by extensions ['cmake', 'python']
[3.552s] Level 1:colcon.colcon_core.package_identification:_identify(experiment_logs/simulation/control_layer_20260530_223018/ros_logs/2026-05-30-22-30-57-981443-LAPTOP-EK504TPB-855213) by extension 'cmake'
[3.552s] Level 1:colcon.colcon_core.package_identification:_identify(experiment_logs/simulation/control_layer_20260530_223018/ros_logs/2026-05-30-22-30-57-981443-LAPTOP-EK504TPB-855213) by extension 'python'
[3.552s] Level 1:colcon.colcon_core.package_identification:_identify(experiment_logs/simulation/control_layer_20260530_223018/ros_logs/2026-05-30-22-30-57-981443-LAPTOP-EK504TPB-855213) by extensions ['python_setup_py']
[3.552s] Level 1:colcon.colcon_core.package_identification:_identify(experiment_logs/simulation/control_layer_20260530_223018/ros_logs/2026-05-30-22-30-57-981443-LAPTOP-EK504TPB-855213) by extension 'python_setup_py'
[3.552s] Level 1:colcon.colcon_core.package_identification:_identify(experiment_logs/simulation/control_layer_20260530_223401) by extensions ['ignore', 'ignore_ament_install']
[3.553s] Level 1:colcon.colcon_core.package_identification:_identify(experiment_logs/simulation/control_layer_20260530_223401) by extension 'ignore'
[3.553s] Level 1:colcon.colcon_core.package_identification:_identify(experiment_logs/simulation/control_layer_20260530_223401) by extension 'ignore_ament_install'
[3.553s] Level 1:colcon.colcon_core.package_identification:_identify(experiment_logs/simulation/control_layer_20260530_223401) by extensions ['colcon_pkg']
[3.553s] Level 1:colcon.colcon_core.package_identification:_identify(experiment_logs/simulation/control_layer_20260530_223401) by extension 'colcon_pkg'
[3.553s] Level 1:colcon.colcon_core.package_identification:_identify(experiment_logs/simulation/control_layer_20260530_223401) by extensions ['colcon_meta']
[3.553s] Level 1:colcon.colcon_core.package_identification:_identify(experiment_logs/simulation/control_layer_20260530_223401) by extension 'colcon_meta'
[3.554s] Level 1:colcon.colcon_core.package_identification:_identify(experiment_logs/simulation/control_layer_20260530_223401) by extensions ['ros']
[3.554s] Level 1:colcon.colcon_core.package_identification:_identify(experiment_logs/simulation/control_layer_20260530_223401) by extension 'ros'
[3.554s] Level 1:colcon.colcon_core.package_identification:_identify(experiment_logs/simulation/control_layer_20260530_223401) by extensions ['cmake', 'python']
[3.554s] Level 1:colcon.colcon_core.package_identification:_identify(experiment_logs/simulation/control_layer_20260530_223401) by extension 'cmake'
[3.554s] Level 1:colcon.colcon_core.package_identification:_identify(experiment_logs/simulation/control_layer_20260530_223401) by extension 'python'
[3.555s] Level 1:colcon.colcon_core.package_identification:_identify(experiment_logs/simulation/control_layer_20260530_223401) by extensions ['python_setup_py']
[3.555s] Level 1:colcon.colcon_core.package_identification:_identify(experiment_logs/simulation/control_layer_20260530_223401) by extension 'python_setup_py'
[3.555s] Level 1:colcon.colcon_core.package_identification:_identify(experiment_logs/simulation/control_layer_20260530_223401/ros_logs) by extensions ['ignore', 'ignore_ament_install']
[3.555s] Level 1:colcon.colcon_core.package_identification:_identify(experiment_logs/simulation/control_layer_20260530_223401/ros_logs) by extension 'ignore'
[3.555s] Level 1:colcon.colcon_core.package_identification:_identify(experiment_logs/simulation/control_layer_20260530_223401/ros_logs) by extension 'ignore_ament_install'
[3.555s] Level 1:colcon.colcon_core.package_identification:_identify(experiment_logs/simulation/control_layer_20260530_223401/ros_logs) by extensions ['colcon_pkg']
[3.556s] Level 1:colcon.colcon_core.package_identification:_identify(experiment_logs/simulation/control_layer_20260530_223401/ros_logs) by extension 'colcon_pkg'
[3.556s] Level 1:colcon.colcon_core.package_identification:_identify(experiment_logs/simulation/control_layer_20260530_223401/ros_logs) by extensions ['colcon_meta']
[3.556s] Level 1:colcon.colcon_core.package_identification:_identify(experiment_logs/simulation/control_layer_20260530_223401/ros_logs) by extension 'colcon_meta'
[3.556s] Level 1:colcon.colcon_core.package_identification:_identify(experiment_logs/simulation/control_layer_20260530_223401/ros_logs) by extensions ['ros']
[3.556s] Level 1:colcon.colcon_core.package_identification:_identify(experiment_logs/simulation/control_layer_20260530_223401/ros_logs) by extension 'ros'
[3.556s] Level 1:colcon.colcon_core.package_identification:_identify(experiment_logs/simulation/control_layer_20260530_223401/ros_logs) by extensions ['cmake', 'python']
[3.556s] Level 1:colcon.colcon_core.package_identification:_identify(experiment_logs/simulation/control_layer_20260530_223401/ros_logs) by extension 'cmake'
[3.556s] Level 1:colcon.colcon_core.package_identification:_identify(experiment_logs/simulation/control_layer_20260530_223401/ros_logs) by extension 'python'
[3.557s] Level 1:colcon.colcon_core.package_identification:_identify(experiment_logs/simulation/control_layer_20260530_223401/ros_logs) by extensions ['python_setup_py']
[3.557s] Level 1:colcon.colcon_core.package_identification:_identify(experiment_logs/simulation/control_layer_20260530_223401/ros_logs) by extension 'python_setup_py'
[3.557s] Level 1:colcon.colcon_core.package_identification:_identify(experiment_logs/simulation/control_layer_20260530_223401/ros_logs/2026-05-30-22-34-02-205947-LAPTOP-EK504TPB-865800) by extensions ['ignore', 'ignore_ament_install']
[3.557s] Level 1:colcon.colcon_core.package_identification:_identify(experiment_logs/simulation/control_layer_20260530_223401/ros_logs/2026-05-30-22-34-02-205947-LAPTOP-EK504TPB-865800) by extension 'ignore'
[3.557s] Level 1:colcon.colcon_core.package_identification:_identify(experiment_logs/simulation/control_layer_20260530_223401/ros_logs/2026-05-30-22-34-02-205947-LAPTOP-EK504TPB-865800) by extension 'ignore_ament_install'
[3.558s] Level 1:colcon.colcon_core.package_identification:_identify(experiment_logs/simulation/control_layer_20260530_223401/ros_logs/2026-05-30-22-34-02-205947-LAPTOP-EK504TPB-865800) by extensions ['colcon_pkg']
[3.558s] Level 1:colcon.colcon_core.package_identification:_identify(experiment_logs/simulation/control_layer_20260530_223401/ros_logs/2026-05-30-22-34-02-205947-LAPTOP-EK504TPB-865800) by extension 'colcon_pkg'
[3.558s] Level 1:colcon.colcon_core.package_identification:_identify(experiment_logs/simulation/control_layer_20260530_223401/ros_logs/2026-05-30-22-34-02-205947-LAPTOP-EK504TPB-865800) by extensions ['colcon_meta']
[3.558s] Level 1:colcon.colcon_core.package_identification:_identify(experiment_logs/simulation/control_layer_20260530_223401/ros_logs/2026-05-30-22-34-02-205947-LAPTOP-EK504TPB-865800) by extension 'colcon_meta'
[3.558s] Level 1:colcon.colcon_core.package_identification:_identify(experiment_logs/simulation/control_layer_20260530_223401/ros_logs/2026-05-30-22-34-02-205947-LAPTOP-EK504TPB-865800) by extensions ['ros']
[3.558s] Level 1:colcon.colcon_core.package_identification:_identify(experiment_logs/simulation/control_layer_20260530_223401/ros_logs/2026-05-30-22-34-02-205947-LAPTOP-EK504TPB-865800) by extension 'ros'
[3.558s] Level 1:colcon.colcon_core.package_identification:_identify(experiment_logs/simulation/control_layer_20260530_223401/ros_logs/2026-05-30-22-34-02-205947-LAPTOP-EK504TPB-865800) by extensions ['cmake', 'python']
[3.559s] Level 1:colcon.colcon_core.package_identification:_identify(experiment_logs/simulation/control_layer_20260530_223401/ros_logs/2026-05-30-22-34-02-205947-LAPTOP-EK504TPB-865800) by extension 'cmake'
[3.559s] Level 1:colcon.colcon_core.package_identification:_identify(experiment_logs/simulation/control_layer_20260530_223401/ros_logs/2026-05-30-22-34-02-205947-LAPTOP-EK504TPB-865800) by extension 'python'
[3.559s] Level 1:colcon.colcon_core.package_identification:_identify(experiment_logs/simulation/control_layer_20260530_223401/ros_logs/2026-05-30-22-34-02-205947-LAPTOP-EK504TPB-865800) by extensions ['python_setup_py']
[3.559s] Level 1:colcon.colcon_core.package_identification:_identify(experiment_logs/simulation/control_layer_20260530_223401/ros_logs/2026-05-30-22-34-02-205947-LAPTOP-EK504TPB-865800) by extension 'python_setup_py'
[3.559s] Level 1:colcon.colcon_core.package_identification:_identify(experiment_logs/simulation/control_layer_20260603_162652) by extensions ['ignore', 'ignore_ament_install']
[3.559s] Level 1:colcon.colcon_core.package_identification:_identify(experiment_logs/simulation/control_layer_20260603_162652) by extension 'ignore'
[3.560s] Level 1:colcon.colcon_core.package_identification:_identify(experiment_logs/simulation/control_layer_20260603_162652) by extension 'ignore_ament_install'
[3.560s] Level 1:colcon.colcon_core.package_identification:_identify(experiment_logs/simulation/control_layer_20260603_162652) by extensions ['colcon_pkg']
[3.560s] Level 1:colcon.colcon_core.package_identification:_identify(experiment_logs/simulation/control_layer_20260603_162652) by extension 'colcon_pkg'
[3.560s] Level 1:colcon.colcon_core.package_identification:_identify(experiment_logs/simulation/control_layer_20260603_162652) by extensions ['colcon_meta']
[3.560s] Level 1:colcon.colcon_core.package_identification:_identify(experiment_logs/simulation/control_layer_20260603_162652) by extension 'colcon_meta'
[3.560s] Level 1:colcon.colcon_core.package_identification:_identify(experiment_logs/simulation/control_layer_20260603_162652) by extensions ['ros']
[3.560s] Level 1:colcon.colcon_core.package_identification:_identify(experiment_logs/simulation/control_layer_20260603_162652) by extension 'ros'
[3.561s] Level 1:colcon.colcon_core.package_identification:_identify(experiment_logs/simulation/control_layer_20260603_162652) by extensions ['cmake', 'python']
[3.561s] Level 1:colcon.colcon_core.package_identification:_identify(experiment_logs/simulation/control_layer_20260603_162652) by extension 'cmake'
[3.561s] Level 1:colcon.colcon_core.package_identification:_identify(experiment_logs/simulation/control_layer_20260603_162652) by extension 'python'
[3.561s] Level 1:colcon.colcon_core.package_identification:_identify(experiment_logs/simulation/control_layer_20260603_162652) by extensions ['python_setup_py']
[3.561s] Level 1:colcon.colcon_core.package_identification:_identify(experiment_logs/simulation/control_layer_20260603_162652) by extension 'python_setup_py'
[3.561s] Level 1:colcon.colcon_core.package_identification:_identify(experiment_logs/simulation/control_layer_20260603_162652/ros_logs) by extensions ['ignore', 'ignore_ament_install']
[3.562s] Level 1:colcon.colcon_core.package_identification:_identify(experiment_logs/simulation/control_layer_20260603_162652/ros_logs) by extension 'ignore'
[3.562s] Level 1:colcon.colcon_core.package_identification:_identify(experiment_logs/simulation/control_layer_20260603_162652/ros_logs) by extension 'ignore_ament_install'
[3.562s] Level 1:colcon.colcon_core.package_identification:_identify(experiment_logs/simulation/control_layer_20260603_162652/ros_logs) by extensions ['colcon_pkg']
[3.562s] Level 1:colcon.colcon_core.package_identification:_identify(experiment_logs/simulation/control_layer_20260603_162652/ros_logs) by extension 'colcon_pkg'
[3.562s] Level 1:colcon.colcon_core.package_identification:_identify(experiment_logs/simulation/control_layer_20260603_162652/ros_logs) by extensions ['colcon_meta']
[3.562s] Level 1:colcon.colcon_core.package_identification:_identify(experiment_logs/simulation/control_layer_20260603_162652/ros_logs) by extension 'colcon_meta'
[3.562s] Level 1:colcon.colcon_core.package_identification:_identify(experiment_logs/simulation/control_layer_20260603_162652/ros_logs) by extensions ['ros']
[3.563s] Level 1:colcon.colcon_core.package_identification:_identify(experiment_logs/simulation/control_layer_20260603_162652/ros_logs) by extension 'ros'
[3.563s] Level 1:colcon.colcon_core.package_identification:_identify(experiment_logs/simulation/control_layer_20260603_162652/ros_logs) by extensions ['cmake', 'python']
[3.563s] Level 1:colcon.colcon_core.package_identification:_identify(experiment_logs/simulation/control_layer_20260603_162652/ros_logs) by extension 'cmake'
[3.563s] Level 1:colcon.colcon_core.package_identification:_identify(experiment_logs/simulation/control_layer_20260603_162652/ros_logs) by extension 'python'
[3.563s] Level 1:colcon.colcon_core.package_identification:_identify(experiment_logs/simulation/control_layer_20260603_162652/ros_logs) by extensions ['python_setup_py']
[3.563s] Level 1:colcon.colcon_core.package_identification:_identify(experiment_logs/simulation/control_layer_20260603_162652/ros_logs) by extension 'python_setup_py'
[3.563s] Level 1:colcon.colcon_core.package_identification:_identify(experiment_logs/simulation/control_layer_20260603_162652/ros_logs/2026-06-03-16-26-53-959147-LAPTOP-EK504TPB-3059020) by extensions ['ignore', 'ignore_ament_install']
[3.564s] Level 1:colcon.colcon_core.package_identification:_identify(experiment_logs/simulation/control_layer_20260603_162652/ros_logs/2026-06-03-16-26-53-959147-LAPTOP-EK504TPB-3059020) by extension 'ignore'
[3.564s] Level 1:colcon.colcon_core.package_identification:_identify(experiment_logs/simulation/control_layer_20260603_162652/ros_logs/2026-06-03-16-26-53-959147-LAPTOP-EK504TPB-3059020) by extension 'ignore_ament_install'
[3.564s] Level 1:colcon.colcon_core.package_identification:_identify(experiment_logs/simulation/control_layer_20260603_162652/ros_logs/2026-06-03-16-26-53-959147-LAPTOP-EK504TPB-3059020) by extensions ['colcon_pkg']
[3.564s] Level 1:colcon.colcon_core.package_identification:_identify(experiment_logs/simulation/control_layer_20260603_162652/ros_logs/2026-06-03-16-26-53-959147-LAPTOP-EK504TPB-3059020) by extension 'colcon_pkg'
[3.564s] Level 1:colcon.colcon_core.package_identification:_identify(experiment_logs/simulation/control_layer_20260603_162652/ros_logs/2026-06-03-16-26-53-959147-LAPTOP-EK504TPB-3059020) by extensions ['colcon_meta']
[3.564s] Level 1:colcon.colcon_core.package_identification:_identify(experiment_logs/simulation/control_layer_20260603_162652/ros_logs/2026-06-03-16-26-53-959147-LAPTOP-EK504TPB-3059020) by extension 'colcon_meta'
[3.564s] Level 1:colcon.colcon_core.package_identification:_identify(experiment_logs/simulation/control_layer_20260603_162652/ros_logs/2026-06-03-16-26-53-959147-LAPTOP-EK504TPB-3059020) by extensions ['ros']
[3.564s] Level 1:colcon.colcon_core.package_identification:_identify(experiment_logs/simulation/control_layer_20260603_162652/ros_logs/2026-06-03-16-26-53-959147-LAPTOP-EK504TPB-3059020) by extension 'ros'
[3.565s] Level 1:colcon.colcon_core.package_identification:_identify(experiment_logs/simulation/control_layer_20260603_162652/ros_logs/2026-06-03-16-26-53-959147-LAPTOP-EK504TPB-3059020) by extensions ['cmake', 'python']
[3.565s] Level 1:colcon.colcon_core.package_identification:_identify(experiment_logs/simulation/control_layer_20260603_162652/ros_logs/2026-06-03-16-26-53-959147-LAPTOP-EK504TPB-3059020) by extension 'cmake'
[3.565s] Level 1:colcon.colcon_core.package_identification:_identify(experiment_logs/simulation/control_layer_20260603_162652/ros_logs/2026-06-03-16-26-53-959147-LAPTOP-EK504TPB-3059020) by extension 'python'
[3.565s] Level 1:colcon.colcon_core.package_identification:_identify(experiment_logs/simulation/control_layer_20260603_162652/ros_logs/2026-06-03-16-26-53-959147-LAPTOP-EK504TPB-3059020) by extensions ['python_setup_py']
[3.565s] Level 1:colcon.colcon_core.package_identification:_identify(experiment_logs/simulation/control_layer_20260603_162652/ros_logs/2026-06-03-16-26-53-959147-LAPTOP-EK504TPB-3059020) by extension 'python_setup_py'
[3.565s] Level 1:colcon.colcon_core.package_identification:_identify(experiment_logs/simulation/control_layer_20260603_162652/ros_logs/2026-06-03-16-27-31-807540-LAPTOP-EK504TPB-3060906) by extensions ['ignore', 'ignore_ament_install']
[3.566s] Level 1:colcon.colcon_core.package_identification:_identify(experiment_logs/simulation/control_layer_20260603_162652/ros_logs/2026-06-03-16-27-31-807540-LAPTOP-EK504TPB-3060906) by extension 'ignore'
[3.566s] Level 1:colcon.colcon_core.package_identification:_identify(experiment_logs/simulation/control_layer_20260603_162652/ros_logs/2026-06-03-16-27-31-807540-LAPTOP-EK504TPB-3060906) by extension 'ignore_ament_install'
[3.566s] Level 1:colcon.colcon_core.package_identification:_identify(experiment_logs/simulation/control_layer_20260603_162652/ros_logs/2026-06-03-16-27-31-807540-LAPTOP-EK504TPB-3060906) by extensions ['colcon_pkg']
[3.566s] Level 1:colcon.colcon_core.package_identification:_identify(experiment_logs/simulation/control_layer_20260603_162652/ros_logs/2026-06-03-16-27-31-807540-LAPTOP-EK504TPB-3060906) by extension 'colcon_pkg'
[3.566s] Level 1:colcon.colcon_core.package_identification:_identify(experiment_logs/simulation/control_layer_20260603_162652/ros_logs/2026-06-03-16-27-31-807540-LAPTOP-EK504TPB-3060906) by extensions ['colcon_meta']
[3.566s] Level 1:colcon.colcon_core.package_identification:_identify(experiment_logs/simulation/control_layer_20260603_162652/ros_logs/2026-06-03-16-27-31-807540-LAPTOP-EK504TPB-3060906) by extension 'colcon_meta'
[3.566s] Level 1:colcon.colcon_core.package_identification:_identify(experiment_logs/simulation/control_layer_20260603_162652/ros_logs/2026-06-03-16-27-31-807540-LAPTOP-EK504TPB-3060906) by extensions ['ros']
[3.566s] Level 1:colcon.colcon_core.package_identification:_identify(experiment_logs/simulation/control_layer_20260603_162652/ros_logs/2026-06-03-16-27-31-807540-LAPTOP-EK504TPB-3060906) by extension 'ros'
[3.567s] Level 1:colcon.colcon_core.package_identification:_identify(experiment_logs/simulation/control_layer_20260603_162652/ros_logs/2026-06-03-16-27-31-807540-LAPTOP-EK504TPB-3060906) by extensions ['cmake', 'python']
[3.567s] Level 1:colcon.colcon_core.package_identification:_identify(experiment_logs/simulation/control_layer_20260603_162652/ros_logs/2026-06-03-16-27-31-807540-LAPTOP-EK504TPB-3060906) by extension 'cmake'
[3.567s] Level 1:colcon.colcon_core.package_identification:_identify(experiment_logs/simulation/control_layer_20260603_162652/ros_logs/2026-06-03-16-27-31-807540-LAPTOP-EK504TPB-3060906) by extension 'python'
[3.567s] Level 1:colcon.colcon_core.package_identification:_identify(experiment_logs/simulation/control_layer_20260603_162652/ros_logs/2026-06-03-16-27-31-807540-LAPTOP-EK504TPB-3060906) by extensions ['python_setup_py']
[3.567s] Level 1:colcon.colcon_core.package_identification:_identify(experiment_logs/simulation/control_layer_20260603_162652/ros_logs/2026-06-03-16-27-31-807540-LAPTOP-EK504TPB-3060906) by extension 'python_setup_py'
[3.567s] Level 1:colcon.colcon_core.package_identification:_identify(experiment_logs/simulation/control_layer_20260603_162652/ros_logs/2026-06-03-16-27-31-817161-LAPTOP-EK504TPB-3060902) by extensions ['ignore', 'ignore_ament_install']
[3.567s] Level 1:colcon.colcon_core.package_identification:_identify(experiment_logs/simulation/control_layer_20260603_162652/ros_logs/2026-06-03-16-27-31-817161-LAPTOP-EK504TPB-3060902) by extension 'ignore'
[3.568s] Level 1:colcon.colcon_core.package_identification:_identify(experiment_logs/simulation/control_layer_20260603_162652/ros_logs/2026-06-03-16-27-31-817161-LAPTOP-EK504TPB-3060902) by extension 'ignore_ament_install'
[3.568s] Level 1:colcon.colcon_core.package_identification:_identify(experiment_logs/simulation/control_layer_20260603_162652/ros_logs/2026-06-03-16-27-31-817161-LAPTOP-EK504TPB-3060902) by extensions ['colcon_pkg']
[3.568s] Level 1:colcon.colcon_core.package_identification:_identify(experiment_logs/simulation/control_layer_20260603_162652/ros_logs/2026-06-03-16-27-31-817161-LAPTOP-EK504TPB-3060902) by extension 'colcon_pkg'
[3.568s] Level 1:colcon.colcon_core.package_identification:_identify(experiment_logs/simulation/control_layer_20260603_162652/ros_logs/2026-06-03-16-27-31-817161-LAPTOP-EK504TPB-3060902) by extensions ['colcon_meta']
[3.568s] Level 1:colcon.colcon_core.package_identification:_identify(experiment_logs/simulation/control_layer_20260603_162652/ros_logs/2026-06-03-16-27-31-817161-LAPTOP-EK504TPB-3060902) by extension 'colcon_meta'
[3.568s] Level 1:colcon.colcon_core.package_identification:_identify(experiment_logs/simulation/control_layer_20260603_162652/ros_logs/2026-06-03-16-27-31-817161-LAPTOP-EK504TPB-3060902) by extensions ['ros']
[3.568s] Level 1:colcon.colcon_core.package_identification:_identify(experiment_logs/simulation/control_layer_20260603_162652/ros_logs/2026-06-03-16-27-31-817161-LAPTOP-EK504TPB-3060902) by extension 'ros'
[3.568s] Level 1:colcon.colcon_core.package_identification:_identify(experiment_logs/simulation/control_layer_20260603_162652/ros_logs/2026-06-03-16-27-31-817161-LAPTOP-EK504TPB-3060902) by extensions ['cmake', 'python']
[3.568s] Level 1:colcon.colcon_core.package_identification:_identify(experiment_logs/simulation/control_layer_20260603_162652/ros_logs/2026-06-03-16-27-31-817161-LAPTOP-EK504TPB-3060902) by extension 'cmake'
[3.569s] Level 1:colcon.colcon_core.package_identification:_identify(experiment_logs/simulation/control_layer_20260603_162652/ros_logs/2026-06-03-16-27-31-817161-LAPTOP-EK504TPB-3060902) by extension 'python'
[3.569s] Level 1:colcon.colcon_core.package_identification:_identify(experiment_logs/simulation/control_layer_20260603_162652/ros_logs/2026-06-03-16-27-31-817161-LAPTOP-EK504TPB-3060902) by extensions ['python_setup_py']
[3.569s] Level 1:colcon.colcon_core.package_identification:_identify(experiment_logs/simulation/control_layer_20260603_162652/ros_logs/2026-06-03-16-27-31-817161-LAPTOP-EK504TPB-3060902) by extension 'python_setup_py'
[3.569s] Level 1:colcon.colcon_core.package_identification:_identify(install) by extensions ['ignore', 'ignore_ament_install']
[3.569s] Level 1:colcon.colcon_core.package_identification:_identify(install) by extension 'ignore'
[3.569s] Level 1:colcon.colcon_core.package_identification:_identify(install) ignored
[3.570s] Level 1:colcon.colcon_core.package_identification:_identify(log) by extensions ['ignore', 'ignore_ament_install']
[3.570s] Level 1:colcon.colcon_core.package_identification:_identify(log) by extension 'ignore'
[3.570s] Level 1:colcon.colcon_core.package_identification:_identify(log) ignored
[3.570s] Level 1:colcon.colcon_core.package_identification:_identify(src) by extensions ['ignore', 'ignore_ament_install']
[3.570s] Level 1:colcon.colcon_core.package_identification:_identify(src) by extension 'ignore'
[3.570s] Level 1:colcon.colcon_core.package_identification:_identify(src) by extension 'ignore_ament_install'
[3.571s] Level 1:colcon.colcon_core.package_identification:_identify(src) by extensions ['colcon_pkg']
[3.571s] Level 1:colcon.colcon_core.package_identification:_identify(src) by extension 'colcon_pkg'
[3.571s] Level 1:colcon.colcon_core.package_identification:_identify(src) by extensions ['colcon_meta']
[3.571s] Level 1:colcon.colcon_core.package_identification:_identify(src) by extension 'colcon_meta'
[3.571s] Level 1:colcon.colcon_core.package_identification:_identify(src) by extensions ['ros']
[3.571s] Level 1:colcon.colcon_core.package_identification:_identify(src) by extension 'ros'
[3.571s] Level 1:colcon.colcon_core.package_identification:_identify(src) by extensions ['cmake', 'python']
[3.571s] Level 1:colcon.colcon_core.package_identification:_identify(src) by extension 'cmake'
[3.571s] Level 1:colcon.colcon_core.package_identification:_identify(src) by extension 'python'
[3.572s] Level 1:colcon.colcon_core.package_identification:_identify(src) by extensions ['python_setup_py']
[3.572s] Level 1:colcon.colcon_core.package_identification:_identify(src) by extension 'python_setup_py'
[3.572s] Level 1:colcon.colcon_core.package_identification:_identify(src/alicia_d_arm_motion) by extensions ['ignore', 'ignore_ament_install']
[3.572s] Level 1:colcon.colcon_core.package_identification:_identify(src/alicia_d_arm_motion) by extension 'ignore'
[3.572s] Level 1:colcon.colcon_core.package_identification:_identify(src/alicia_d_arm_motion) by extension 'ignore_ament_install'
[3.572s] Level 1:colcon.colcon_core.package_identification:_identify(src/alicia_d_arm_motion) by extensions ['colcon_pkg']
[3.572s] Level 1:colcon.colcon_core.package_identification:_identify(src/alicia_d_arm_motion) by extension 'colcon_pkg'
[3.573s] Level 1:colcon.colcon_core.package_identification:_identify(src/alicia_d_arm_motion) by extensions ['colcon_meta']
[3.573s] Level 1:colcon.colcon_core.package_identification:_identify(src/alicia_d_arm_motion) by extension 'colcon_meta'
[3.573s] Level 1:colcon.colcon_core.package_identification:_identify(src/alicia_d_arm_motion) by extensions ['ros']
[3.573s] Level 1:colcon.colcon_core.package_identification:_identify(src/alicia_d_arm_motion) by extension 'ros'
[3.579s] DEBUG:colcon.colcon_core.package_identification:Package 'src/alicia_d_arm_motion' with type 'ros.ament_cmake' and name 'alicia_d_arm_motion'
[3.579s] Level 1:colcon.colcon_core.package_identification:_identify(src/alicia_d_calibration) by extensions ['ignore', 'ignore_ament_install']
[3.580s] Level 1:colcon.colcon_core.package_identification:_identify(src/alicia_d_calibration) by extension 'ignore'
[3.580s] Level 1:colcon.colcon_core.package_identification:_identify(src/alicia_d_calibration) by extension 'ignore_ament_install'
[3.580s] Level 1:colcon.colcon_core.package_identification:_identify(src/alicia_d_calibration) by extensions ['colcon_pkg']
[3.580s] Level 1:colcon.colcon_core.package_identification:_identify(src/alicia_d_calibration) by extension 'colcon_pkg'
[3.580s] Level 1:colcon.colcon_core.package_identification:_identify(src/alicia_d_calibration) by extensions ['colcon_meta']
[3.580s] Level 1:colcon.colcon_core.package_identification:_identify(src/alicia_d_calibration) by extension 'colcon_meta'
[3.580s] Level 1:colcon.colcon_core.package_identification:_identify(src/alicia_d_calibration) by extensions ['ros']
[3.581s] Level 1:colcon.colcon_core.package_identification:_identify(src/alicia_d_calibration) by extension 'ros'
[3.583s] DEBUG:colcon.colcon_core.package_identification:Package 'src/alicia_d_calibration' with type 'ros.ament_cmake' and name 'alicia_d_calibration'
[3.583s] Level 1:colcon.colcon_core.package_identification:_identify(src/alicia_d_control_interfaces) by extensions ['ignore', 'ignore_ament_install']
[3.584s] Level 1:colcon.colcon_core.package_identification:_identify(src/alicia_d_control_interfaces) by extension 'ignore'
[3.584s] Level 1:colcon.colcon_core.package_identification:_identify(src/alicia_d_control_interfaces) by extension 'ignore_ament_install'
[3.584s] Level 1:colcon.colcon_core.package_identification:_identify(src/alicia_d_control_interfaces) by extensions ['colcon_pkg']
[3.584s] Level 1:colcon.colcon_core.package_identification:_identify(src/alicia_d_control_interfaces) by extension 'colcon_pkg'
[3.584s] Level 1:colcon.colcon_core.package_identification:_identify(src/alicia_d_control_interfaces) by extensions ['colcon_meta']
[3.584s] Level 1:colcon.colcon_core.package_identification:_identify(src/alicia_d_control_interfaces) by extension 'colcon_meta'
[3.584s] Level 1:colcon.colcon_core.package_identification:_identify(src/alicia_d_control_interfaces) by extensions ['ros']
[3.585s] Level 1:colcon.colcon_core.package_identification:_identify(src/alicia_d_control_interfaces) by extension 'ros'
[3.586s] DEBUG:colcon.colcon_core.package_identification:Package 'src/alicia_d_control_interfaces' with type 'ros.ament_cmake' and name 'alicia_d_control_interfaces'
[3.586s] Level 1:colcon.colcon_core.package_identification:_identify(src/alicia_d_cube_sort) by extensions ['ignore', 'ignore_ament_install']
[3.586s] Level 1:colcon.colcon_core.package_identification:_identify(src/alicia_d_cube_sort) by extension 'ignore'
[3.587s] Level 1:colcon.colcon_core.package_identification:_identify(src/alicia_d_cube_sort) by extension 'ignore_ament_install'
[3.587s] Level 1:colcon.colcon_core.package_identification:_identify(src/alicia_d_cube_sort) by extensions ['colcon_pkg']
[3.587s] Level 1:colcon.colcon_core.package_identification:_identify(src/alicia_d_cube_sort) by extension 'colcon_pkg'
[3.587s] Level 1:colcon.colcon_core.package_identification:_identify(src/alicia_d_cube_sort) by extensions ['colcon_meta']
[3.587s] Level 1:colcon.colcon_core.package_identification:_identify(src/alicia_d_cube_sort) by extension 'colcon_meta'
[3.587s] Level 1:colcon.colcon_core.package_identification:_identify(src/alicia_d_cube_sort) by extensions ['ros']
[3.587s] Level 1:colcon.colcon_core.package_identification:_identify(src/alicia_d_cube_sort) by extension 'ros'
[3.589s] DEBUG:colcon.colcon_core.package_identification:Package 'src/alicia_d_cube_sort' with type 'ros.ament_cmake' and name 'alicia_d_cube_sort'
[3.590s] Level 1:colcon.colcon_core.package_identification:_identify(src/alicia_d_descriptions) by extensions ['ignore', 'ignore_ament_install']
[3.590s] Level 1:colcon.colcon_core.package_identification:_identify(src/alicia_d_descriptions) by extension 'ignore'
[3.590s] Level 1:colcon.colcon_core.package_identification:_identify(src/alicia_d_descriptions) by extension 'ignore_ament_install'
[3.590s] Level 1:colcon.colcon_core.package_identification:_identify(src/alicia_d_descriptions) by extensions ['colcon_pkg']
[3.590s] Level 1:colcon.colcon_core.package_identification:_identify(src/alicia_d_descriptions) by extension 'colcon_pkg'
[3.590s] Level 1:colcon.colcon_core.package_identification:_identify(src/alicia_d_descriptions) by extensions ['colcon_meta']
[3.590s] Level 1:colcon.colcon_core.package_identification:_identify(src/alicia_d_descriptions) by extension 'colcon_meta'
[3.591s] Level 1:colcon.colcon_core.package_identification:_identify(src/alicia_d_descriptions) by extensions ['ros']
[3.591s] Level 1:colcon.colcon_core.package_identification:_identify(src/alicia_d_descriptions) by extension 'ros'
[3.592s] DEBUG:colcon.colcon_core.package_identification:Package 'src/alicia_d_descriptions' with type 'ros.ament_cmake' and name 'alicia_d_descriptions'
[3.592s] Level 1:colcon.colcon_core.package_identification:_identify(src/alicia_d_driver) by extensions ['ignore', 'ignore_ament_install']
[3.592s] Level 1:colcon.colcon_core.package_identification:_identify(src/alicia_d_driver) by extension 'ignore'
[3.592s] Level 1:colcon.colcon_core.package_identification:_identify(src/alicia_d_driver) by extension 'ignore_ament_install'
[3.592s] Level 1:colcon.colcon_core.package_identification:_identify(src/alicia_d_driver) by extensions ['colcon_pkg']
[3.593s] Level 1:colcon.colcon_core.package_identification:_identify(src/alicia_d_driver) by extension 'colcon_pkg'
[3.593s] Level 1:colcon.colcon_core.package_identification:_identify(src/alicia_d_driver) by extensions ['colcon_meta']
[3.593s] Level 1:colcon.colcon_core.package_identification:_identify(src/alicia_d_driver) by extension 'colcon_meta'
[3.593s] Level 1:colcon.colcon_core.package_identification:_identify(src/alicia_d_driver) by extensions ['ros']
[3.593s] Level 1:colcon.colcon_core.package_identification:_identify(src/alicia_d_driver) by extension 'ros'
[3.595s] DEBUG:colcon.colcon_core.package_identification:Package 'src/alicia_d_driver' with type 'ros.ament_cmake' and name 'alicia_d_driver'
[3.595s] Level 1:colcon.colcon_core.package_identification:_identify(src/alicia_d_grasp_6d) by extensions ['ignore', 'ignore_ament_install']
[3.596s] Level 1:colcon.colcon_core.package_identification:_identify(src/alicia_d_grasp_6d) by extension 'ignore'
[3.596s] Level 1:colcon.colcon_core.package_identification:_identify(src/alicia_d_grasp_6d) by extension 'ignore_ament_install'
[3.596s] Level 1:colcon.colcon_core.package_identification:_identify(src/alicia_d_grasp_6d) by extensions ['colcon_pkg']
[3.596s] Level 1:colcon.colcon_core.package_identification:_identify(src/alicia_d_grasp_6d) by extension 'colcon_pkg'
[3.596s] Level 1:colcon.colcon_core.package_identification:_identify(src/alicia_d_grasp_6d) by extensions ['colcon_meta']
[3.596s] Level 1:colcon.colcon_core.package_identification:_identify(src/alicia_d_grasp_6d) by extension 'colcon_meta'
[3.596s] Level 1:colcon.colcon_core.package_identification:_identify(src/alicia_d_grasp_6d) by extensions ['ros']
[3.597s] Level 1:colcon.colcon_core.package_identification:_identify(src/alicia_d_grasp_6d) by extension 'ros'
[3.597s] Level 1:colcon.colcon_core.package_identification:_identify(src/alicia_d_grasp_6d) by extensions ['cmake', 'python']
[3.597s] Level 1:colcon.colcon_core.package_identification:_identify(src/alicia_d_grasp_6d) by extension 'cmake'
[3.597s] Level 1:colcon.colcon_core.package_identification:_identify(src/alicia_d_grasp_6d) by extension 'python'
[3.597s] Level 1:colcon.colcon_core.package_identification:_identify(src/alicia_d_grasp_6d) by extensions ['python_setup_py']
[3.597s] Level 1:colcon.colcon_core.package_identification:_identify(src/alicia_d_grasp_6d) by extension 'python_setup_py'
[3.598s] Level 1:colcon.colcon_core.package_identification:_identify(src/alicia_d_grasp_6d/Models) by extensions ['ignore', 'ignore_ament_install']
[3.598s] Level 1:colcon.colcon_core.package_identification:_identify(src/alicia_d_grasp_6d/Models) by extension 'ignore'
[3.598s] Level 1:colcon.colcon_core.package_identification:_identify(src/alicia_d_grasp_6d/Models) ignored
[3.598s] Level 1:colcon.colcon_core.package_identification:_identify(src/alicia_d_grasp_6d/scripts) by extensions ['ignore', 'ignore_ament_install']
[3.598s] Level 1:colcon.colcon_core.package_identification:_identify(src/alicia_d_grasp_6d/scripts) by extension 'ignore'
[3.598s] Level 1:colcon.colcon_core.package_identification:_identify(src/alicia_d_grasp_6d/scripts) by extension 'ignore_ament_install'
[3.599s] Level 1:colcon.colcon_core.package_identification:_identify(src/alicia_d_grasp_6d/scripts) by extensions ['colcon_pkg']
[3.599s] Level 1:colcon.colcon_core.package_identification:_identify(src/alicia_d_grasp_6d/scripts) by extension 'colcon_pkg'
[3.599s] Level 1:colcon.colcon_core.package_identification:_identify(src/alicia_d_grasp_6d/scripts) by extensions ['colcon_meta']
[3.599s] Level 1:colcon.colcon_core.package_identification:_identify(src/alicia_d_grasp_6d/scripts) by extension 'colcon_meta'
[3.599s] Level 1:colcon.colcon_core.package_identification:_identify(src/alicia_d_grasp_6d/scripts) by extensions ['ros']
[3.599s] Level 1:colcon.colcon_core.package_identification:_identify(src/alicia_d_grasp_6d/scripts) by extension 'ros'
[3.599s] Level 1:colcon.colcon_core.package_identification:_identify(src/alicia_d_grasp_6d/scripts) by extensions ['cmake', 'python']
[3.599s] Level 1:colcon.colcon_core.package_identification:_identify(src/alicia_d_grasp_6d/scripts) by extension 'cmake'
[3.599s] Level 1:colcon.colcon_core.package_identification:_identify(src/alicia_d_grasp_6d/scripts) by extension 'python'
[3.599s] Level 1:colcon.colcon_core.package_identification:_identify(src/alicia_d_grasp_6d/scripts) by extensions ['python_setup_py']
[3.600s] Level 1:colcon.colcon_core.package_identification:_identify(src/alicia_d_grasp_6d/scripts) by extension 'python_setup_py'
[3.600s] Level 1:colcon.colcon_core.package_identification:_identify(src/alicia_d_grasp_6d/scripts/intel_rs_d405) by extensions ['ignore', 'ignore_ament_install']
[3.600s] Level 1:colcon.colcon_core.package_identification:_identify(src/alicia_d_grasp_6d/scripts/intel_rs_d405) by extension 'ignore'
[3.600s] Level 1:colcon.colcon_core.package_identification:_identify(src/alicia_d_grasp_6d/scripts/intel_rs_d405) by extension 'ignore_ament_install'
[3.600s] Level 1:colcon.colcon_core.package_identification:_identify(src/alicia_d_grasp_6d/scripts/intel_rs_d405) by extensions ['colcon_pkg']
[3.600s] Level 1:colcon.colcon_core.package_identification:_identify(src/alicia_d_grasp_6d/scripts/intel_rs_d405) by extension 'colcon_pkg'
[3.600s] Level 1:colcon.colcon_core.package_identification:_identify(src/alicia_d_grasp_6d/scripts/intel_rs_d405) by extensions ['colcon_meta']
[3.601s] Level 1:colcon.colcon_core.package_identification:_identify(src/alicia_d_grasp_6d/scripts/intel_rs_d405) by extension 'colcon_meta'
[3.601s] Level 1:colcon.colcon_core.package_identification:_identify(src/alicia_d_grasp_6d/scripts/intel_rs_d405) by extensions ['ros']
[3.601s] Level 1:colcon.colcon_core.package_identification:_identify(src/alicia_d_grasp_6d/scripts/intel_rs_d405) by extension 'ros'
[3.601s] Level 1:colcon.colcon_core.package_identification:_identify(src/alicia_d_grasp_6d/scripts/intel_rs_d405) by extensions ['cmake', 'python']
[3.601s] Level 1:colcon.colcon_core.package_identification:_identify(src/alicia_d_grasp_6d/scripts/intel_rs_d405) by extension 'cmake'
[3.601s] Level 1:colcon.colcon_core.package_identification:_identify(src/alicia_d_grasp_6d/scripts/intel_rs_d405) by extension 'python'
[3.601s] Level 1:colcon.colcon_core.package_identification:_identify(src/alicia_d_grasp_6d/scripts/intel_rs_d405) by extensions ['python_setup_py']
[3.601s] Level 1:colcon.colcon_core.package_identification:_identify(src/alicia_d_grasp_6d/scripts/intel_rs_d405) by extension 'python_setup_py'
[3.602s] Level 1:colcon.colcon_core.package_identification:_identify(src/alicia_d_grasp_6d/scripts/intel_rs_d405/utils) by extensions ['ignore', 'ignore_ament_install']
[3.602s] Level 1:colcon.colcon_core.package_identification:_identify(src/alicia_d_grasp_6d/scripts/intel_rs_d405/utils) by extension 'ignore'
[3.602s] Level 1:colcon.colcon_core.package_identification:_identify(src/alicia_d_grasp_6d/scripts/intel_rs_d405/utils) by extension 'ignore_ament_install'
[3.602s] Level 1:colcon.colcon_core.package_identification:_identify(src/alicia_d_grasp_6d/scripts/intel_rs_d405/utils) by extensions ['colcon_pkg']
[3.602s] Level 1:colcon.colcon_core.package_identification:_identify(src/alicia_d_grasp_6d/scripts/intel_rs_d405/utils) by extension 'colcon_pkg'
[3.602s] Level 1:colcon.colcon_core.package_identification:_identify(src/alicia_d_grasp_6d/scripts/intel_rs_d405/utils) by extensions ['colcon_meta']
[3.602s] Level 1:colcon.colcon_core.package_identification:_identify(src/alicia_d_grasp_6d/scripts/intel_rs_d405/utils) by extension 'colcon_meta'
[3.602s] Level 1:colcon.colcon_core.package_identification:_identify(src/alicia_d_grasp_6d/scripts/intel_rs_d405/utils) by extensions ['ros']
[3.603s] Level 1:colcon.colcon_core.package_identification:_identify(src/alicia_d_grasp_6d/scripts/intel_rs_d405/utils) by extension 'ros'
[3.603s] Level 1:colcon.colcon_core.package_identification:_identify(src/alicia_d_grasp_6d/scripts/intel_rs_d405/utils) by extensions ['cmake', 'python']
[3.603s] Level 1:colcon.colcon_core.package_identification:_identify(src/alicia_d_grasp_6d/scripts/intel_rs_d405/utils) by extension 'cmake'
[3.603s] Level 1:colcon.colcon_core.package_identification:_identify(src/alicia_d_grasp_6d/scripts/intel_rs_d405/utils) by extension 'python'
[3.603s] Level 1:colcon.colcon_core.package_identification:_identify(src/alicia_d_grasp_6d/scripts/intel_rs_d405/utils) by extensions ['python_setup_py']
[3.603s] Level 1:colcon.colcon_core.package_identification:_identify(src/alicia_d_grasp_6d/scripts/intel_rs_d405/utils) by extension 'python_setup_py'
[3.603s] Level 1:colcon.colcon_core.package_identification:_identify(src/alicia_d_grasp_6d/scripts/orbbec_gemini_335) by extensions ['ignore', 'ignore_ament_install']
[3.603s] Level 1:colcon.colcon_core.package_identification:_identify(src/alicia_d_grasp_6d/scripts/orbbec_gemini_335) by extension 'ignore'
[3.603s] Level 1:colcon.colcon_core.package_identification:_identify(src/alicia_d_grasp_6d/scripts/orbbec_gemini_335) by extension 'ignore_ament_install'
[3.604s] Level 1:colcon.colcon_core.package_identification:_identify(src/alicia_d_grasp_6d/scripts/orbbec_gemini_335) by extensions ['colcon_pkg']
[3.604s] Level 1:colcon.colcon_core.package_identification:_identify(src/alicia_d_grasp_6d/scripts/orbbec_gemini_335) by extension 'colcon_pkg'
[3.604s] Level 1:colcon.colcon_core.package_identification:_identify(src/alicia_d_grasp_6d/scripts/orbbec_gemini_335) by extensions ['colcon_meta']
[3.604s] Level 1:colcon.colcon_core.package_identification:_identify(src/alicia_d_grasp_6d/scripts/orbbec_gemini_335) by extension 'colcon_meta'
[3.604s] Level 1:colcon.colcon_core.package_identification:_identify(src/alicia_d_grasp_6d/scripts/orbbec_gemini_335) by extensions ['ros']
[3.604s] Level 1:colcon.colcon_core.package_identification:_identify(src/alicia_d_grasp_6d/scripts/orbbec_gemini_335) by extension 'ros'
[3.604s] Level 1:colcon.colcon_core.package_identification:_identify(src/alicia_d_grasp_6d/scripts/orbbec_gemini_335) by extensions ['cmake', 'python']
[3.604s] Level 1:colcon.colcon_core.package_identification:_identify(src/alicia_d_grasp_6d/scripts/orbbec_gemini_335) by extension 'cmake'
[3.604s] Level 1:colcon.colcon_core.package_identification:_identify(src/alicia_d_grasp_6d/scripts/orbbec_gemini_335) by extension 'python'
[3.605s] Level 1:colcon.colcon_core.package_identification:_identify(src/alicia_d_grasp_6d/scripts/orbbec_gemini_335) by extensions ['python_setup_py']
[3.605s] Level 1:colcon.colcon_core.package_identification:_identify(src/alicia_d_grasp_6d/scripts/orbbec_gemini_335) by extension 'python_setup_py'
[3.605s] Level 1:colcon.colcon_core.package_identification:_identify(src/alicia_d_grasp_6d/scripts/orbbec_gemini_335/utils) by extensions ['ignore', 'ignore_ament_install']
[3.605s] Level 1:colcon.colcon_core.package_identification:_identify(src/alicia_d_grasp_6d/scripts/orbbec_gemini_335/utils) by extension 'ignore'
[3.605s] Level 1:colcon.colcon_core.package_identification:_identify(src/alicia_d_grasp_6d/scripts/orbbec_gemini_335/utils) by extension 'ignore_ament_install'
[3.605s] Level 1:colcon.colcon_core.package_identification:_identify(src/alicia_d_grasp_6d/scripts/orbbec_gemini_335/utils) by extensions ['colcon_pkg']
[3.606s] Level 1:colcon.colcon_core.package_identification:_identify(src/alicia_d_grasp_6d/scripts/orbbec_gemini_335/utils) by extension 'colcon_pkg'
[3.606s] Level 1:colcon.colcon_core.package_identification:_identify(src/alicia_d_grasp_6d/scripts/orbbec_gemini_335/utils) by extensions ['colcon_meta']
[3.606s] Level 1:colcon.colcon_core.package_identification:_identify(src/alicia_d_grasp_6d/scripts/orbbec_gemini_335/utils) by extension 'colcon_meta'
[3.606s] Level 1:colcon.colcon_core.package_identification:_identify(src/alicia_d_grasp_6d/scripts/orbbec_gemini_335/utils) by extensions ['ros']
[3.606s] Level 1:colcon.colcon_core.package_identification:_identify(src/alicia_d_grasp_6d/scripts/orbbec_gemini_335/utils) by extension 'ros'
[3.606s] Level 1:colcon.colcon_core.package_identification:_identify(src/alicia_d_grasp_6d/scripts/orbbec_gemini_335/utils) by extensions ['cmake', 'python']
[3.606s] Level 1:colcon.colcon_core.package_identification:_identify(src/alicia_d_grasp_6d/scripts/orbbec_gemini_335/utils) by extension 'cmake'
[3.606s] Level 1:colcon.colcon_core.package_identification:_identify(src/alicia_d_grasp_6d/scripts/orbbec_gemini_335/utils) by extension 'python'
[3.606s] Level 1:colcon.colcon_core.package_identification:_identify(src/alicia_d_grasp_6d/scripts/orbbec_gemini_335/utils) by extensions ['python_setup_py']
[3.606s] Level 1:colcon.colcon_core.package_identification:_identify(src/alicia_d_grasp_6d/scripts/orbbec_gemini_335/utils) by extension 'python_setup_py'
[3.607s] Level 1:colcon.colcon_core.package_identification:_identify(src/alicia_d_moveit) by extensions ['ignore', 'ignore_ament_install']
[3.607s] Level 1:colcon.colcon_core.package_identification:_identify(src/alicia_d_moveit) by extension 'ignore'
[3.607s] Level 1:colcon.colcon_core.package_identification:_identify(src/alicia_d_moveit) by extension 'ignore_ament_install'
[3.607s] Level 1:colcon.colcon_core.package_identification:_identify(src/alicia_d_moveit) by extensions ['colcon_pkg']
[3.607s] Level 1:colcon.colcon_core.package_identification:_identify(src/alicia_d_moveit) by extension 'colcon_pkg'
[3.608s] Level 1:colcon.colcon_core.package_identification:_identify(src/alicia_d_moveit) by extensions ['colcon_meta']
[3.608s] Level 1:colcon.colcon_core.package_identification:_identify(src/alicia_d_moveit) by extension 'colcon_meta'
[3.608s] Level 1:colcon.colcon_core.package_identification:_identify(src/alicia_d_moveit) by extensions ['ros']
[3.608s] Level 1:colcon.colcon_core.package_identification:_identify(src/alicia_d_moveit) by extension 'ros'
[3.610s] DEBUG:colcon.colcon_core.package_identification:Package 'src/alicia_d_moveit' with type 'ros.ament_cmake' and name 'alicia_d_moveit'
[3.611s] Level 1:colcon.colcon_core.package_identification:_identify(src/alicia_d_pick_coordinator) by extensions ['ignore', 'ignore_ament_install']
[3.611s] Level 1:colcon.colcon_core.package_identification:_identify(src/alicia_d_pick_coordinator) by extension 'ignore'
[3.611s] Level 1:colcon.colcon_core.package_identification:_identify(src/alicia_d_pick_coordinator) by extension 'ignore_ament_install'
[3.612s] Level 1:colcon.colcon_core.package_identification:_identify(src/alicia_d_pick_coordinator) by extensions ['colcon_pkg']
[3.612s] Level 1:colcon.colcon_core.package_identification:_identify(src/alicia_d_pick_coordinator) by extension 'colcon_pkg'
[3.612s] Level 1:colcon.colcon_core.package_identification:_identify(src/alicia_d_pick_coordinator) by extensions ['colcon_meta']
[3.612s] Level 1:colcon.colcon_core.package_identification:_identify(src/alicia_d_pick_coordinator) by extension 'colcon_meta'
[3.612s] Level 1:colcon.colcon_core.package_identification:_identify(src/alicia_d_pick_coordinator) by extensions ['ros']
[3.612s] Level 1:colcon.colcon_core.package_identification:_identify(src/alicia_d_pick_coordinator) by extension 'ros'
[3.613s] DEBUG:colcon.colcon_core.package_identification:Package 'src/alicia_d_pick_coordinator' with type 'ros.ament_cmake' and name 'alicia_d_pick_coordinator'
[3.614s] Level 1:colcon.colcon_core.package_identification:_identify(src/alicia_d_sts_gripper) by extensions ['ignore', 'ignore_ament_install']
[3.614s] Level 1:colcon.colcon_core.package_identification:_identify(src/alicia_d_sts_gripper) by extension 'ignore'
[3.614s] Level 1:colcon.colcon_core.package_identification:_identify(src/alicia_d_sts_gripper) by extension 'ignore_ament_install'
[3.614s] Level 1:colcon.colcon_core.package_identification:_identify(src/alicia_d_sts_gripper) by extensions ['colcon_pkg']
[3.614s] Level 1:colcon.colcon_core.package_identification:_identify(src/alicia_d_sts_gripper) by extension 'colcon_pkg'
[3.614s] Level 1:colcon.colcon_core.package_identification:_identify(src/alicia_d_sts_gripper) by extensions ['colcon_meta']
[3.614s] Level 1:colcon.colcon_core.package_identification:_identify(src/alicia_d_sts_gripper) by extension 'colcon_meta'
[3.615s] Level 1:colcon.colcon_core.package_identification:_identify(src/alicia_d_sts_gripper) by extensions ['ros']
[3.615s] Level 1:colcon.colcon_core.package_identification:_identify(src/alicia_d_sts_gripper) by extension 'ros'
[3.616s] DEBUG:colcon.colcon_core.package_identification:Package 'src/alicia_d_sts_gripper' with type 'ros.ament_cmake' and name 'alicia_d_sts_gripper'
[3.616s] Level 1:colcon.colcon_core.package_identification:_identify(src/alicia_d_thinkgrasp_bridge) by extensions ['ignore', 'ignore_ament_install']
[3.617s] Level 1:colcon.colcon_core.package_identification:_identify(src/alicia_d_thinkgrasp_bridge) by extension 'ignore'
[3.617s] Level 1:colcon.colcon_core.package_identification:_identify(src/alicia_d_thinkgrasp_bridge) by extension 'ignore_ament_install'
[3.617s] Level 1:colcon.colcon_core.package_identification:_identify(src/alicia_d_thinkgrasp_bridge) by extensions ['colcon_pkg']
[3.617s] Level 1:colcon.colcon_core.package_identification:_identify(src/alicia_d_thinkgrasp_bridge) by extension 'colcon_pkg'
[3.618s] Level 1:colcon.colcon_core.package_identification:_identify(src/alicia_d_thinkgrasp_bridge) by extensions ['colcon_meta']
[3.618s] Level 1:colcon.colcon_core.package_identification:_identify(src/alicia_d_thinkgrasp_bridge) by extension 'colcon_meta'
[3.618s] Level 1:colcon.colcon_core.package_identification:_identify(src/alicia_d_thinkgrasp_bridge) by extensions ['ros']
[3.618s] Level 1:colcon.colcon_core.package_identification:_identify(src/alicia_d_thinkgrasp_bridge) by extension 'ros'
[3.620s] DEBUG:colcon.colcon_core.package_identification:Package 'src/alicia_d_thinkgrasp_bridge' with type 'ros.ament_cmake' and name 'alicia_d_thinkgrasp_bridge'
[3.620s] Level 1:colcon.colcon_core.package_identification:_identify(src/docs) by extensions ['ignore', 'ignore_ament_install']
[3.620s] Level 1:colcon.colcon_core.package_identification:_identify(src/docs) by extension 'ignore'
[3.620s] Level 1:colcon.colcon_core.package_identification:_identify(src/docs) by extension 'ignore_ament_install'
[3.620s] Level 1:colcon.colcon_core.package_identification:_identify(src/docs) by extensions ['colcon_pkg']
[3.621s] Level 1:colcon.colcon_core.package_identification:_identify(src/docs) by extension 'colcon_pkg'
[3.621s] Level 1:colcon.colcon_core.package_identification:_identify(src/docs) by extensions ['colcon_meta']
[3.621s] Level 1:colcon.colcon_core.package_identification:_identify(src/docs) by extension 'colcon_meta'
[3.621s] Level 1:colcon.colcon_core.package_identification:_identify(src/docs) by extensions ['ros']
[3.621s] Level 1:colcon.colcon_core.package_identification:_identify(src/docs) by extension 'ros'
[3.621s] Level 1:colcon.colcon_core.package_identification:_identify(src/docs) by extensions ['cmake', 'python']
[3.622s] Level 1:colcon.colcon_core.package_identification:_identify(src/docs) by extension 'cmake'
[3.622s] Level 1:colcon.colcon_core.package_identification:_identify(src/docs) by extension 'python'
[3.622s] Level 1:colcon.colcon_core.package_identification:_identify(src/docs) by extensions ['python_setup_py']
[3.622s] Level 1:colcon.colcon_core.package_identification:_identify(src/docs) by extension 'python_setup_py'
[3.622s] Level 1:colcon.colcon_core.package_identification:_identify(src/examples) by extensions ['ignore', 'ignore_ament_install']
[3.622s] Level 1:colcon.colcon_core.package_identification:_identify(src/examples) by extension 'ignore'
[3.622s] Level 1:colcon.colcon_core.package_identification:_identify(src/examples) by extension 'ignore_ament_install'
[3.622s] Level 1:colcon.colcon_core.package_identification:_identify(src/examples) by extensions ['colcon_pkg']
[3.623s] Level 1:colcon.colcon_core.package_identification:_identify(src/examples) by extension 'colcon_pkg'
[3.623s] Level 1:colcon.colcon_core.package_identification:_identify(src/examples) by extensions ['colcon_meta']
[3.623s] Level 1:colcon.colcon_core.package_identification:_identify(src/examples) by extension 'colcon_meta'
[3.623s] Level 1:colcon.colcon_core.package_identification:_identify(src/examples) by extensions ['ros']
[3.623s] Level 1:colcon.colcon_core.package_identification:_identify(src/examples) by extension 'ros'
[3.623s] Level 1:colcon.colcon_core.package_identification:_identify(src/examples) by extensions ['cmake', 'python']
[3.623s] Level 1:colcon.colcon_core.package_identification:_identify(src/examples) by extension 'cmake'
[3.623s] Level 1:colcon.colcon_core.package_identification:_identify(src/examples) by extension 'python'
[3.623s] Level 1:colcon.colcon_core.package_identification:_identify(src/examples) by extensions ['python_setup_py']
[3.623s] Level 1:colcon.colcon_core.package_identification:_identify(src/examples) by extension 'python_setup_py'
[3.624s] Level 1:colcon.colcon_core.package_identification:_identify(src/imgs) by extensions ['ignore', 'ignore_ament_install']
[3.624s] Level 1:colcon.colcon_core.package_identification:_identify(src/imgs) by extension 'ignore'
[3.624s] Level 1:colcon.colcon_core.package_identification:_identify(src/imgs) by extension 'ignore_ament_install'
[3.624s] Level 1:colcon.colcon_core.package_identification:_identify(src/imgs) by extensions ['colcon_pkg']
[3.624s] Level 1:colcon.colcon_core.package_identification:_identify(src/imgs) by extension 'colcon_pkg'
[3.624s] Level 1:colcon.colcon_core.package_identification:_identify(src/imgs) by extensions ['colcon_meta']
[3.625s] Level 1:colcon.colcon_core.package_identification:_identify(src/imgs) by extension 'colcon_meta'
[3.625s] Level 1:colcon.colcon_core.package_identification:_identify(src/imgs) by extensions ['ros']
[3.625s] Level 1:colcon.colcon_core.package_identification:_identify(src/imgs) by extension 'ros'
[3.625s] Level 1:colcon.colcon_core.package_identification:_identify(src/imgs) by extensions ['cmake', 'python']
[3.625s] Level 1:colcon.colcon_core.package_identification:_identify(src/imgs) by extension 'cmake'
[3.625s] Level 1:colcon.colcon_core.package_identification:_identify(src/imgs) by extension 'python'
[3.625s] Level 1:colcon.colcon_core.package_identification:_identify(src/imgs) by extensions ['python_setup_py']
[3.625s] Level 1:colcon.colcon_core.package_identification:_identify(src/imgs) by extension 'python_setup_py'
[3.626s] Level 1:colcon.colcon_core.package_identification:_identify(tools) by extensions ['ignore', 'ignore_ament_install']
[3.626s] Level 1:colcon.colcon_core.package_identification:_identify(tools) by extension 'ignore'
[3.626s] Level 1:colcon.colcon_core.package_identification:_identify(tools) by extension 'ignore_ament_install'
[3.626s] Level 1:colcon.colcon_core.package_identification:_identify(tools) by extensions ['colcon_pkg']
[3.626s] Level 1:colcon.colcon_core.package_identification:_identify(tools) by extension 'colcon_pkg'
[3.626s] Level 1:colcon.colcon_core.package_identification:_identify(tools) by extensions ['colcon_meta']
[3.626s] Level 1:colcon.colcon_core.package_identification:_identify(tools) by extension 'colcon_meta'
[3.626s] Level 1:colcon.colcon_core.package_identification:_identify(tools) by extensions ['ros']
[3.626s] Level 1:colcon.colcon_core.package_identification:_identify(tools) by extension 'ros'
[3.627s] Level 1:colcon.colcon_core.package_identification:_identify(tools) by extensions ['cmake', 'python']
[3.627s] Level 1:colcon.colcon_core.package_identification:_identify(tools) by extension 'cmake'
[3.627s] Level 1:colcon.colcon_core.package_identification:_identify(tools) by extension 'python'
[3.627s] Level 1:colcon.colcon_core.package_identification:_identify(tools) by extensions ['python_setup_py']
[3.627s] Level 1:colcon.colcon_core.package_identification:_identify(tools) by extension 'python_setup_py'
[3.627s] Level 1:colcon.colcon_core.package_identification:_identify(tools/__pycache__) by extensions ['ignore', 'ignore_ament_install']
[3.627s] Level 1:colcon.colcon_core.package_identification:_identify(tools/__pycache__) by extension 'ignore'
[3.627s] Level 1:colcon.colcon_core.package_identification:_identify(tools/__pycache__) by extension 'ignore_ament_install'
[3.628s] Level 1:colcon.colcon_core.package_identification:_identify(tools/__pycache__) by extensions ['colcon_pkg']
[3.628s] Level 1:colcon.colcon_core.package_identification:_identify(tools/__pycache__) by extension 'colcon_pkg'
[3.628s] Level 1:colcon.colcon_core.package_identification:_identify(tools/__pycache__) by extensions ['colcon_meta']
[3.628s] Level 1:colcon.colcon_core.package_identification:_identify(tools/__pycache__) by extension 'colcon_meta'
[3.628s] Level 1:colcon.colcon_core.package_identification:_identify(tools/__pycache__) by extensions ['ros']
[3.628s] Level 1:colcon.colcon_core.package_identification:_identify(tools/__pycache__) by extension 'ros'
[3.628s] Level 1:colcon.colcon_core.package_identification:_identify(tools/__pycache__) by extensions ['cmake', 'python']
[3.628s] Level 1:colcon.colcon_core.package_identification:_identify(tools/__pycache__) by extension 'cmake'
[3.628s] Level 1:colcon.colcon_core.package_identification:_identify(tools/__pycache__) by extension 'python'
[3.628s] Level 1:colcon.colcon_core.package_identification:_identify(tools/__pycache__) by extensions ['python_setup_py']
[3.629s] Level 1:colcon.colcon_core.package_identification:_identify(tools/__pycache__) by extension 'python_setup_py'
[3.629s] Level 1:colcon.colcon_core.package_discovery:discover_packages(recursive) using defaults
[3.629s] Level 1:colcon.colcon_core.package_discovery:discover_packages(ignore) discover
[3.629s] Level 1:colcon.colcon_core.package_discovery:discover_packages(ignore) using defaults
[3.629s] Level 1:colcon.colcon_core.package_discovery:discover_packages(path) discover
[3.629s] Level 1:colcon.colcon_core.package_discovery:discover_packages(path) using defaults
[3.707s] INFO:colcon.colcon_core.package_selection:Skipping not selected package 'alicia_d_calibration' in 'src/alicia_d_calibration'
[3.707s] INFO:colcon.colcon_core.package_selection:Skipping not selected package 'alicia_d_control_interfaces' in 'src/alicia_d_control_interfaces'
[3.707s] INFO:colcon.colcon_core.package_selection:Skipping not selected package 'alicia_d_cube_sort' in 'src/alicia_d_cube_sort'
[3.707s] INFO:colcon.colcon_core.package_selection:Skipping not selected package 'alicia_d_descriptions' in 'src/alicia_d_descriptions'
[3.707s] INFO:colcon.colcon_core.package_selection:Skipping not selected package 'alicia_d_driver' in 'src/alicia_d_driver'
[3.707s] INFO:colcon.colcon_core.package_selection:Skipping not selected package 'alicia_d_arm_motion' in 'src/alicia_d_arm_motion'
[3.707s] INFO:colcon.colcon_core.package_selection:Skipping not selected package 'alicia_d_moveit' in 'src/alicia_d_moveit'
[3.707s] INFO:colcon.colcon_core.package_selection:Skipping not selected package 'alicia_d_sts_gripper' in 'src/alicia_d_sts_gripper'
[3.707s] INFO:colcon.colcon_core.package_selection:Skipping not selected package 'alicia_d_thinkgrasp_bridge' in 'src/alicia_d_thinkgrasp_bridge'
[3.709s] Level 1:colcon.colcon_core.package_discovery:discover_packages(prefix_path) check parameters
[3.709s] Level 1:colcon.colcon_core.package_discovery:discover_packages(prefix_path) discover
[3.717s] DEBUG:colcon.colcon_installed_package_information.package_discovery:Found 383 installed packages in /opt/ros/humble
[3.722s] Level 1:colcon.colcon_core.package_discovery:discover_packages(prefix_path) using defaults
[3.825s] Level 5:colcon.colcon_core.verb:set package 'alicia_d_pick_coordinator' build argument 'cmake_args' from command line to 'None'
[3.825s] Level 5:colcon.colcon_core.verb:set package 'alicia_d_pick_coordinator' build argument 'cmake_target' from command line to 'None'
[3.825s] Level 5:colcon.colcon_core.verb:set package 'alicia_d_pick_coordinator' build argument 'cmake_target_skip_unavailable' from command line to 'False'
[3.825s] Level 5:colcon.colcon_core.verb:set package 'alicia_d_pick_coordinator' build argument 'cmake_clean_cache' from command line to 'False'
[3.825s] Level 5:colcon.colcon_core.verb:set package 'alicia_d_pick_coordinator' build argument 'cmake_clean_first' from command line to 'False'
[3.826s] Level 5:colcon.colcon_core.verb:set package 'alicia_d_pick_coordinator' build argument 'cmake_force_configure' from command line to 'False'
[3.826s] Level 5:colcon.colcon_core.verb:set package 'alicia_d_pick_coordinator' build argument 'ament_cmake_args' from command line to 'None'
[3.826s] Level 5:colcon.colcon_core.verb:set package 'alicia_d_pick_coordinator' build argument 'catkin_cmake_args' from command line to 'None'
[3.826s] Level 5:colcon.colcon_core.verb:set package 'alicia_d_pick_coordinator' build argument 'catkin_skip_building_tests' from command line to 'False'
[3.826s] DEBUG:colcon.colcon_core.verb:Building package 'alicia_d_pick_coordinator' with the following arguments: {'ament_cmake_args': None, 'build_base': '/home/Projects/HET/alicia_ws/build/alicia_d_pick_coordinator', 'catkin_cmake_args': None, 'catkin_skip_building_tests': False, 'cmake_args': None, 'cmake_clean_cache': False, 'cmake_clean_first': False, 'cmake_force_configure': False, 'cmake_target': None, 'cmake_target_skip_unavailable': False, 'install_base': '/home/Projects/HET/alicia_ws/install/alicia_d_pick_coordinator', 'merge_install': False, 'path': '/home/Projects/HET/alicia_ws/src/alicia_d_pick_coordinator', 'symlink_install': False, 'test_result_base': None}
[3.826s] INFO:colcon.colcon_core.executor:Executing jobs using 'parallel' executor
[3.828s] DEBUG:colcon.colcon_parallel_executor.executor.parallel:run_until_complete
[3.828s] INFO:colcon.colcon_ros.task.ament_cmake.build:Building ROS package in '/home/Projects/HET/alicia_ws/src/alicia_d_pick_coordinator' with build type 'ament_cmake'
[3.829s] INFO:colcon.colcon_cmake.task.cmake.build:Building CMake package in '/home/Projects/HET/alicia_ws/src/alicia_d_pick_coordinator'
[3.835s] INFO:colcon.colcon_core.plugin_system:Skipping extension 'colcon_core.shell.bat': Not used on non-Windows systems
[3.836s] INFO:colcon.colcon_core.shell:Skip shell extension 'powershell' for command environment: Not usable outside of PowerShell
[3.836s] DEBUG:colcon.colcon_core.shell:Skip shell extension 'dsv' for command environment
[7.009s] DEBUG:colcon.colcon_core.event_handler.log_command:Invoking command in '/home/Projects/HET/alicia_ws/build/alicia_d_pick_coordinator': AMENT_PREFIX_PATH=/home/Projects/HET/alicia_ws/install/alicia_d_control_interfaces:${AMENT_PREFIX_PATH} CMAKE_PREFIX_PATH=/home/Projects/HET/alicia_ws/install/alicia_d_control_interfaces:/opt/ros/humble LD_LIBRARY_PATH=/home/Projects/HET/alicia_ws/install/alicia_d_control_interfaces/lib:${LD_LIBRARY_PATH} PYTHONPATH=/home/Projects/HET/alicia_ws/install/alicia_d_control_interfaces/local/lib/python3.10/dist-packages:${PYTHONPATH} /usr/bin/cmake --build /home/Projects/HET/alicia_ws/build/alicia_d_pick_coordinator -- -j20 -l20
[7.786s] DEBUG:colcon.colcon_core.event_handler.log_command:Invoked command in '/home/Projects/HET/alicia_ws/build/alicia_d_pick_coordinator' returned '0': AMENT_PREFIX_PATH=/home/Projects/HET/alicia_ws/install/alicia_d_control_interfaces:${AMENT_PREFIX_PATH} CMAKE_PREFIX_PATH=/home/Projects/HET/alicia_ws/install/alicia_d_control_interfaces:/opt/ros/humble LD_LIBRARY_PATH=/home/Projects/HET/alicia_ws/install/alicia_d_control_interfaces/lib:${LD_LIBRARY_PATH} PYTHONPATH=/home/Projects/HET/alicia_ws/install/alicia_d_control_interfaces/local/lib/python3.10/dist-packages:${PYTHONPATH} /usr/bin/cmake --build /home/Projects/HET/alicia_ws/build/alicia_d_pick_coordinator -- -j20 -l20
[7.811s] DEBUG:colcon.colcon_core.event_handler.log_command:Invoking command in '/home/Projects/HET/alicia_ws/build/alicia_d_pick_coordinator': AMENT_PREFIX_PATH=/home/Projects/HET/alicia_ws/install/alicia_d_control_interfaces:${AMENT_PREFIX_PATH} CMAKE_PREFIX_PATH=/home/Projects/HET/alicia_ws/install/alicia_d_control_interfaces:/opt/ros/humble LD_LIBRARY_PATH=/home/Projects/HET/alicia_ws/install/alicia_d_control_interfaces/lib:${LD_LIBRARY_PATH} PYTHONPATH=/home/Projects/HET/alicia_ws/install/alicia_d_control_interfaces/local/lib/python3.10/dist-packages:${PYTHONPATH} /usr/bin/cmake --install /home/Projects/HET/alicia_ws/build/alicia_d_pick_coordinator
[7.937s] Level 1:colcon.colcon_core.environment:create_environment_scripts_only(alicia_d_pick_coordinator)
[7.943s] DEBUG:colcon.colcon_core.event_handler.log_command:Invoked command in '/home/Projects/HET/alicia_ws/build/alicia_d_pick_coordinator' returned '0': AMENT_PREFIX_PATH=/home/Projects/HET/alicia_ws/install/alicia_d_control_interfaces:${AMENT_PREFIX_PATH} CMAKE_PREFIX_PATH=/home/Projects/HET/alicia_ws/install/alicia_d_control_interfaces:/opt/ros/humble LD_LIBRARY_PATH=/home/Projects/HET/alicia_ws/install/alicia_d_control_interfaces/lib:${LD_LIBRARY_PATH} PYTHONPATH=/home/Projects/HET/alicia_ws/install/alicia_d_control_interfaces/local/lib/python3.10/dist-packages:${PYTHONPATH} /usr/bin/cmake --install /home/Projects/HET/alicia_ws/build/alicia_d_pick_coordinator
[7.947s] Level 1:colcon.colcon_core.environment:checking '/home/Projects/HET/alicia_ws/install/alicia_d_pick_coordinator' for CMake module files
[7.948s] Level 1:colcon.colcon_core.environment:checking '/home/Projects/HET/alicia_ws/install/alicia_d_pick_coordinator' for CMake config files
[7.949s] Level 1:colcon.colcon_core.shell:create_environment_hook('alicia_d_pick_coordinator', 'cmake_prefix_path')
[7.950s] INFO:colcon.colcon_core.shell:Creating environment hook '/home/Projects/HET/alicia_ws/install/alicia_d_pick_coordinator/share/alicia_d_pick_coordinator/hook/cmake_prefix_path.ps1'
[7.953s] INFO:colcon.colcon_core.shell:Creating environment descriptor '/home/Projects/HET/alicia_ws/install/alicia_d_pick_coordinator/share/alicia_d_pick_coordinator/hook/cmake_prefix_path.dsv'
[7.955s] INFO:colcon.colcon_core.shell:Creating environment hook '/home/Projects/HET/alicia_ws/install/alicia_d_pick_coordinator/share/alicia_d_pick_coordinator/hook/cmake_prefix_path.sh'
[7.958s] Level 1:colcon.colcon_core.environment:checking '/home/Projects/HET/alicia_ws/install/alicia_d_pick_coordinator/lib'
[7.959s] Level 1:colcon.colcon_core.environment:checking '/home/Projects/HET/alicia_ws/install/alicia_d_pick_coordinator/bin'
[7.959s] Level 1:colcon.colcon_core.environment:checking '/home/Projects/HET/alicia_ws/install/alicia_d_pick_coordinator/lib/pkgconfig/alicia_d_pick_coordinator.pc'
[7.960s] Level 1:colcon.colcon_core.environment:checking '/home/Projects/HET/alicia_ws/install/alicia_d_pick_coordinator/lib/python3.10/site-packages'
[7.961s] Level 1:colcon.colcon_core.environment:checking '/home/Projects/HET/alicia_ws/install/alicia_d_pick_coordinator/bin'
[7.963s] INFO:colcon.colcon_core.shell:Creating package script '/home/Projects/HET/alicia_ws/install/alicia_d_pick_coordinator/share/alicia_d_pick_coordinator/package.ps1'
[7.967s] INFO:colcon.colcon_core.shell:Creating package descriptor '/home/Projects/HET/alicia_ws/install/alicia_d_pick_coordinator/share/alicia_d_pick_coordinator/package.dsv'
[7.969s] INFO:colcon.colcon_core.shell:Creating package script '/home/Projects/HET/alicia_ws/install/alicia_d_pick_coordinator/share/alicia_d_pick_coordinator/package.sh'
[7.973s] INFO:colcon.colcon_core.shell:Creating package script '/home/Projects/HET/alicia_ws/install/alicia_d_pick_coordinator/share/alicia_d_pick_coordinator/package.bash'
[7.976s] INFO:colcon.colcon_core.shell:Creating package script '/home/Projects/HET/alicia_ws/install/alicia_d_pick_coordinator/share/alicia_d_pick_coordinator/package.zsh'
[7.979s] Level 1:colcon.colcon_core.environment:create_file_with_runtime_dependencies(/home/Projects/HET/alicia_ws/install/alicia_d_pick_coordinator/share/colcon-core/packages/alicia_d_pick_coordinator)
[7.981s] Level 1:colcon.colcon_core.environment:create_environment_scripts_only(alicia_d_pick_coordinator)
[7.982s] Level 1:colcon.colcon_core.environment:checking '/home/Projects/HET/alicia_ws/install/alicia_d_pick_coordinator' for CMake module files
[7.983s] Level 1:colcon.colcon_core.environment:checking '/home/Projects/HET/alicia_ws/install/alicia_d_pick_coordinator' for CMake config files
[7.983s] Level 1:colcon.colcon_core.shell:create_environment_hook('alicia_d_pick_coordinator', 'cmake_prefix_path')
[7.984s] INFO:colcon.colcon_core.shell:Creating environment hook '/home/Projects/HET/alicia_ws/install/alicia_d_pick_coordinator/share/alicia_d_pick_coordinator/hook/cmake_prefix_path.ps1'
[7.985s] INFO:colcon.colcon_core.shell:Creating environment descriptor '/home/Projects/HET/alicia_ws/install/alicia_d_pick_coordinator/share/alicia_d_pick_coordinator/hook/cmake_prefix_path.dsv'
[7.987s] INFO:colcon.colcon_core.shell:Creating environment hook '/home/Projects/HET/alicia_ws/install/alicia_d_pick_coordinator/share/alicia_d_pick_coordinator/hook/cmake_prefix_path.sh'
[7.989s] Level 1:colcon.colcon_core.environment:checking '/home/Projects/HET/alicia_ws/install/alicia_d_pick_coordinator/lib'
[7.989s] Level 1:colcon.colcon_core.environment:checking '/home/Projects/HET/alicia_ws/install/alicia_d_pick_coordinator/bin'
[7.990s] Level 1:colcon.colcon_core.environment:checking '/home/Projects/HET/alicia_ws/install/alicia_d_pick_coordinator/lib/pkgconfig/alicia_d_pick_coordinator.pc'
[7.990s] Level 1:colcon.colcon_core.environment:checking '/home/Projects/HET/alicia_ws/install/alicia_d_pick_coordinator/lib/python3.10/site-packages'
[7.991s] Level 1:colcon.colcon_core.environment:checking '/home/Projects/HET/alicia_ws/install/alicia_d_pick_coordinator/bin'
[7.992s] INFO:colcon.colcon_core.shell:Creating package script '/home/Projects/HET/alicia_ws/install/alicia_d_pick_coordinator/share/alicia_d_pick_coordinator/package.ps1'
[7.995s] INFO:colcon.colcon_core.shell:Creating package descriptor '/home/Projects/HET/alicia_ws/install/alicia_d_pick_coordinator/share/alicia_d_pick_coordinator/package.dsv'
[7.997s] INFO:colcon.colcon_core.shell:Creating package script '/home/Projects/HET/alicia_ws/install/alicia_d_pick_coordinator/share/alicia_d_pick_coordinator/package.sh'
[7.999s] INFO:colcon.colcon_core.shell:Creating package script '/home/Projects/HET/alicia_ws/install/alicia_d_pick_coordinator/share/alicia_d_pick_coordinator/package.bash'
[8.001s] INFO:colcon.colcon_core.shell:Creating package script '/home/Projects/HET/alicia_ws/install/alicia_d_pick_coordinator/share/alicia_d_pick_coordinator/package.zsh'
[8.003s] Level 1:colcon.colcon_core.environment:create_file_with_runtime_dependencies(/home/Projects/HET/alicia_ws/install/alicia_d_pick_coordinator/share/colcon-core/packages/alicia_d_pick_coordinator)
[8.006s] DEBUG:colcon.colcon_parallel_executor.executor.parallel:closing loop
[8.007s] DEBUG:colcon.colcon_parallel_executor.executor.parallel:loop closed
[8.007s] DEBUG:colcon.colcon_parallel_executor.executor.parallel:run_until_complete finished with '0'
[8.008s] DEBUG:colcon.colcon_core.event_reactor:joining thread
[9.431s] INFO:colcon.colcon_core.plugin_system:Skipping extension 'colcon_notification.desktop_notification.notify_send': Could not find 'notify-send'
[9.432s] INFO:colcon.colcon_core.plugin_system:Skipping extension 'colcon_notification.desktop_notification.terminal_notifier': Not used on non-Darwin systems
[9.432s] INFO:colcon.colcon_core.plugin_system:Skipping extension 'colcon_notification.desktop_notification.win32': Not used on non-Windows systems
[9.432s] INFO:colcon.colcon_notification.desktop_notification:Sending desktop notification using 'notify2'
[9.433s] DEBUG:colcon.colcon_notification.desktop_notification.notify2:Failed to initialize notify2: org.freedesktop.DBus.Error.AccessDenied: Failed to connect to socket /run/user/0/bus: Operation not permitted
[9.434s] DEBUG:colcon.colcon_core.event_reactor:joined thread
[9.434s] INFO:colcon.colcon_core.shell:Creating prefix script '/home/Projects/HET/alicia_ws/install/local_setup.ps1'
[9.438s] INFO:colcon.colcon_core.shell:Creating prefix util module '/home/Projects/HET/alicia_ws/install/_local_setup_util_ps1.py'
[9.442s] INFO:colcon.colcon_core.shell:Creating prefix chain script '/home/Projects/HET/alicia_ws/install/setup.ps1'
[9.446s] INFO:colcon.colcon_core.shell:Creating prefix script '/home/Projects/HET/alicia_ws/install/local_setup.sh'
[9.447s] INFO:colcon.colcon_core.shell:Creating prefix util module '/home/Projects/HET/alicia_ws/install/_local_setup_util_sh.py'
[9.448s] INFO:colcon.colcon_core.shell:Creating prefix chain script '/home/Projects/HET/alicia_ws/install/setup.sh'
[9.452s] INFO:colcon.colcon_core.shell:Creating prefix script '/home/Projects/HET/alicia_ws/install/local_setup.bash'
[9.453s] INFO:colcon.colcon_core.shell:Creating prefix chain script '/home/Projects/HET/alicia_ws/install/setup.bash'
[9.456s] INFO:colcon.colcon_core.shell:Creating prefix script '/home/Projects/HET/alicia_ws/install/local_setup.zsh'
[9.458s] INFO:colcon.colcon_core.shell:Creating prefix chain script '/home/Projects/HET/alicia_ws/install/setup.zsh'
